-- Déclarations

INSERT INTO PERIODES_RECUES (ID_PERIODE, TYPE_PERIODE, DATE_CREATION, NUMERO_CONTRAT, DATE_DEBUT_PERIODE, DATE_FIN_PERIODE, PREMIER_MOIS_DECL, ETAT_PERIODE, RECONSOLIDER, DATE_ECHEANCE, USER_CREATION) 
VALUES 
('00000000007', 'DEC', 20160915, '000893600625000', 20160915, 20161015, 'O', 'RCP', 'O', 20161005, '_INIT'),
('00000000006', 'DEC', 20160915, '000893600188000', 20160915, 20161015, 'O', 'RCP', 'O', 20161005, '_INIT'),
('00000000001', 'DEC', 20160915, '000000100001001', 20160915, 20161015, 'O', 'RCP', 'O', 20161005, '_INIT'),
('00000000002', 'DEC', 20150915, '000000100001002', 20150701, 20151231, 'O', 'RCP', 'O', 20161005, '_INIT'),
('00000000003', 'DEC', 20150915, '000000100001003', 20160615, 20161015, 'O', 'RCP', 'O', 20161005, '_INIT'),
('00000000004', 'DEC', 20150915, '000000100001004', 20160615, 20161015, 'O', 'RCP', 'O', 20161005, '_INIT'),
('00000000005', 'DEC', 20150101, '000000100001005', 20150114, 20151215, 'O', 'RCP', 'O', 20161005, '_INIT');

INSERT INTO EFFECTIF_CATEGORIE_MVT (ID_PERIODE, NOCAT, DATE_EFFET_MVT, NB_MOUVEMENT, USER_CREATION)
VALUES
('00000000002', '102', '20160501', 10, 'Test'),
('00000000002', '141', '20160502', 10, 'Test');



INSERT INTO `extensions_contrats` VALUES 
(null, '000901000159001',20151013,'P13A402',20151001,'Pas d''édition de consigne de paiement et contrôle base assuj par recycl.','OUI','NON','OUI','A',5,10,5,10,'BRR','C','O','REACA','user1','2015-09-09 22:00:00',NULL,NULL),
(null, '000749100002000',20151013,'P13A402',20151001,'Pas d''édition de consigne de paiement et contrôle base assuj par recycl.','OUI','NON','OUI',NULL,5,10,5,10,'BRR','C','O','REACA','user1','2015-09-09 22:00:00',NULL,NULL),
(null,'000893600188000',20150928,'P13A402',20150201,'Pas d''édition de consigne de paiement et contrôle base assuj par recycl.','OUI','NON','OUI',NULL,5,10,5,10,'BRR','C','N','REACA','user1','2015-09-09 22:00:00',NULL,NULL),
(null,'000893600625000',20150928,'P13A402',20150701,'Pas d''édition de consigne de paiement.','OUI','NON','OUI','C',5,10,5,10,'BRB','C','N','REACA','user1','2015-09-09 22:00:00',NULL,NULL),
(null,'000893600625001',20150928,'P13A402',20150701,'Pas d''édition de consigne de paiement.','OUI','NON','OUI',NULL,5,10,5,10,'BRB','C','N','REACA','user1','2015-09-09 22:00:00',NULL,NULL),
(null,'000000100001005',20150928,'P13A402',20150701,'Pas d''édition de consigne de paiement.','OUI','NON','OUI','C',5,10,5,10,'BRB','C','N','REACA','user1','2015-09-09 22:00:00',NULL,NULL),
(null,'000000100001006',20150928,'P13A402',20150701,'Pas d''édition de consigne de paiement.','OUI','NON','OUI',NULL,5,10,5,10,'BRB','C','N','REACA','user1','2015-09-09 22:00:00',NULL,NULL),
(null,'000000100001007',20150928,'P13A402',20150701,'Pas d''édition de consigne de paiement.','OUI','NON','OUI',NULL,5,10,5,10,'BRB','C','N','REACA','user1','2015-09-09 22:00:00',NULL,NULL),
(null,'000000100001008',20150928,'P13A402',20150701,'Pas d''édition de consigne de paiement.','OUI','NON','OUI','A',5,10,5,10,'BRB','C','N','REACA','user1','2015-09-09 22:00:00',NULL,NULL),
(null,'000000100001009',20150928,'P13A402',20150701,'Pas d''édition de consigne de paiement.','OUI','NON','OUI',NULL,5,10,5,10,'BRB','C','N','REACA','user1','2015-09-09 22:00:00',NULL,NULL),
(null,'000000100001010',20150928,'P13A402',20150701,'Pas d''édition de consigne de paiement.','OUI','NON','OUI',NULL,5,10,5,10,'BRB','C','N','REACA','user1','2015-09-09 22:00:00',NULL,NULL),
(null,'000000100001011',20150928,'P13A402',20150701,'Pas d''édition de consigne de paiement.','OUI','NON','OUI',NULL,5,10,5,10,'BRB','C','N','REACA','user1','2015-09-09 22:00:00',NULL,NULL),
(null,'000000100001012',20150928,'P13A402',20150701,'Pas d''édition de consigne de paiement.','OUI','NON','OUI',NULL,5,10,5,10,'BRB','C','N','REACA','user1','2015-09-09 22:00:00',NULL,NULL),
(null,'000000100001013',20150928,'P13A402',20150701,'Pas d''édition de consigne de paiement.','OUI','NON','OUI','C',5,10,5,10,'BRB','C','N','REACA','user1','2015-09-09 22:00:00',NULL,NULL),
(null,'000000100001014',20150928,'P13A402',20150701,'Pas d''édition de consigne de paiement.','OUI','NON','OUI',NULL,5,10,5,10,'BRB','C','N','REACA','user1','2015-09-09 22:00:00',NULL,NULL),
(null,'000000100001015',20150928,'P13A402',20150701,'Pas d''édition de consigne de paiement.','OUI','NON','OUI',NULL,5,10,5,10,'BRB','C','N','REACA','user1','2015-09-09 22:00:00',NULL,NULL),
(null,'000000100001016',20150928,'P13A402',20150701,'Pas d''édition de consigne de paiement.','OUI','NON','OUI',NULL,5,10,5,10,'BRB','C','N','REACA','user1','2015-09-09 22:00:00',NULL,NULL),
(null,'000000100001017',20150928,'P13A402',20150701,'Pas d''édition de consigne de paiement.','OUI','NON','OUI','A',5,10,5,10,'BRB','C','N','REACA','user1','2015-09-09 22:00:00',NULL,NULL),
(null,'000000100001018',20150928,'P13A402',20150701,'Pas d''édition de consigne de paiement.','OUI','NON','OUI',NULL,5,10,5,10,'BRB','C','N','REACA','user1','2015-09-09 22:00:00',NULL,NULL),
(null,'000000100001019',20150928,'P13A402',20150701,'Pas d''édition de consigne de paiement.','OUI','NON','OUI',NULL,5,10,5,10,'BRB','C','N','REACA','user1','2015-09-09 22:00:00',NULL,NULL),
(null,'000000100001020',20150928,'P13A402',20150701,'Pas d''édition de consigne de paiement.','OUI','NON','OUI',NULL,5,10,5,10,'BRB','C','N','REACA','user1','2015-09-09 22:00:00',NULL,NULL),
(null,'000000100001021',20150928,'P13A402',20150701,'Pas d''édition de consigne de paiement.','OUI','NON','OUI',NULL,5,10,5,10,'BRB','C','N','REACA','user1','2015-09-09 22:00:00',NULL,NULL),
(null,'000000100001022',20150928,'P13A402',20150701,'Pas d''édition de consigne de paiement.','OUI','NON','OUI','A',5,10,5,10,'BRB','C','N','REACA','user1','2015-09-09 22:00:00',NULL,NULL),
(null,'000000100001023',20150928,'P13A402',20150701,'Pas d''édition de consigne de paiement.','OUI','NON','OUI',NULL,5,10,5,10,'BRB','C','N','REACA','user1','2015-09-09 22:00:00',NULL,NULL),
(null,'000000100001024',20150928,'P13A402',20150701,'Pas d''édition de consigne de paiement.','OUI','NON','OUI',NULL,5,10,5,10,'BRB','C','N','REACA','user1','2015-09-09 22:00:00',NULL,NULL),
(null,'000000100001025',20150928,'P13A402',20150701,'Pas d''édition de consigne de paiement.','OUI','NON','OUI',NULL,5,10,5,10,'BRB','C','N','REACA','user1','2015-09-09 22:00:00',NULL,NULL),
(null,'000000100001026',20150928,'P13A402',20150701,'Pas d''édition de consigne de paiement.','OUI','NON','OUI',NULL,5,10,5,10,'BRB','C','N','REACA','user1','2015-09-09 22:00:00',NULL,NULL),
(null,'000000100001027',20150928,'P13A402',20150701,'Pas d''édition de consigne de paiement.','OUI','NON','OUI','A',5,10,5,10,'BRB','C','N','REACA','user1','2015-09-09 22:00:00',NULL,NULL),
(null,'000000100001028',20150928,'P13A402',20150701,'Pas d''édition de consigne de paiement.','OUI','NON','OUI',NULL,5,10,5,10,'BRB','C','N','REACA','user1','2015-09-09 22:00:00',NULL,NULL),
(null,'000000100001029',20150928,'P13A402',20150701,'Pas d''édition de consigne de paiement.','OUI','NON','OUI',NULL,5,10,5,10,'BRB','C','N','REACA','user1','2015-09-09 22:00:00',NULL,NULL),
(null,'000000100001030',20150928,'P13A402',20150701,'Pas d''édition de consigne de paiement.','OUI','NON','OUI',NULL,5,10,5,10,'BRB','C','N','REACA','user1','2015-09-09 22:00:00',NULL,NULL),
(null,'000000100001031',20150928,'P13A402',20150701,'Pas d''édition de consigne de paiement.','OUI','NON','OUI',NULL,5,10,5,10,'BRB','C','N','REACA','user1','2015-09-09 22:00:00',NULL,NULL),
(null,'000000100001032',20150928,'P13A402',20150701,'Pas d''édition de consigne de paiement.','OUI','NON','OUI',NULL,5,10,5,10,'BRB','C','N','REACA','user1','2015-09-09 22:00:00',NULL,NULL),
(null,'000000100001033',20150928,'P13A402',20150701,'Pas d''édition de consigne de paiement.','OUI','NON','OUI','A',5,10,5,10,'BRB','C','N','REACA','user1','2015-09-09 22:00:00',NULL,NULL),
(null,'000000100001034',20150928,'P13A402',20150701,'Pas d''édition de consigne de paiement.','OUI','NON','OUI',NULL,5,10,5,10,'BRB','C','N','REACA','user1','2015-09-09 22:00:00',NULL,NULL),
(null,'000000100001035',20150928,'P13A402',20150701,'Pas d''édition de consigne de paiement.','OUI','NON','OUI',NULL,5,10,5,10,'BRB','C','N','REACA','user1','2015-09-09 22:00:00',NULL,NULL),
(null,'000000100001036',20150928,'P13A402',20150701,'Pas d''édition de consigne de paiement.','OUI','NON','OUI',NULL,5,10,5,10,'BRB','C','N','REACA','user1','2015-09-09 22:00:00',NULL,NULL),
(null,'000000100001037',20150928,'P13A402',20150701,'Pas d''édition de consigne de paiement.','OUI','NON','OUI',NULL,5,10,5,10,'BRB','C','N','REACA','user1','2015-09-09 22:00:00',NULL,NULL),
(null,'000000100001038',20150928,'P13A402',20150701,'Pas d''édition de consigne de paiement.','OUI','NON','OUI','C',5,10,5,10,'BRB','C','N','REACA','user1','2015-09-09 22:00:00',NULL,NULL),
(null,'000000100001039',20150928,'P13A402',20150701,'Pas d''édition de consigne de paiement.','OUI','NON','OUI',NULL,5,10,5,10,'BRB','C','N','REACA','user1','2015-09-09 22:00:00',NULL,NULL),
(null,'000000100001040',20150928,'P13A402',20150701,'Pas d''édition de consigne de paiement.','OUI','NON','OUI',NULL,5,10,5,10,'BRB','C','N','REACA','user1','2015-09-09 22:00:00',NULL,NULL),
(null,'000000100001041',20150928,'P13A402',20150701,'Pas d''édition de consigne de paiement.','OUI','NON','OUI','A',5,10,5,10,'BRB','C','N','REACA','user1','2015-09-09 22:00:00',NULL,NULL),
(null,'000000100001042',20150928,'P13A402',20150701,'Pas d''édition de consigne de paiement.','OUI','NON','OUI',NULL,5,10,5,10,'BRB','C','N','REACA','user1','2015-09-09 22:00:00',NULL,NULL),
(null,'000000100001043',20150928,'P13A402',20150701,'Pas d''édition de consigne de paiement.','OUI','NON','OUI','C',5,10,5,10,'BRB','C','N','REACA','user1','2015-09-09 22:00:00',NULL,NULL),
(null,'000000100001044',20150928,'P13A402',20150701,'Pas d''édition de consigne de paiement.','OUI','NON','OUI',NULL,5,10,5,10,'BRB','C','N','REACA','user1','2015-09-09 22:00:00',NULL,NULL);

INSERT INTO `extensions_entreprises_affiliees` VALUES 
(null,'000000100001005','0049417hi','600hi','','2015-10-13 23:53:22',NULL,NULL),
(null,'000000100001005','0049417hi', '','','2015-10-13 23:53:22',NULL,NULL),
(null,'000000100001005','0049417hi', '<+_+>','','2015-10-13 23:53:22',NULL,NULL),
(null,'000000100001005','0049417hi', null,'','2015-10-13 23:53:22',NULL,NULL),
(null,'000000100001005','123454321','67876','','2015-10-13 23:53:22',NULL,NULL),
(null,'000749100002000','234567890','54320','','2015-10-13 23:53:22',NULL,NULL),
(null,'000749100002000','345678900','65430','','2015-10-13 23:53:22',NULL,NULL),
(null,'000749100002000','456789000','76540','','2015-10-13 23:53:22',NULL,NULL);

INSERT INTO `indicateurs_dsn_periodes` (NOCO,DEBUT_PERIODE,FIN_PERIODE,DT_DEB_RCPT_DSN,DT_MODIF_IND,GEST_MODIF_IND,MOTIF_CHGT_IND,EXPLOIT,DT_DEB_EXPLOIT,EDIT_CONS_PAIMT,DT_DEB_EDIT_CONS_PAIMT,MODE_GEST,DT_DEB_MODE_GEST,TRANSFERT,DT_DEB_TRANSFERT,VAR_ETAB_NB,VAR_ETAB_PC,VAR_SAL_NB,VAR_SAL_PC,CTL_TYPE_BASE_ASSUJ,MODE_NAT_CONT,VIP,MODE_REAFF_CAT_EFFECTIF,TMP_BATCH,USER_CREATION) VALUES 
('000749100002000',20151101,20151231,0,0,NULL,NULL,'OUI',0,'OUI',0,'N',0,'NON',0,5,10,5,10,'RED','C','N','REACA',0,'user2');

INSERT INTO `tarifs` VALUES 
('000893600625000',1,20000613,1,0,0,'102','ENS. CADRE',0,0,1,1000000,0,0,0,'01',20000101,NULL,0,'RR900','2015-10-13 22:44:40',NULL,NULL),
('000893600188000',1,20000613,1,0,0,'102','ENS. CADRE',0,0,1,1000000,0,0,0,'01',20000101,NULL,0,'RR900','2015-10-13 22:44:40',NULL,NULL),
('000000100001001',1,20000613,1,0,0,'102','ENS. CADRE',0,0,1,1000000,0,0,0,'01',20000101,NULL,0,'RR900','2015-10-13 22:44:40',NULL,NULL),
('000000100001002',1,20000613,1,0,0,'102','ENS. CADRE',0,0,1,1000000,0,0,0,'01',20000101,NULL,0,'RR900','2015-10-13 22:44:40',NULL,NULL),
('000000100001003',1,20000613,2,0,0,'102','ENS. CADRE',0,0,1,1000000,0,0,0,'01',20000101,NULL,0,'RR900','2015-10-13 22:44:40',NULL,NULL),
('000000100001004',1,20000613,2,0,0,'102','ENS. CADRE',0,0,1,1000000,0,0,0,'01',20000101,NULL,0,'RR900','2015-10-13 22:44:40',NULL,NULL),
('000000100001005',1,20000613,2,0,0,'102','ENS. CADRE',0,0,1,1000000,0,0,0,'01',20000101,NULL,0,'RR900','2015-10-13 22:44:40',NULL,NULL);


INSERT INTO CONTRATS(NMPDT,NCPROD,NOCLI,NOCO,DTEFFCO,TYSOUS,NMSOUS,COETACO,ELIGDSN,COMOQUIT,TYCO,TYEMI,COFRQUIT,TXAPPCOT,NMGRPGES,NMGRPPRO,NMGRPSIN,NMGRPCOM,NCENC,DTCREA,DTCREACO,NOFAM,DT_DEBUT_SIT,DT_DERN_MODIF,NCSIN,NORIB,COANI,CATOBJ,CDLP,DTDEBDLP,DTFINDLP,NUCLIDLP,NBEFF,DT_FIN_SIT,TMP_BATCH,USER_CREATION)
VALUES
('MALAD-I SP', 'P02116', '146586', '000000100001001', '19900101', '3', '     APM', '1', 'SRT', '3', '2', 'E', 'T', '10000.00', 'P', '7', 'P', '', 'P02116', '19961101', '19910507', '53', '20140701', '20140724', 'P02116', '', 'N', '000', 'N', '0', '0', NULL, '0', NULL, '0', 'RR100'),
('MALAD-I SP', 'P02116', '146586', '000000100001002', '19900101', '3', '     APM', '1', 'SRT', '3', '2', 'E', 'T', '10000.00', 'P', '7', 'P', '', 'P02116', '19961101', '19910507', '53', '20140701', '20140724', 'P02116', '', 'N', '000', 'N', '0', '0', NULL, '0', NULL, '0', 'RR100'),
('MALAD-I SP', 'P02116', '146586', '000000100001003', '19900101', '3', '     APM', '1', 'SRT', '3', '2', 'E', 'T', '10000.00', 'P', '7', 'P', '', 'P02116', '19961101', '19910507', '53', '20140701', '20140724', 'P02116', '', 'N', '000', 'N', '0', '0', NULL, '0', NULL, '0', 'RR100'),
('MALAD-I SP', 'P02116', '146586', '000000100001004', '19900101', '3', '     APM', '1', 'SRT', '3', '2', 'E', 'T', '10000.00', 'P', '7', 'P', '', 'P02116', '19961101', '19910507', '53', '20140701', '20140724', 'P02116', '', 'N', '000', 'N', '0', '0', NULL, '0', NULL, '0', 'RR100'),
('MALAD-I SP', 'P02116', '146586', '000000100001005', '19900101', '3', '     APM', '1', 'SRN', '3', '2', 'E', 'T', '10000.00', 'P', '7', 'P', '', 'P02116', '19961101', '19910507', '53', '20140701', '20140724', 'P02116', '', 'N', '000', 'N', '0', '0', NULL, '0', NULL, '0', 'RR100'),
('MALAD-I SP', 'P02116', '146586', '000749100002000', '19900101', '3', '     APM', '1', 'SRT', '3', '2', 'E', 'T', '10000.00', 'P', '7', 'P', '', 'P02116', '19961101', '19910507', '53', '20140701', '20140724', 'P02116', '', 'N', '000', 'N', '0', '0', NULL, '0', NULL, '0', 'RR100'),
('PREVOYANSP', '084240', '212639', '000893600188000', '19950101', '3', 'LA FLECHE', '1', 'NON', '3', '1', 'E', 'T', '10000.00', 'B', '7', 'K', '', 'R18784', '20071206', '19950127', '56', '20140301', '20140324', '084240', '', 'M', '922', 'N', '0', '0', NULL, '67', '20141231', '0', 'RR100'),
('PREVOYANSP', '084240', '212639', '000893600188000', '19950101', '3', 'LA FLECHE', '1', 'SRN', '3', '1', 'E', 'T', '10000.00', 'B', '7', 'K', '', 'R18784', '20071206', '19950127', '56', '20150101', '20141016', '084240', '', 'M', '922', 'N', '0', '0', NULL, '67', '20150831', '0', 'RR100'),
('PREVOYANSP', '084240', '212639', '000893600188000', '19950101', '3', 'LA FLECHE', '1', 'SRN', '3', '1', 'E', 'T', '10000.00', 'O', '7', 'K', '', 'R12116', '20071206', '19950127', '56', '20150901', '20150827', '084240', '', 'M', '922', 'N', '0', '0', NULL, '67', NULL, '0', 'RR100'),
('PREVOYANSP', '076420', '209699', '000893600625000', '20020701', '3', 'COOP.PORTS DE ROUEN ET DIEPPE', '1', 'NON', '3', '1', 'E', 'T', '10000.00', 'B', '7', 'K', '', 'R18776', '20130826', '20020624', '56', '20140601', '20140618', '076420', '', 'M', '920', 'N', '0', '0', NULL, '0', '20141230', '0', 'RR100'),
('PREVOYANSP', '076420', '209699', '000893600625000', '20020701', '3', 'COOP.PORTS DE ROUEN ET DIEPPE', '1', 'NON', '3', '1', 'E', 'T', '10000.00', 'B', '7', 'K', '', 'R18776', '20141231', '20020624', '56', '20141231', '20150313', '076420', '', 'M', '920', 'N', '0', '0', NULL, '0', '20141231', '0', 'RR100'),
('PREVOYANSP', '076420', '209699', '000893600625000', '20020701', '3', 'COOP.PORTS DE ROUEN ET DIEPPE', '1', 'SRN', '3', '1', 'E', 'T', '10000.00', 'B', '7', 'K', '', '118776', '20141231', '20020624', '56', '20150101', '20141016', '076420', '', 'M', '920', 'N', '0', '0', NULL, '0', NULL, '0', 'RR100'),
('PREVOYANSP', 'P01885', '222451', '000895400010000', '19950401', '3', 'GONDRAND VALENCE', '1', 'SRN', '3', '2', 'E', 'T', '10000.00', 'O', '7', 'K', '', 'R17528', '0', '19950529', '56', '20110601', '20110628', 'R17528', '', 'M', '000', 'N', '0', '0', NULL, '0', '20150831', '0', 'RR100'),
('PREVOYANSP', 'P01885', '222451', '000895400010000', '19950401', '3', 'GONDRAND VALENCE', '8', 'SRN', '3', '2', 'E', 'T', '10000.00', 'B', '7', 'K', '', 'R17528', '20150901', '19950529', '56', '20150901', '20150827', 'R17528', '', 'M', '000', 'N', '0', '0', NULL, '0', NULL, '0', 'RR100'),
('PREVOYANSP', '049020', '135817', '000896500000000', '19880701', '3', 'COM  ECHEMIRE', '1', 'SRN', '3', '2', 'A', 'A', '10000.00', 'B', '7', 'K', '', 'R18749', '19960101', '19880912', '56', '20140101', '20140102', '049020', '', 'M', '000', 'N', '0', '0', NULL, '10', '20150423', '0', 'RR100'),
('PREVOYANSP', '049020', '135817', '000896500000000', '19880701', '3', 'COM  ECHEMIRE', '1', 'SRN', '3', '2', 'A', 'A', '10000.00', 'B', '7', 'K', '', 'R18749', '20150424', '19880912', '56', '20150424', '20150324', '049020', '', 'M', '000', 'N', '0', '0', NULL, '10', NULL, '0', 'RR100'),
('PREGAFORST', '006090', '120026', '000901000159001', '19790101', '3', 'BRITISH MOTORS S.A.M.', '1', 'NON', '3', '2', 'A', 'A', '10000.00', 'B', '7', 'K', '', 'R18706', '19960101', '19790529', '56', '20140101', '20140102', '006090', '', 'N', '', 'N', '0', '0', NULL, '28', '20141231', '0', 'RR100'),
('PREGAFORST', '006090', '120026', '000901000159001', '19790101', '3', 'BRITISH MOTORS S.A.M.', '1', 'SRN', '3', '2', 'A', 'A', '10000.00', 'B', '7', 'K', '', 'R18706', '19960101', '19790529', '56', '20150101', '20141016', '006090', '', 'N', '000', 'N', '0', '0', NULL, '28', '20150831', '0', 'RR100'),
('PREGAFORST', '006090', '120026', '000901000159001', '19790101', '3', 'BRITISH MOTORS S.A.M.', '1', 'SRN', '3', '2', 'A', 'A', '10000.00', 'O', '7', 'K', '', 'R18706', '19960101', '19790529', '56', '20150901', '20150827', '006090', '', 'N', '000', 'N', '0', '0', NULL, '28', NULL, '0', 'RR100'),
('PREGAFORST', '068220', '107102', '000901000197000', '19790101', '3', 'SA   VIANDE CASH', '1', 'NON', '3', '2', 'A', 'T', '10000.00', 'E', '7', 'C', '', 'R18768', '20080619', '19790720', '56', '20140501', '20140528', '068220', '', 'M', '921', 'N', '0', '0', NULL, '6', '20150531', '0', 'RR100'),
('PREGAFORST', '068220', '107102', '000901000197000', '19790101', '3', 'SA   VIANDE CASH', '1', 'SRN', '3', '2', 'A', 'T', '10000.00', 'E', '7', 'C', '', 'R18768', '20080619', '19790720', '56', '20150601', '20150611', '068220', '', 'M', '921', 'N', '0', '0', NULL, '6', NULL, '0', 'RR100'),
('PREGAFORST', '029320', '144207', '000901000257001', '19890101', '3', 'SA GAMA 29', '1', 'NON', '3', '2', 'E', 'M', '10000.00', 'B', '7', 'K', '', 'R18729', '19930312', '19881220', '56', '20140101', '20140102', '029320', '', 'M', '', 'N', '0', '0', NULL, '0', '20141231', '0', 'RR100'),
('PREGAFORST', '029320', '144207', '000901000257001', '19890101', '3', 'SA GAMA 29', '1', 'SRN', '3', '2', 'E', 'M', '10000.00', 'B', '7', 'K', '', 'R18729', '19930312', '19881220', '56', '20150101', '20141016', '029320', '', 'M', '000', 'N', '0', '0', NULL, '0', NULL, '0', 'RR100'),
('PREGAFORDI', '085300', '151988', '000955000107000', '19860101', '3', '     COMITE LOCAL DES', '1', 'SRN', '3', '1', 'A', 'S', '10000.00', 'B', '7', 'K', '', 'R18785', '0', '19860218', '56', '20140101', '20140102', '085300', '', 'M', '000', 'N', '0', '0', NULL, '390', NULL, '0', 'RR100'),
('MDMHORIZST', '021120', '147126', '001065901501000', '20030101', '3', 'SA   TITANOBEL', '1', 'SRN', '3', '1', 'E', 'T', '10000.00', 'R', '1', 'I', '', 'R19990', '20030101', '20030811', '59', '20140101', '20140102', 'R19990', '', 'N', '000', 'N', '0', '0', NULL, '8', NULL, '0', 'RR100'),
('MDMELUS ST', 'P02745', '264162', '001080000222000', '20000101', '9', 'COMMUNE DE MIZOEN', '1', 'NON', '3', '2', 'A', 'A', '10000.00', 'E', '4', 'C', '', 'R17990', '20140613', '20000301', '56', '20140613', '20140523', 'R16131', '', 'N', '', 'N', '0', '0', NULL, '11', '20141231', '0', 'RR100'),
('MDMELUS ST', 'P02745', '264162', '001080000222000', '20000101', '9', 'COMMUNE DE MIZOEN', '1', 'SRN', '3', '2', 'A', 'A', '10000.00', 'E', '4', 'C', '', 'R17990', '20140613', '20000301', '59', '20150101', '20141016', 'R16131', '', 'N', '000', 'N', '0', '0', NULL, '11', NULL, '0', 'RR100'),
('MDMELUS ST', 'P02745', '263683', '001080000244000', '20000101', '9', 'COMMUNE D''ISSIRAC', '1', 'NON', '3', '2', 'A', 'A', '10000.00', 'E', '4', 'C', '', 'R17990', '20130905', '20000207', '56', '20140401', '20140708', 'P02745', '', 'N', '', 'N', '0', '0', NULL, '11', '20141231', '0', 'RR100'),
('MDMELUS ST', 'P02745', '263683', '001080000244000', '20000101', '9', 'COMMUNE D''ISSIRAC', '1', 'SRN', '3', '2', 'A', 'A', '10000.00', 'E', '4', 'C', '', 'R17990', '20130905', '20000207', '56', '20150101', '20141016', 'R17990', '', 'N', '000', 'N', '0', '0', NULL, '11', NULL, '0', 'RR100'),
('MDMELUS ST', 'P02745', '269153', '001080000249000', '20000901', '9', 'COMMUNE DE VILLEGENON', '1', 'NON', '3', '2', 'A', 'A', '10000.00', 'E', '4', 'C', '', 'R17990', '20140315', '20001023', '56', '20140315', '20140214', 'P02745', '', 'N', '', 'N', '0', '0', NULL, '11', '20141231', '0', 'RR100'),
('MDMELUS ST', 'P02745', '269153', '001080000249000', '20000901', '9', 'COMMUNE DE VILLEGENON', '1', 'SRN', '3', '2', 'A', 'A', '10000.00', 'E', '4', 'C', '', 'R17990', '20150101', '20001023', '56', '20150101', '20141016', 'R17990', '', 'N', '000', 'N', '0', '0', NULL, '11', '20150314', '0', 'RR100'),
('MDMELUS ST', 'P02745', '269153', '001080000249000', '20000901', '9', 'COMMUNE DE VILLEGENON', '1', 'SRN', '3', '2', 'A', 'A', '10000.00', 'E', '4', 'C', '', 'R17990', '20150315', '20001023', '56', '20150315', '20150212', 'R17990', '', 'N', '000', 'N', '0', '0', NULL, '11', NULL, '0', 'RR100'),
('MDMELUS ST', '076050', '259653', '001080000308000', '19990801', '3', 'COM DE BIERVILLE', '1', 'NON', '3', '2', 'A', 'A', '10000.00', 'B', '2', 'K', '', 'R18776', '20140111', '19990901', '56', '20140111', '20131218', '076050', '', 'N', '', 'N', '0', '0', NULL, '9', '20141231', '0', 'RR100'),
('MDMELUS ST', '076050', '259653', '001080000308000', '19990801', '3', 'COM DE BIERVILLE', '1', 'SRN', '3', '2', 'A', 'A', '10000.00', 'B', '2', 'K', '', 'R18776', '20140111', '19990901', '56', '20150101', '20141016', '076050', '', 'N', '000', 'N', '0', '0', NULL, '9', '20150117', '0', 'RR100'),
('MDMELUS ST', '076050', '259653', '001080000308000', '19990801', '3', 'COM DE BIERVILLE', '1', 'SRN', '3', '2', 'A', 'A', '10000.00', 'B', '2', 'K', '', 'R18776', '20150118', '19990901', '56', '20150118', '20141218', '076050', '', 'N', '000', 'N', '0', '0', NULL, '9', '20150120', '0', 'RR100'),
('MDMELUS ST', '076050', '259653', '001080000308000', '19990801', '3', 'COM DE BIERVILLE', '1', 'SRN', '3', '2', 'A', 'A', '10000.00', 'B', '2', 'K', '', 'R18776', '20150121', '19990901', '56', '20150121', '20141223', '076050', '', 'N', '000', 'N', '0', '0', NULL, '9', NULL, '0', 'RR100'),
('MDMELUS ST', '088240', '245893', '001080000597000', '19990801', '9', 'COMMUNE DE LUBINE', '1', 'NON', '3', '2', 'A', 'A', '10000.00', 'E', 'Q', 'C', '', 'R18788', '20140630', '19990901', '61', '20140630', '20140613', '088240', '', 'N', '', 'N', '0', '0', NULL, '3', '20141231', '0', 'RR100'),
('MDMELUS ST', '088240', '245893', '001080000597000', '19990801', '9', 'COMMUNE DE LUBINE', '1', 'SRN', '3', '2', 'A', 'A', '10000.00', 'E', 'Q', 'C', '', 'R18788', '20150101', '19990901', '61', '20150101', '20141016', '088240', '', 'N', '000', 'N', '0', '0', NULL, '3', '20150805', '0', 'RR100'),
('MDMELUS ST', '088240', '245893', '001080000597000', '19990801', '9', 'COMMUNE DE LUBINE', '1', 'SRN', '3', '2', 'A', 'A', '10000.00', 'E', 'Q', 'C', '', 'R18788', '20150806', '19990901', '61', '20150806', '20150707', '088240', '', 'N', '000', 'N', '0', '0', NULL, '3', NULL, '0', 'RR100'),
('MDMELUS ST', '088240', '237331', '001080000599000', '19991001', '9', 'COMMUNE DE CLEURIE', '1', 'NON', '3', '2', 'A', 'A', '10000.00', 'E', 'Q', 'C', '', 'R18788', '20140620', '19991104', '56', '20140620', '20140603', '088240', '', 'N', '', 'N', '0', '0', NULL, '1', '20141231', '0', 'RR100'),
('MDMELUS ST', '088240', '237331', '001080000599000', '19991001', '9', 'COMMUNE DE CLEURIE', '1', 'SRN', '3', '2', 'A', 'A', '10000.00', 'E', 'Q', 'C', '', 'R18788', '20150101', '19991104', '56', '20150101', '20141016', '088240', '', 'N', '000', 'N', '0', '0', NULL, '1', NULL, '0', 'RR100'),
('MDMELUS ST', '054200', '264326', '001080000714000', '20000201', '3', 'COM MAIXE', '1', 'NON', '3', '2', 'A', 'A', '10000.00', 'E', 'Q', 'C', '', 'R18754', '0', '20000225', '56', '20140101', '20140102', '054200', '', 'N', '', 'N', '0', '0', NULL, '9', '20141231', '0', 'RR100'),
('MDMELUS ST', '054200', '264326', '001080000714000', '20000201', '3', 'COM MAIXE', '1', 'SRN', '3', '2', 'A', 'A', '10000.00', 'E', 'Q', 'C', '', 'R18754', '0', '20000225', '56', '20150101', '20141016', '054200', '', 'N', '000', 'N', '0', '0', NULL, '9', '20150820', '0', 'RR100'),
('MDMELUS ST', '054200', '264326', '001080000714000', '20000201', '3', 'COM MAIXE', '1', 'SRN', '3', '2', 'A', 'A', '10000.00', 'E', 'Q', 'C', '', 'R18754', '20150821', '20000225', '56', '20150821', '20150722', '054200', '', 'N', '000', 'N', '0', '0', NULL, '9', NULL, '0', 'RR100'),
('APTNSDECST', 'D08506', '329257', '001107000367000', '20050401', '3', 'ANTOM', '1', 'NON', '3', '1', 'E', 'T', '10000.00', 'P', '4', 'K', '', 'I09310', '20050401', '20050405', '56', '20140101', '20140226', 'R14702', '', 'N', '', 'N', '0', '0', NULL, '0', '20141231', '0', 'RR100'),
('APTNSDECST', 'D08506', '329257', '001107000367000', '20050401', '3', 'ANTOM', '1', 'SRN', '3', '1', 'E', 'T', '10000.00', 'P', '4', 'K', '', 'I09310', '20050401', '20050405', '56', '20150101', '20141016', 'R14702', '', 'N', '000', 'N', '0', '0', NULL, '0', NULL, '0', 'RR100'),
('PREVOYANSP', 'R17525', '297059', '002103800024000', '20140101', '3', 'MANUFACTURE HAUTE MAROQUINERIE', '1', 'NON', '3', '2', 'E', 'T', '10000.00', 'O', '7', 'K', '', 'R17525', '0', '20140327', '56', '20140101', '20140523', 'R17525', '', 'M', '959', 'N', '0', '0', NULL, '597', '20141231', '0', 'RR100'),
('PREVOYANSP', 'R17525', '297059', '002103800024000', '20140101', '3', 'MANUFACTURE HAUTE MAROQUINERIE', '1', 'SRN', '3', '2', 'E', 'T', '10000.00', 'O', '7', 'K', '', 'R17525', '0', '20140327', '56', '20150101', '20141016', 'R17525', '', 'M', '959', 'N', '0', '0', NULL, '597', NULL, '0', 'RR100'),
('PREVOYANSP', 'P02454', '305357', '002109300005000', '20040101', '3', 'MATRA AUTOMOBILE', '2', 'SRN', '3', '2', 'A', 'A', '10000.00', 'P', '7', 'K', '', 'P02454', '20101231', '20040514', '56', '20130101', '20130329', 'P02454', '', 'M', '000', 'N', '0', '0', NULL, '0', NULL, '0', 'RR100'),
('N-511AG SP', 'V06408', '310128', '002112300001000', '19830101', '3', 'SODIS-UHART  SARL', '1', 'NON', '3', '2', 'A', 'S', '10000.00', 'E', '7', 'C', '', 'R17990', '19830101', '20040924', '56', '20100601', '20100527', 'R17600', '', 'M', '', 'N', '0', '0', NULL, '0', '20140731', '0', 'RR100'),
('N-511AG SP', 'V06408', '310128', '002112300001000', '19830101', '3', 'SODIS-UHART  SARL', '1', 'NON', '3', '2', 'A', 'S', '10000.00', 'E', '7', 'C', '', 'R17990', '19830101', '20040924', '56', '20140801', '20140820', 'R17600', '', 'M', '925', 'N', '0', '0', NULL, '0', '20141231', '0', 'RR100'),
('N-511AG SP', 'V06408', '310128', '002112300001000', '19830101', '3', 'SODIS-UHART  SARL', '1', 'SRN', '3', '2', 'A', 'S', '10000.00', 'E', '7', 'C', '', 'R17990', '19830101', '20040924', '56', '20150101', '20141016', 'R17600', '', 'M', '925', 'N', '0', '0', NULL, '0', NULL, '0', 'RR100'),
('PREVOYANSP', 'P00594', '298394', '002603500001016', '20110401', '3', 'MONTBLANC FRANCE', '1', 'SRN', '3', '2', 'A', 'A', '10000.00', 'O', '7', 'K', '', 'R17570', '20110401', '20110527', '60', '20140701', '20150202', 'I09023', '', 'M', '920', 'N', '0', '0', NULL, '0', NULL, '0', 'RR100');


INSERT INTO PARAM_FAMILLE_CONTRAT(NOFAM,DESIGNATION_FAMILLE,TYPE_CONT_BRIQUEDSN,SI_AVAL,PORTEFEUILLE,TYPE_CONSO_SALAIRE,AVEC_POPULATION,TMP_BATCH,USER_CREATION)
VALUES
('53', 'Santé!!', '', 'WQUI','ASSU_TU', 'TOUS','OUI', '0', 'user'),
('54', 'Prévoyance', '', 'WQUI','ASSU_TU', 'TOUS','OUI', '0', 'user'),
('56', 'Prévoyance', '', 'WQUI','ASSU_TU', 'TOUS','OUI','0', 'user'),
('59', 'Retraite', '', 'GERD','ASSU_TU', 'INDIV','OUI', '0', 'user'),
('60', 'Retraite ART. 39', '', 'GERD','ASSU_TU', 'INDIV','OUI', '0', 'user'),
('61', 'Retraite ART. 82', '', 'GERD','ASSU_TU', 'INDIV','OUI', '0', 'user');

INSERT INTO PARAM_CODE_PAYS(CODE_PAYS,CODE_INSEE,LIBELLE_PAYS,TMP_BATCH,USER_CREATION)
VALUES
('FR','FR_FR','FRANCE','0','TU'),
('US','USA','U.S.A','0','TU');


INSERT INTO `clients` VALUES 
(120026,3,'CBT FIBA SA  HAGUENAU','','07 AVENUE DE L EUROPE','','67300','SCHILTIGHEIM','FR','','698501442','00017','','','0',20131031,0,'','','','N','N',20131031,0,'RR200','2015-10-13 22:44:40',NULL,NULL),
(146586,3,'SA   SOGEST','ZA L AUPRETIN','RUE DU JURA','BP 113','71503','LOUHANS CEDEX','FR','6920Z','303847339','00031','','','0',0,0,'','0787','','N','N',20130819,0,'RR200','2015-10-13 22:44:40',NULL,NULL),
(212639,3,'STE  SCHAEFFER PRODUCTIQUE','','36 RUE DE DORNACH','BP 48','68120','PFASTATT','FR','6202A','403581127','00012','','','0',0,0,'','1486','','N','N',20130828,0,'RR200','2015-10-13 22:44:40',NULL,NULL),
(209699,3,'COM  LANCHERES','MAIRIE  AMICALE DU PERSONNEL COM','154 RUE DE L ABBE DUCROQ','','80230','LANCHERES','FR','8425Z','999999999','12345','','','0',0,0,'','','','N','N',20110609,0,'RR200','2015-10-13 22:44:40',NULL,NULL),
(259653,3,'STEF TRANSPORT','STEF TFE SERVICE COMPTABILITE','93 BOULEVARD MALESHERBES','','75008','PARIS','FRA','7010Z','733001010','00905','','','0',0,0,'','','','N','N',20150609,0,'RR200','2015-10-13 22:44:40',NULL,NULL),
(238946,3,'SA CARTONNERIE DE L''ESPERANCE','','IMPASSE DU VAL CLAIR','BP 51','51683','REIMS CEDEX 2','FRA','','353103294','00016','','','0',0,0,'','','','N','N',20100903,0,'RR300','2015-10-13 22:44:40',NULL,NULL),
(245609,3,'SAS JOUSSEAU','','RUE DU 19 MARS 1962','','71260','VIRE','FRA','7010Z','480108935','00010','','','0',0,0,'','','','N','N',20110609,0,'RR300','2015-10-13 22:44:40',NULL,NULL),
(292345,3,'SARL LIOREN','','27 AV MAL D LATTRE DE TASSIGNY','','56800','PLOERMEL','FRA','','414574715','00010','','','0',0,0,'','1517','','N','N',20130927,0,'RR300','2015-10-13 22:44:40',NULL,NULL),
(314482,3,'SA DRUJON','','85 ROUTE DE COULONGES','','79000','NIORT','FR','4673B','027380104','99999','','','0',0,0,'','','','N','N',20150128,0,'RR300','2015-10-13 22:44:40',NULL,NULL),
(314955,3,'STE DRUJON STE S.A.','','85 ROUTE DE COULONGES','BP 6','79000','NIORT','FR','4673B','027380104','00011','','','0',0,0,'','0573','','N','N',20140219,0,'RR300','2015-10-13 22:44:40',NULL,NULL),
(332860,3,'INFORCA SAM','LE TRITON BLOC C','5 RUE DU GABIAN','','98000','MONACO','MC','','000000000','00000','','','0',0,0,'','','','N','N',20130110,0,'RR300','2015-10-13 22:44:40',NULL,NULL),
(342153,3,'SARL OMNIA ATRIUM','','19 RUE HENRI BARBUSSE','','92110','CLICHY','FRA','6831Z','484181987','00013','','','0',0,0,'','','','N','N',20110609,0,'RR300','2015-10-13 22:44:40',NULL,NULL),
(343696,1,'M BOUCLIER PASCAL','','82 RUE DE LA CHARRIERE','LOYES','01800','VILLIEU LOYES MOLLON','FRA','','000000000','00000','','','0',0,0,'','','','N','N',0,0,'RR300','2015-10-13 22:44:40',NULL,NULL),
(347756,3,'SARL SOVIDIS','','2 PLACE DE FRANCE','','91300','MASSY','FRA','4711D','439990177','00024','','','0',0,0,'','','','N','N',20110609,0,'RR300','2015-10-13 22:44:40',NULL,NULL),
(354712,3,'SARL MOBILIGNE','LIGNE ROSET','2 AVENUE DU GENERAL DE GAULLE','','72000','LE MANS','FR','4759A','408707511','00015','','','0',0,0,'','1880','','N','N',20131122,0,'RR300','2015-10-13 22:44:40',NULL,NULL),
(361995,3,'POMPES FUNEBRES CHABUEL','','9 RUE DU MOULIN','','03160','BOURBON L ARCHAMBAULT','FRA','','382008639','00017','','','0',0,0,'','0759','','N','N',20130806,0,'RR300','2015-10-13 22:44:40',NULL,NULL),
(362794,3,'CEFRAJED','HOTEL NORD CHAMPAGNE','11 RUE DE CHABROL','','75010','PARIS','FRA','5510Z','331968305','00010','','','0',0,0,'','1979','','N','N',20140225,0,'RR300','2015-10-13 22:44:40',NULL,NULL),
(375566,3,'SARL PASSERON ENGRAIS','','160 CHEMIN DE LA FERRATONE','','06220','VALLAURIS','FR','2015Z','036921146','00019','','','0',0,0,'','9999','','N','N',20130926,0,'RR300','2015-10-13 22:44:40',NULL,NULL),
(386007,3,'STE EUREKA SERVICE','','90 AVENUE LUCIEN COUDERT','','81100','CASTRES','FR','1330Z','353725815','00032','','','0',0,0,'','0018','','N','N',20130905,0,'RR300','2015-10-13 22:44:40',NULL,NULL),
(388711,3,'SARL LE THEATRE','','105 AVENUE DU GENERAL DE GAULLE','','49120','CHEMILLE','FR','5610A','503546756','00019','','','0',0,0,'','1979','','N','N',20130821,0,'RR300','2015-10-13 22:44:40',NULL,NULL),
(419885,3,'SAS LA VILLA DE FALICON','','6 RUE DES SAUMONIERES','','44300','NANTES','FR','','529238578','00049','','','0',0,0,'','2264','','N','N',20141015,0,'RR300','2015-10-13 22:44:40',NULL,NULL),
(436007,9,'COM DE COM DES 3 FORETS','','30 AVENUE EUGENE GAZEAU','','60300','SENLIS','FR','','999999999','99999','','','0',20131003,0,'','','','N','N',20131003,0,'RR300','2015-10-13 22:44:40',NULL,NULL),
(438436,3,'CBT FIBA SA  HAGUENAU','','07 AVENUE DE L EUROPE','','67300','SCHILTIGHEIM','FR','','698501442','00017','','','0',20131031,0,'','','','N','N',20131031,0,'RR300','2015-10-13 22:44:40',NULL,NULL);


INSERT INTO PARAM_UTILISATEUR_CONTRATS_VIP (CODE_USER, NOCO, TMP_BATCH, USER_CREATION) VALUES 
('4M_2', '000749100002000', 0, '_INIT');


INSERT INTO PARAM_CODE_LIBELLE(TBL,CHAMP,CODE,ORDRE,LIBELLE_COURT,LIBELLE_LONG,LIBELLE_EDITION,TMP_BATCH,USER_CREATION)
VALUES
('CONTRATS', 'TYSOUS', '0', '1', 'Inconnu', 'Inconnu', 'Inconnu', '0', 'user'),
('CONTRATS', 'TYSOUS', '1', '2', 'Individu', 'Individu', 'Individu', '0', 'user'),
('CONTRATS', 'TYSOUS', '2', '3', 'Comité d''entreprise', 'Comité d''entreprise', 'Comité d''entreprise', '0', 'user'),
('CONTRATS', 'TYSOUS', '3', '4', 'Entreprise', 'Entreprise', 'Entreprise', '0', 'user'),
('CONTRATS', 'TYSOUS', '4', '5', 'Entreprise & C.E.', 'Entreprise & C.E.', 'Entreprise & C.E.', '0', 'user'),
('CONTRATS', 'TYSOUS', '5', '6', 'Association', 'Association', 'Association', '0', 'user'),
('CONTRATS', 'TYSOUS', '6', '7', 'Banque', 'Banque', 'Banque', '0', 'user'),
('CONTRATS', 'TYSOUS', '7', '8', 'Org. Fin. non banque', 'Org. financier non bancaire', 'Org. financier non bancaire', '0', 'user'),
('CONTRATS', 'TYSOUS', '8', '9', 'Inst. Retrt. & Prév', 'Instit. Retraite et prévoyance', 'Instit. Retraite et prévoyance', '0', 'user'),
('CONTRATS', 'TYSOUS', '9', '10', 'Collect. asm commune', 'Collectivité assim. commune', 'Collectivité assim. commune', '0', 'user'),
('CONTRATS', 'TYSOUS', '10', '11', 'Collect. asm hopital', 'Collectivité assim. hopital', 'Collectivité assim. hopital', '0', 'user'),
('CONTRATS', 'TYSOUS', '11', '12', 'Entrep. industrielle', 'Entreprise industrielle', 'Entreprise industrielle', '0', 'user'),
('CONTRATS', 'TYSOUS', '12', '13', 'Entrep. de service', 'Entreprise de service', 'Entreprise de service', '0', 'user'),
('CONTRATS', 'TYSOUS', '13', '14', 'Collect. asm syndict', 'Collectivité assim. syndicat', 'Collectivité assim. syndicat', '0', 'user'),
('CONTRATS', 'TYSOUS', '14', '15', 'Ctre dépt de gest°', 'Centre départemental de gestion', 'Centre départemental de gestion', '0', 'user'),
('CONTRATS', 'TYSOUS', '15', '16', 'Autre collectivité', 'Autre collectivité', 'Autre collectivité', '0', 'user'),
('CONTRATS', 'TYSOUS', '16', '17', 'Agent MMA', 'Agent MMA', 'Agent MMA', '0', 'user'),
('CONTRATS', 'TYSOUS', '99', '18', 'Autre', 'Autre', 'Autre', '0', 'user'),
('CONTRATS', 'COETACO', '1', '1', 'En vigueur', 'En vigueur', 'En vigueur', '0', 'user'),
('CONTRATS', 'COETACO', '2', '2', 'En vigueur non alim.', 'En vigueur non alimenté', 'En vigueur non alimenté', '0', 'user'),
('CONTRATS', 'COETACO', '3', '3', 'Suspension globale', 'Suspension globale', 'Suspension globale', '0', 'user'),
('CONTRATS', 'COETACO', '4', '4', 'Suspens émis° Cot', 'Suspension émiss. Cot.', 'Suspension émiss. Cot.', '0', 'user'),
('CONTRATS', 'COETACO', '5', '5', 'Suspens émis° decl', 'Suspension émission decl.', 'Suspension émission decl.', '0', 'user'),
('CONTRATS', 'COETACO', '6', '6', 'Suspens Régl Sin', 'Suspension Régl. Sin.', 'Suspension Régl. Sin.', '0', 'user'),
('CONTRATS', 'COETACO', '7', '7', 'Résiliat conservat', 'Résiliation conservat.', 'Résiliation conservat.', '0', 'user'),
('CONTRATS', 'COETACO', '8', '8', 'Résiliat définitiv', 'Résiliation définitive', 'Résiliation définitive', '0', 'user'),
('CONTRATS', 'COETACO', '9', '9', 'Refondu', 'Refondu', 'Refondu', '0', 'user'),
('CONTRATS', 'COETACO', '10', '10', 'Sans effet', 'Sans effet', 'Sans effet', '0', 'user'),
('CONTRATS', 'COETACO', '11', '11', 'Transformé', 'Transformé', 'Transformé', '0', 'user'),
('CONTRATS', 'ELIGDSN', 'NON', '1', 'Non éligible', 'Non éligible', 'Non éligible', '0', 'user'),
('CONTRATS', 'ELIGDSN', 'SRN', '2', 'Eligible au SIREN', 'Eligible au SIREN', 'Eligible au SIREN', '0', 'user'),
('CONTRATS', 'ELIGDSN', 'SRT', '3', 'Eligible au SIRET', 'Eligible au SIRET', 'Eligible au SIRET', '0', 'user'),
('CONTRATS', 'COMOQUIT', '1', '1', 'individuel', 'individuel', 'individuel', '0', 'user'),
('CONTRATS', 'COMOQUIT', '2', '2', 'IND QUIT GLOB', 'IND QUIT GLOB', 'IND QUIT GLOB', '0', 'user'),
('CONTRATS', 'COMOQUIT', '3', '3', 'global', 'global', 'global', '0', 'user'),
('CONTRATS', 'TYEMI', 'A', '2', 'Avance', 'Avance', 'Avance', '0', 'user'),
('CONTRATS', 'TYEMI', 'E', '1', 'Echu', 'Echu', 'Echu', '0', 'user'),
('CONTRATS', 'COFRQUIT', 'M', '2', 'Mensuel', 'Mensuel', 'Mensuel', '0', 'user'),
('CONTRATS', 'COFRQUIT', 'T', '1', 'Trimestriel', 'Trimestriel', 'Trimestriel', '0', 'user'),
('CONTRATS', 'COFRQUIT', 'A', '4', 'Annuel', 'Annuel', 'Annuel', '0', 'user'),
('CONTRATS', 'COFRQUIT', 'S', '3', 'Semestriel', 'Semestriel', 'Semestriel', '0', 'user'),
('CONTRATS', 'NMGRPGES', 'O', '1', 'Santé-Prév Courtag', 'Santé-Prév. Courtage', 'Santé-Prév. Courtage', '0', 'user'),
('CONTRATS', 'NMGRPGES', 'E', '2', 'Santé-Prév. DRGE', 'Santé-Prév. DRGE', 'Santé-Prév. DRGE', '0', 'user'),
('CONTRATS', 'NMGRPGES', 'B', '3', 'Sté-Prv Gest Agent', 'Santé-Prév. Gestion Agent', 'Santé-Prév. Gestion Agent', '0', 'user'),
('CONTRATS', 'NMGRPGES', 'R', '4', 'Retraite', 'Retraite', 'Retraite', '0', 'user'),
('CONTRATS', 'NOFAM', '53', '1', 'Santé!', 'Santé', 'Santé', '0', 'user'),
('CONTRATS', 'NOFAM', '54', '2', 'Prévoyance', 'Prévoyance', 'Prévoyance', '0', 'user'),
('CONTRATS', 'NOFAM', '56', '3', 'Prévoyance', 'Prévoyance', 'Prévoyance', '0', 'user'),
('CONTRATS', 'NOFAM', '59', '4', 'Retraite', 'Retraite', 'Retraite', '0', 'user'),
('CONTRATS', 'NOFAM', '61', '5', 'Retraite', 'Retraite', 'Retraite', '0', 'user'),
('CONTRATS', 'NOFAM', '66', '6', 'Retraite', 'Retraite', 'Retraite', '0', 'user'),
('CONTRATS', 'CATOBJ', '0', '1', 'Champ vide', 'Champ vide', 'Champ vide', '0', 'user'),
('CONTRATS', 'CATOBJ', '920', '2', 'Ens Pers', 'Ens Pers', 'Ens Pers', '0', 'user'),
('CONTRATS', 'CATOBJ', '921', '3', 'Hors CCN47', 'Hors CCN47', 'Hors CCN47', '0', 'user'),
('CONTRATS', 'CATOBJ', '922', '4', '4&4B&36', '4&4B&36', '4&4B&36', '0', 'user'),
('CONTRATS', 'CATOBJ', '923', '5', 'Min TB', 'Min TB', 'Min TB', '0', 'user'),
('CONTRATS', 'CATOBJ', '924', '6', 'Art 4', 'Art 4', 'Art 4', '0', 'user'),
('CONTRATS', 'CATOBJ', '925', '7', 'Art 4&4B', 'Art 4&4B', 'Art 4&4B', '0', 'user'),
('CONTRATS', 'CATOBJ', '926', '8', 'Art7', 'Art7', 'Art7', '0', 'user'),
('TARIFS', 'MOCALCOT', '1', '1', 'décl. sur effectif', 'déclaration sur effectif', 'déclaration sur effectif', '0', 'user'),
('TARIFS', 'MOCALCOT', '2', '2', 'décl. sur salaire', 'déclaration sur salaire', 'déclaration sur salaire', '0', 'user'),
('INTERMEDIAIRES', 'TYPROD', '1', '1', 'Agent', 'Agent', 'Agent', '0', 'user'),
('INTERMEDIAIRES', 'TYPROD', '2', '2', 'Courtier', 'Courtier', 'Courtier', '0', 'user'),
('INTERMEDIAIRES', 'TYPROD', '3', '3', 'Banque', 'Banque', 'Banque', '0', 'user'),
('INTERMEDIAIRES', 'TYPROD', '4', '4', 'MMA Conseil', 'MMA Conseil (ex B.S.I).', 'MMA Conseil (ex B.S.I).', '0', 'user'),
('INTERMEDIAIRES', 'TYPROD', '5', '5', 'Employé MMA', 'Employé MMA', 'Employé MMA', '0', 'user'),
('INTERMEDIAIRES', 'TYPROD', '6', '6', 'Institution', 'Institution', 'Institution', '0', 'user'),
('INTERMEDIAIRES', 'TYPROD', '7', '7', 'Agences DOM/TOM', 'Agences DOM/TOM', 'Agences DOM/TOM', '0', 'user'),
('INTERMEDIAIRES', 'TYPROD', '8', '8', 'Gestionnaire', 'Gestionnaire', 'Gestionnaire', '0', 'user'),
('INTERMEDIAIRES', 'TYPROD', '90', '9', 'Compte QUATREM', 'Compte QUATREM', 'Compte QUATREM', '0', 'user'),
('INTERMEDIAIRES', 'COETA', '0', '1', 'Défintif', 'Défintif', 'Défintif', '0', 'user'),
('INTERMEDIAIRES', 'COETA', '1', '2', 'Validé', 'Validé', 'Validé', '0', 'user'),
('INTERMEDIAIRES', 'COETA', '2', '3', 'Prospect', 'Prospect', 'Prospect', '0', 'user'),
('INTERMEDIAIRES', 'COFIR', 'GD', '1', 'Grande Diffusion', 'Grande Diffusion', 'Grande Diffusion', '0', 'user'),
('INTERMEDIAIRES', 'COFIR', 'RP', '2', 'Réseau Partenaire', 'Réseau Partenaire', 'Réseau Partenaire', '0', 'user'),
('INTERMEDIAIRES', 'COFIR', 'TD', '3', 'Toutes Directions', 'Toutes Directions', 'Toutes Directions', '0', 'user'),
('INTERMEDIAIRES', 'COFIR', 'ND', '4', 'Non défini', 'Non défini', 'Non défini', '0', 'user'),
('INTERMEDIAIRES', 'RESDIS', '11', '1', 'Banque Postale', 'Banque Postale', 'Banque Postale', '0', 'user'),
('INTERMEDIAIRES', 'RESDIS', '12', '2', 'UFF', 'UFF', 'UFF', '0', 'user'),
('CLIENT', 'TYCLI', '1', '1', 'INDIVIDU', 'INDIVIDU', 'INDIVIDU', '0', 'user'),
('CLIENT', 'TYCLI', '2', '2', 'C.E.', 'COMITE D''ENTREPRISE', 'COMITE D''ENTREPRISE', '0', 'user'),
('CLIENT', 'TYCLI', '3', '3', 'ENTREPRISE', 'ENTREPRISE', 'ENTREPRISE', '0', 'user'),
('CLIENT', 'TYCLI', '4', '4', 'C.E. + ENT', 'C.E. + ENTREPRISE', 'C.E. + ENTREPRISE', '0', 'user'),
('CLIENT', 'TYCLI', '5', '5', 'ASSOCIAT.', 'ASSOCIATION', 'ASSOCIATION', '0', 'user'),
('CLIENT', 'TYCLI', '6', '6', 'BANQUE', 'BANQUE', 'BANQUE', '0', 'user'),
('CLIENT', 'TYCLI', '7', '7', 'ORG. FIN', 'ORG. FINANCIER NON BANCAIRE', 'ORG. FINANCIER NON BANCAIRE', '0', 'user'),
('CLIENT', 'TYCLI', '8', '8', 'INST. RETR', 'INSTIT. RETRAITE ET PREVOYANCE', 'INSTIT. RETRAITE ET PREVOYANCE', '0', 'user'),
('CLIENT', 'TYCLI', '9', '9', 'COMMUNE', 'COLLECTIVITE ASSIM. COMMUNE', 'COLLECTIVITE ASSIM. COMMUNE', '0', 'user'),
('CLIENT', 'TYCLI', '10', '10', 'HOPITAL', 'COLLECTIVITE ASSIM. HOPITAL', 'COLLECTIVITE ASSIM. HOPITAL', '0', 'user'),
('CLIENT', 'TYCLI', '11', '11', 'INDUSTRIE', 'ENTREPRISE INDUSTRIELLE', 'ENTREPRISE INDUSTRIELLE', '0', 'user'),
('CLIENT', 'TYCLI', '12', '12', 'ENT. SERV.', 'ENTREPRISE DE SERVICE', 'ENTREPRISE DE SERVICE', '0', 'user'),
('CLIENT', 'TYCLI', '13', '13', 'SYNDICAT', 'COLLECTIVITE ASSIM. SYNDICAT', 'COLLECTIVITE ASSIM. SYNDICAT', '0', 'user'),
('CLIENT', 'TYCLI', '14', '14', 'C.D.G', 'CENTRE DEPARTEMENTAL GESTION', 'CENTRE DEPARTEMENTAL GESTION', '0', 'user'),
('CLIENT', 'TYCLI', '15', '15', 'AUTRE COLL', 'AUTRE COLLECTIVITE', 'AUTRE COLLECTIVITE', '0', 'user'),
('CLIENT', 'TYCLI', '99', '16', 'DIVERS', 'DIVERS', 'DIVERS', '0', 'user'),
('CLIENT', 'COETAT', '0', '1', 'ouvert', 'ouvert', 'ouvert', '0', 'user'),
('CLIENT', 'COETAT', '1', '2', 'fermé', 'fermé', 'fermé', '0', 'user'),
('PARAMETATCONTRAT', 'ACTIF', 'O', '1', 'Oui', 'Oui', 'Oui', '0', 'user'),
('PARAMETATCONTRAT', 'ACTIF', 'N', '2', 'Non', 'Non', 'Non', '0', 'user'),
('PARAMFAMILLECONTRAT', 'SI_AVAL', 'WQUI', '1', 'Géré par WQUI', 'Géré par WQUI', 'Géré par WQUI', '0', 'user'),
('PARAMFAMILLECONTRAT', 'SI_AVAL', 'GERD', '2', 'Géré par GERD', 'Géré par GERD', 'Géré par GERD', '0', 'user'),
('PARAMFAMILLECONTRAT', 'SI_AVAL', 'EGER', '3', 'Géré par EGER', 'Géré par EGER', 'Géré par EGER', '0', 'user'),
('PARAMFAMILLECONTRAT', 'TYPE_CONSO_SALAIRE', 'TOUS', '1', 'Tous les individus', 'Tous les individus (à la période)', 'Tous les individus (à la période)', '0', 'user'),
('PARAMFAMILLECONTRAT', 'TYPE_CONSO_SALAIRE', 'INDIV', '2', 'Indiv. par indiv.', 'Individu par individu', 'Individu par individu', '0', 'user'),
('EXTENSIONCONTRAT', 'EXPLOIT', 'OUI', '1', 'Oui', 'Oui', 'Oui', '0', 'user'),
('EXTENSIONCONTRAT', 'EXPLOIT', 'NON', '2', 'Non', 'Non', 'Non', '0', 'user'),
('EXTENSIONCONTRAT', 'EDIT_CONS_PAIMT', 'OUI', '1', 'Oui', 'Oui', 'Oui', '0', 'user'),
('EXTENSIONCONTRAT', 'EDIT_CONS_PAIMT', 'NON', '2', 'Non', 'Non', 'Non', '0', 'user'),
('EXTENSIONCONTRAT', 'TRANSFERT', 'OUI', '1', 'Oui', 'Oui', 'Oui', '0', 'user'),
('EXTENSIONCONTRAT', 'TRANSFERT', 'NON', '2', 'Non', 'Non', 'Non', '0', 'user'),
('EXTENSIONCONTRAT', 'CTL_TYPE_BASE_ASSUJ', 'N', '1', 'Non', 'Non', 'Non', '0', 'user'),
('EXTENSIONCONTRAT', 'CTL_TYPE_BASE_ASSUJ', 'RED', '2', 'Ctrl/signalt REDAC', 'Controler et rejet/signalement par REDAC', 'Controler et rejet/signalement par REDAC', '0', 'user'),
('EXTENSIONCONTRAT', 'CTL_TYPE_BASE_ASSUJ', 'BRR', '3', 'Ctrl/recycl Brique', 'Contrôle Brique et recyclage', 'Contrôle Brique et recyclage', '0', 'user'),
('EXTENSIONCONTRAT', 'CTL_TYPE_BASE_ASSUJ', 'BRB', '4', 'Ctrl/bloque Brique', 'Contrôle et blocage par la Brique DSN', 'Contrôle et blocage par la Brique DSN', '0', 'user'),
('EXTENSIONCONTRAT', 'MODE_NAT_CONT', 'C', '1', 'Calculé', 'Calculé', 'Calculé', '0', 'user'),
('EXTENSIONCONTRAT', 'MODE_NAT_CONT', 'R', '2', 'Forcé Direct', 'Forcé Direct', 'Forcé Direct', '0', 'user'),
('EXTENSIONCONTRAT', 'MODE_NAT_CONT', 'L', '3', 'Forcé Délégué', 'Forcé Délégué', 'Forcé Délégué', '0', 'user'),
('EXTENSIONCONTRAT', 'VIP', 'N', '2', 'Standard', 'Standard', 'Standard', '0', 'user'),
('EXTENSIONCONTRAT', 'VIP', 'O', '1', 'VIP', 'VIP', 'VIP', '0', 'user'),
('EXTENSIONCONTRAT', 'MODE_REAFF_CAT_EFFECTIF', 'DIREC', '1', 'Décl entreprise', 'Utilisation directe déclarations entreprise', 'Utilisation déclarations entreprise', '0', 'user'),
('EXTENSIONCONTRAT', 'MODE_REAFF_CAT_EFFECTIF', 'REACA', '2', 'Réaffect Effectifs', 'Avec calcul de réaffectation des effectifs', 'Avec réaffectation des effectifs', '0', 'user'),
('EXTENSIONCONTRAT', 'DONNEES_A_INTEGRER ', 'A', '1', 'Assiette', 'mode de déclaration Assiette', 'mode de déclaration Assiette', '0', 'user'),
('EXTENSIONCONTRAT', 'DONNEES_A_INTEGRER ', 'C', '2', 'Cotisation', 'mode de déclaration Cotisation', 'mode de déclaration Cotisation', '0', 'user'),
('ADHESION_ETAB_MOIS', 'S10.G00.00.005', '1', '1', 'envoi fichier test', 'envoi fichier test', 'envoi fichier test', '0', 'user'),
('ADHESION_ETAB_MOIS', 'S10.G00.00.005', '2', '2', 'envoi fichier réel', 'envoi fichier réel', 'envoi fichier réel', '0', 'user'),
('ADHESION_ETAB_MOIS', 'S10.G00.00.008', '1', '1', 'envoi normal', 'envoi normal', 'envoi normal', '0', 'user'),
('ADHESION_ETAB_MOIS', 'S10.G00.00.008', '2', '2', 'envoi néant', 'envoi néant', 'envoi néant', '0', 'user'),
('ADHESION_ETAB_MOIS', 'S10.G00.02.001', '1', '1', 'monsieur', 'monsieur', 'monsieur', '0', 'user'),
('ADHESION_ETAB_MOIS', 'S10.G00.02.001', '2', '2', 'madame', 'madame', 'madame', '0', 'user'),
('ADHESION_ETAB_MOIS', 'S20.G00.05.002', '1', '1', 'normale', 'normale', 'normale', '0', 'user'),
('ADHESION_ETAB_MOIS', 'S20.G00.05.002', '2', '2', 'normale néant', 'normale néant', 'normale néant', '0', 'user'),
('ADHESION_ETAB_MOIS', 'S20.G00.05.002', '3', '3', 'annul rempl Intégrl', 'annule et remplace intégral', 'annule et remplace intégral', '0', 'user'),
('ADHESION_ETAB_MOIS', 'S20.G00.05.002', '5', '4', 'annul&rempl néant', 'annule et remplace néant', 'annule et remplace néant', '0', 'user'),
('ADHESION_ETAB_MOIS', 'S20.G00.05.008', '1', '1', 'totale', 'totale', 'totale', '0', 'user'),
('ADHESION_ETAB_MOIS', 'S20.G00.05.008', '3', '2', 'partielle rég gnral', 'partielle régime général', 'partielle régime général', '0', 'user'),
('ADHESION_ETAB_MOIS', 'S20.G00.05.010', '1', '1', 'euro', 'euro', 'euro', '0', 'user'),
('ADHESION_ETAB_MOIS', 'S20.G00.05.010', '2', '2', 'franc Pacifique', 'franc Pacifique', 'franc Pacifique', '0', 'user'),
('ADHESION_ETAB_MOIS', 'S20.G00.11.017', '1', '1', 'privée', 'privée', 'privée', '0', 'user'),
('ADHESION_ETAB_MOIS', 'S20.G00.11.017', '2', '2', 'publique', 'publique', 'publique', '0', 'user'),
('ADHESION_ETAB_MOIS', 'S20.G00.15.004', '1', '1', 'Oui', 'Oui, concerne au moins un salarié de l''établ.', 'Oui, au moins un salarié de l''établ.', '0', 'user'),
('ADHESION_ETAB_MOIS', 'S20.G00.15.004', '2', '2', 'Non', 'Non, ne concerne aucun salarié de l''établ.', 'Non, aucun salarié de l''établ.', '0', 'user'),
('CONTACT', 'S20.G00.07.004', '1', '1', 'Cont. IJ', 'Contact chez déclaré IJ', 'Contact déclaré IJ', '0', 'user'),
('CONTACT', 'S20.G00.07.004', '2', '2', 'Cont. fin ctr.trav', 'Contact chez déclaré fins de contrats de travail', 'Contact déclaré fins de contrats trav.', '0', 'user'),
('CONTACT', 'S20.G00.07.004', '3', '3', 'Cont. statistiques', 'Contact chez déclaré acteurs statistiques', 'Contact déclaré acteurs statistiques', '0', 'user'),
('CONTACT', 'S20.G00.07.004', '4', '4', 'Cont. Cotis. S.S.', 'Contact chez déclaré recouvrant cotisation de SS', 'Contact déclaré recouvr Cotis de SS', '0', 'user'),
('CONTACT', 'S20.G00.07.004', '5', '5', 'Cont. Recvr. Cotis.', 'Contact chez déclaré recouvrement cotis.', 'Contact déclaré recouvrement cotis.', '0', 'user'),
('CONTACT', 'S20.G00.07.004', '6', '6', 'Cont. Identif.salar.', 'Contact chez déclaré identification salariés', 'Contact déclaré identificat salariés', '0', 'user'),
('CONTACT', 'S20.G00.07.004', '7', '7', 'Cont Identif établ', 'Contact chez déclaré identification établissement', 'Contact déclaré identificat éts', '0', 'user'),
('CONTACT', 'S20.G00.07.004', '8', '8', 'Orga. hors 1 à 7', 'Contextualisable ensemble organismes hors 1 à 7', 'Contextualisable organismes hors 1à7', '0', 'user'),
('CONTACT', 'S20.G00.07.004', '9', '9', 'Cont. Et. Centra. IJ', 'Contact chez l''établissement centralisateur pour les IJ', 'Contact établissmt centralisat pour IJ', '0', 'user'),
('COTIS_ETAB', 'S21.G00.82.002', '1', '1', 'Cotisation ADPFA', '', '', '0', 'user'),
('COTIS_ETAB', 'S21.G00.82.002', '2', '2', 'Cotisation APNAB', '', '', '0', 'user'),
('COTIS_ETAB', 'S21.G00.82.002', '3', '3', 'Cotisation CCCA-BTP', '', '', '0', 'user'),
('COTIS_ETAB', 'S21.G00.82.002', '4', '4', 'Cotisation CPPNTT', '', '', '0', 'user'),
('COTIS_ETAB', 'S21.G00.82.002', '5', '5', 'Cotis. Dév paritar', 'Cotisation Développement du paritarisme', '', '0', 'user'),
('COTIS_ETAB', 'S21.G00.82.002', '6', '6', 'Cotis. Dialg. social', 'Cotisation Dialogue social', '', '0', 'user'),
('COTIS_ETAB', 'S21.G00.82.002', '7', '7', 'Cotisation FAF', '', '', '0', 'user'),
('COTIS_ETAB', 'S21.G00.82.002', '8', '8', 'Cotisation FAF-SAB', '', '', '0', 'user'),
('COTIS_ETAB', 'S21.G00.82.002', '9', '9', 'Cotisation FAPS', '', '', '0', 'user'),
('COTIS_ETAB', 'S21.G00.82.002', '10', '10', 'Cotisation FASTT', '', '', '0', 'user'),
('COTIS_ETAB', 'S21.G00.82.002', '11', '11', 'Cotis Fonds péréq', 'Cotisation Fonds de péréquation', 'Cotisation Fonds de péréquation', '0', 'user'),
('COTIS_ETAB', 'S21.G00.82.002', '12', '12', 'Cotisation IFC', '', '', '0', 'user'),
('COTIS_ETAB', 'S21.G00.82.002', '13', '13', 'Cotisation OPC-BAT', '', '', '0', 'user'),
('COTIS_ETAB', 'S21.G00.82.002', '14', '14', 'Cotisation OPCA-TP', '', '', '0', 'user'),
('COTIS_ETAB', 'S21.G00.82.002', '15', '15', 'Déduc cotis OPC-BAT', 'Déduction de cotisation OPCA-BAT', 'Déduction de cotisation OPCA-BAT', '0', 'user'),
('COTIS_ETAB', 'S21.G00.82.002', '16', '16', 'Déduc cotis OPCA-TP', 'Déduction de cotisation OPCA-TP', 'Déduction de cotisation OPCA-TP', '0', 'user'),
('COTIS_ETAB', 'S21.G00.82.002', '17', '17', 'Cotisation ORGA', 'Cotisation ORGA', 'Cotisation ORGA', '0', 'user'),
('COTIS_ETAB', 'S21.G00.82.002', '18', '18', 'Cotis Promo & recr', 'Cotisation Promotion et recrutement', 'Cotisation Promotion et recrutement', '0', 'user'),
('COTIS_ETAB', 'S21.G00.82.002', '19', '19', 'Cotis non sal Ay-Drt', 'Cotisations  attachées à pop. non salariés ayants-droit', 'Cotisations non salariés ayants-droit', '0', 'user'),
('COTIS_ETAB', 'S21.G00.82.002', '20', '20', 'Cotis non sal Retrt', 'Cotisations attachées à pop. non salairés retraités', 'Cotisations non salairés retraités', '0', 'user'),
('VERSEMENT', 'MODE_PAIEMENT', '01', '1', 'chèque', 'chèque', 'chèque', '0', 'user'),
('VERSEMENT', 'MODE_PAIEMENT', '02', '2', 'virement', 'virement', 'virement', '0', 'user'),
('VERSEMENT', 'MODE_PAIEMENT', '03', '3', 'prélèvement', 'prélèvement', 'prélèvement', '0', 'user'),
('VERSEMENT', 'MODE_PAIEMENT', '04', '4', 'T.I.P.', 'titre inter-bancaire de paiement', 'titre inter-bancaire de paiement', '0', 'user'),
('VERSEMENT', 'MODE_PAIEMENT', '05', '5', 'télé-règlem', 'télé-règlement de type A', 'télé-règlement de type A', '0', 'user'),
('INDIVIDU', 'S21.G00.30.022', '1', '1', 'travail frontalier', 'travail frontalier', 'travail frontalier', '0', 'user'),
('INDIVIDU', 'S21.G00.30.023', '1', '1', 'Nvl emb ss empl ret', 'Nouvelle embauche sans cumul emploi retraite', 'Nvelle embauche ss cumul emploi retraite', '0', 'user'),
('INDIVIDU', 'S21.G00.30.023', '2', '2', 'Entr cuml empl ret', 'Entrée en cumul emploi retraite', 'Entrée en cumul emploi retraite', '0', 'user'),
('INDIVIDU', 'S21.G00.30.023', '3', '3', 'Nvl emb cml empl ret', 'Nouvelle embauche en cumul emploi retraite', 'Nvelle embauche en cumul emploi retraite', '0', 'user'),
('REMUNERATION', 'S21.G00.51.011', '1', '1', 'Rém brute nn plafon', 'Rémunération brute non plafonnée', 'Rémunération brute non plafonnée', '0', 'user'),
('REMUNERATION', 'S21.G00.51.011', '2', '2', 'Sal brut  Ass chôm', 'Salaire brut soumis à contrib d''Assurance chômage', 'Salaire brut soumis à ctrb Ass chômage', '0', 'user'),
('REMUNERATION', 'S21.G00.51.011', '3', '3', 'Sal rétabl-reconst', 'Salaire rétabli - reconstitué', 'Salaire rétabli - reconstitué', '0', 'user'),
('REMUNERATION', 'S21.G00.51.011', '10', '4', 'Salaire de base', 'Salaire de base', 'Salaire de base', '0', 'user'),
('REMUNERATION', 'S21.G00.51.011', '11', '5', 'Heures suppl-compl', 'Heures supplémentaires ou complémentaires', 'Heures supplément. ou complément.', '0', 'user'),
('REMUNERATION', 'S21.G00.51.011', '12', '6', 'Heures d''équival', 'Heures d''équivalence', 'Heures d''équivalence', '0', 'user'),
('REMUNERATION', 'S21.G00.51.011', '13', '7', 'Heures habit pause', 'Heures d''habillage, déshabillage, pause', 'Heures d''habillage, déshabillage, pause', '0', 'user'),
('REMUNERATION', 'S21.G00.51.011', '14', '8', 'Aut heures à tx dif', 'Autres heures rémunérées à tx différent du tx normal', 'Autres heures rémunérées à tx diff', '0', 'user'),
('REMUNERATION', 'S21.G00.51.011', '15', '9', 'Salaire moyen BTP', 'Salaire moyen BTP', 'Salaire moyen BTP', '0', 'user'),
('CONTR_TRAV', 'S21.G00.40.002', '1', '1', 'agriculteur salarié', 'agriculteur salarié de son exploitation', 'agriculteur salarié de son exploitation', '0', 'user'),
('CONTR_TRAV', 'S21.G00.40.002', '2', '2', 'artis.-comrct sal.', 'artisan ou commerçant salarié de son entreprise', 'artisan ou commerçant salarié', '0', 'user'),
('CONTR_TRAV', 'S21.G00.40.002', '3', '3', 'cadre dirigeant', 'cadre dirigeant (votant au collège employeur prud''hommal)', 'cadre dirigeant (votant employeur)', '0', 'user'),
('CONTR_TRAV', 'S21.G00.40.002', '4', '4', 'autres cadres', 'autres cadres au sens de la convention collective', 'autres cadres au sens de la conv. coll.', '0', 'user'),
('CONTR_TRAV', 'S21.G00.40.002', '5', '5', 'profession interm.', 'prof interm (techn, contremaître, agt maîtr, clergé)', 'prof. Interm. (tech,ctrmt,agt mtr,clrg)', '0', 'user'),
('CONTR_TRAV', 'S21.G00.40.002', '6', '6', 'employé administr.', 'employé admin. d''entreprise, de commerce, agt de service', 'empl.admin. d''ent.,de cmrce,agt de svce', '0', 'user'),
('CONTR_TRAV', 'S21.G00.40.002', '7', '7', 'ouvriers', 'ouvriers qualifiés ou non y compris ouvriers agricoles', 'ouvriers qualifiés ou non y c. agric', '0', 'user'),
('CONTR_TRAV', 'S21.G00.40.002', '8', '8', 'agt fonct.pub Etat', 'agent de la fonction publique d''Etat', 'agent fonction publique d''Etat', '0', 'user'),
('CONTR_TRAV', 'S21.G00.40.002', '9', '9', 'agt fonct.pub hospit', 'agent de la fonction publique hospitalière', 'agent fonction publique hospitalière', '0', 'user'),
('CONTR_TRAV', 'S21.G00.40.002', '10', '10', 'agt fonct.pub territ', 'agent de la fonction publique territoriale', 'agent fonction publique territoriale', '0', 'user'),
('CONTR_TRAV', 'S21.G00.40.003', '1', '1', 'cadre (art 4&4bis)', 'cadre (article 4 et 4bis)', 'cadre (article 4 et 4bis)', '0', 'user'),
('CONTR_TRAV', 'S21.G00.40.003', '2', '2', 'exts. cadre ret.cmpl', 'extension cadre pour retraite complémentaire', 'extens. cadre pour retr. complémentaire', '0', 'user'),
('CONTR_TRAV', 'S21.G00.40.003', '4', '3', 'non cadre', 'non cadre', 'non cadre', '0', 'user'),
('CONTR_TRAV', 'S21.G00.40.003', '98', '4', 'ret.cmpl. ss statut', 'retraite compl. sans statut cadre ou non-cadre', 'retr. Compl. sans statut cadre/non-cadre', '0', 'user'),
('CONTR_TRAV', 'S21.G00.40.003', '99', '5', 'pas de ret.compl.', 'pas de retraite complémentaire', 'pas de retraite complémentaire', '0', 'user'),
('CONTR_TRAV', 'S21.G00.40.007', '1', '1', 'C.D.I. droit privé', 'Contrat de travail à durée indéterminée de droit privé', 'Contrat durée indét droit privé', '0', 'user'),
('CONTR_TRAV', 'S21.G00.40.007', '2', '2', 'C.D.D. droit privé', 'Contrat de travail à durée déterminée de droit privé', 'Contrat durée dét droit privé', '0', 'user'),
('CONTR_TRAV', 'S21.G00.40.007', '3', '3', 'Ct de mis.(trv.temp)', 'Contrat de mission (contrat de travail temporaire)', 'Contrat mission (travail temporaire)', '0', 'user'),
('CONTR_TRAV', 'S21.G00.40.007', '5', '4', 'C.D.I. droit public', 'Contrat de travail à durée indéterminée de droit public', 'Contrat durée indét droit public', '0', 'user'),
('CONTR_TRAV', 'S21.G00.40.007', '6', '5', 'C.D.D. droit public', 'Contrat de travail à durée déterminée de droit public', 'Contrat durée dét droit public', '0', 'user'),
('CONTR_TRAV', 'S21.G00.40.007', '7', '6', 'C.D.I. intermittent', 'Contrat à durée indéterminée intermittent', 'Contrat durée indét intermittent', '0', 'user'),
('CONTR_TRAV', 'S21.G00.40.007', '8', '7', 'C.D.I. intérimaire', 'Contrat à durée indéterminée intérimaire', 'Contrat à durée indét intérimaire', '0', 'user'),
('CONTR_TRAV', 'S21.G00.40.007', '29', '8', 'Conv. Stage h. f.pro', 'Convention de stage (hors formation professionnelle)', 'Convention de stage (hors form prof)', '0', 'user'),
('CONTR_TRAV', 'S21.G00.40.007', '32', '9', 'Ct appui au pj entr.', 'Contrat d''appui au projet d’entreprise', 'Contrat d''appui au projet d''entr', '0', 'user'),
('CONTR_TRAV', 'S21.G00.40.007', '50', '10', 'Nom. ds fnc pub', 'Nomination dans la fonction publique', 'Nomination ds la fonction publique', '0', 'user'),
('CONTR_TRAV', 'S21.G00.40.007', '60', '11', 'Ctr engagmt éduc', 'Contrat d''engagement éducatif', 'Contrat d''engagement éducatif', '0', 'user'),
('CONTR_TRAV', 'S21.G00.40.007', '70', '12', 'Ct soutien par trav.', 'Contrat de soutien et d''aide par le travail', 'Contrat soutien aide par le travail', '0', 'user'),
('CONTR_TRAV', 'S21.G00.40.007', '80', '13', 'Mandat social', 'Mandat social', 'Mandat social', '0', 'user'),
('CONTR_TRAV', 'S21.G00.40.007', '81', '14', 'Mandat d''élu', 'Mandat d''élu', 'Mandat d''élu', '0', 'user'),
('CONTR_TRAV', 'S21.G00.40.007', '89', '15', 'Volontar. svc civiq.', 'Volontariat de service civique', 'Volontariat de service civique', '0', 'user'),
('CONTR_TRAV', 'S21.G00.40.007', '90', '16', 'Autre ct,conv,mandt', 'Autre nature de contrat, convention, mandat', 'Autre nature contrat, convent., mandat', '0', 'user'),
('CONTR_TRAV', 'S21.G00.40.008', '21', '1', 'Ctr Initiat. Empl.', 'CUI - Contrat Initiative Emploi', 'CUI - Contrat Initiative Emploi', '0', 'user'),
('CONTR_TRAV', 'S21.G00.40.008', '41', '2', 'Ctr Accomp. Empl.', 'CUI - Contrat d''Accompagnement dans l''Emploi', 'CUI - Contrat d''Accompagnmt dans Emploi', '0', 'user'),
('CONTR_TRAV', 'S21.G00.40.008', '42', '3', 'Ctr accès empl. DOM', 'CUI - Contrat d''accès à l''emploi - DOM', 'CUI - Contrat d''accès à l''emploi - DOM', '0', 'user'),
('CONTR_TRAV', 'S21.G00.40.008', '50', '4', 'Emp. avnr sct marchd', 'Emploi d''avenir secteur marchand', 'Emploi d''avenir secteur marchand', '0', 'user'),
('CONTR_TRAV', 'S21.G00.40.008', '51', '5', 'Emp. avnr nn mrchd', 'Emploi d''avenir secteur non marchand', 'Emploi d''avenir secteur non marchand', '0', 'user'),
('CONTR_TRAV', 'S21.G00.40.008', '61', '6', 'Ctr Professionnal.', 'Contrat de Professionnalisation', 'Contrat de Professionnalisation', '0', 'user'),
('CONTR_TRAV', 'S21.G00.40.008', '64', '7', 'Ct aprtis art/-11sal', 'Contrat apprentissage entrep. artisan. ou de - de 11 salar.', 'Ctr. aprtis ent. artis. ou - de 11 sal.', '0', 'user'),
('CONTR_TRAV', 'S21.G00.40.008', '65', '8', 'Ct aprt h.RM&+11sl', 'Ctr. apprentisg entrep.  non inscrites au RM d''au - 11 sal.', 'Ctr. aprtis ent. non RM d''au - 11 sal.', '0', 'user'),
('CONTR_TRAV', 'S21.G00.40.008', '70', '9', 'C.D.D. séniors', 'Contrat à durée déterminée pour les séniors', 'Contrat à durée déterminée séniors', '0', 'user'),
('CONTR_TRAV', 'S21.G00.40.008', '71', '10', 'C.D.D. insertion', 'Contrat à durée déterminée d''insertion', 'Contrat à durée dét d''insert', '0', 'user'),
('CONTR_TRAV', 'S21.G00.40.008', '80', '11', 'Contrat génération', 'Contrat de génération', 'Contrat de génération', '0', 'user'),
('CONTR_TRAV', 'S21.G00.40.008', '81', '12', 'Ctr aprtis sct publ.', 'Contrat d''apprentissage secteur public (Loi de 1992)', 'Contrat apprentissage secteur public', '0', 'user'),
('CONTR_TRAV', 'S21.G00.40.008', '99', '13', 'Non concerné', 'Non concerné', 'Non concerné', '0', 'user'),
('CONTR_TRAV', 'S21.G00.40.011', '10', '1', 'heure', 'heure', 'heure', '0', 'user'),
('CONTR_TRAV', 'S21.G00.40.011', '12', '2', 'journée', 'journée', 'journée', '0', 'user'),
('CONTR_TRAV', 'S21.G00.40.011', '20', '3', 'forfait jour', 'forfait jour', 'forfait jour', '0', 'user'),
('CONTR_TRAV', 'S21.G00.40.011', '21', '4', 'forfait heure', 'forfait heure', 'forfait heure', '0', 'user'),
('CONTR_TRAV', 'S21.G00.40.011', '31', '5', 'à la pige', 'à la pige', 'à la pige', '0', 'user'),
('CONTR_TRAV', 'S21.G00.40.011', '32', '6', 'à la vacation', 'à la vacation', 'à la vacation', '0', 'user'),
('CONTR_TRAV', 'S21.G00.40.011', '33', '7', 'à la tâche', 'à la tâche', 'à la tâche', '0', 'user'),
('CONTR_TRAV', 'S21.G00.40.011', '90', '8', 'sal. ss unit msr ctr', 'salarié sans unité de mesure définie au contrat', 'salarié ss unité mes. Défini au contr', '0', 'user'),
('CONTR_TRAV', 'S21.G00.40.011', '99', '9', 'salarié non concer', 'salarié non concerné', 'salarié non concerné', '0', 'user'),
('CONTR_TRAV', 'S21.G00.40.014', '10', '1', 'temps plein', 'temps plein', 'temps plein', '0', 'user'),
('CONTR_TRAV', 'S21.G00.40.014', '20', '2', 'temps partiel', 'temps partiel', 'temps partiel', '0', 'user'),
('CONTR_TRAV', 'S21.G00.40.014', '21', '3', 'tmps part thérapeut', 'temps partiel thérapeutique', 'temps partiel thérapeutique', '0', 'user'),
('CONTR_TRAV', 'S21.G00.40.014', '99', '4', 'salarié non concer', 'salarié non concerné', 'salarié non concerné', '0', 'user'),
('CONTR_TRAV', 'S21.G00.40.016', '1', '1', 'rg lcal Alsce Mosel', 'régime local Alsace Moselle', 'régime local Alsace Moselle', '0', 'user'),
('CONTR_TRAV', 'S21.G00.40.016', '2', '2', 'compltaire CAMIEG', 'complémentaire CAMIEG', 'complémentaire CAMIEG', '0', 'user'),
('CONTR_TRAV', 'S21.G00.40.016', '3', '3', 'rAlscMsel&ct CAMIEG', 'régime Alsace-Moselle et Complémentaire CAMIEG', 'rég Alsace-Moselle Compltaire CAMIEG', '0', 'user'),
('CONTR_TRAV', 'S21.G00.40.016', '99', '4', 'non applicable', 'non applicable', 'non applicable', '0', 'user'),
('CONTR_TRAV', 'S21.G00.40.018', '134', '1', 'régime spéc SNCF', 'régime spécial de la SNCF', 'régime spécial de la SNCF', '0', 'user'),
('CONTR_TRAV', 'S21.G00.40.018', '135', '2', 'régime spéc RATP', 'régime spécial de la RATP', 'régime spécial de la RATP', '0', 'user'),
('CONTR_TRAV', 'S21.G00.40.018', '136', '3', 'étab Inv Marin ENIM', 'établissement des invalides de la marine (ENIM)', 'établissement invalides marine (ENIM)', '0', 'user'),
('CONTR_TRAV', 'S21.G00.40.018', '137', '4', 'mineurs (CANMSS)', 'mineurs ou assimilés (CANMSS)', 'mineurs ou assimilés (CANMSS)', '0', 'user'),
('CONTR_TRAV', 'S21.G00.40.018', '138', '5', 'militaires (CNMSS)', 'militaires de carrière (CNMSS)', 'militaires de carrière (CNMSS)', '0', 'user'),
('CONTR_TRAV', 'S21.G00.40.018', '140', '6', 'clerc emp.not CRPCEN', 'clercs et employés de notaires (CRPCEN)', 'clercs et employés de notaires (CRPCEN)', '0', 'user'),
('CONTR_TRAV', 'S21.G00.40.018', '141', '7', 'C.C.I. de Paris', 'chambre de commerce et d''industrie de Paris', 'chambre commerce et industrie de Paris', '0', 'user'),
('CONTR_TRAV', 'S21.G00.40.018', '144', '8', 'Assemblée Nationale', 'Assemblée Nationale', 'Assemblée Nationale', '0', 'user'),
('CONTR_TRAV', 'S21.G00.40.018', '145', '9', 'Sénat', 'Sénat', 'Sénat', '0', 'user'),
('CONTR_TRAV', 'S21.G00.40.018', '146', '10', 'port de Bordeaux', 'port autonome de Bordeaux', 'port autonome de Bordeaux', '0', 'user'),
('CONTR_TRAV', 'S21.G00.40.018', '147', '11', 'rg ind él&gz CAMIEG', 'régime spéc industries électriques et gazières (CAMIEG)', 'rég spcial indus électr & gaz (CAMIEG)', '0', 'user'),
('CONTR_TRAV', 'S21.G00.40.018', '149', '12', 'rég. cultes CAVIMAC', 'régimes des cultes (CAVIMAC)', 'régimes des cultes (CAVIMAC)', '0', 'user'),
('CONTR_TRAV', 'S21.G00.40.018', '200', '13', 'régime gal CNAM', 'régime général (CNAM)', 'régime général (CNAM)', '0', 'user'),
('CONTR_TRAV', 'S21.G00.40.018', '300', '14', 'régime agricole MSA', 'régime agricole (MSA)', 'régime agricole (MSA)', '0', 'user'),
('CONTR_TRAV', 'S21.G00.40.018', '400', '15', 'rg scial B.D.F.', 'régime spécial Banque de France', 'régime spécial Banque de France', '0', 'user'),
('CONTR_TRAV', 'S21.G00.40.018', '900', '16', 'a.rég Pol.Fr,Nv-Cal', 'autre régime (Polynésie Française, Nouvelle Calédonie)', 'autre régme (Poly.Franc,Nvelle Caléd)', '0', 'user'),
('CONTR_TRAV', 'S21.G00.40.020', '120', '1', 'rt ag col.loc CNRACL', 'retraite des agents des collectivités locales (CNRACL)', 'retraite agts collect. locales (CNRACL)', '0', 'user'),
('CONTR_TRAV', 'S21.G00.40.020', '121', '2', 'ps ouv ind FSPOEIE', 'pensions ouvriers établiss. industriels de l''Etat (FSPOEIE)', 'pens ouvriers étab indus Etat FSPOEIE', '0', 'user'),
('CONTR_TRAV', 'S21.G00.40.020', '122', '3', 'ps civ&mil ret SRE', 'pensions civiles et militaires de retraite de l''Etat (SRE)', 'pens civil&milit retr Etat (SRE)', '0', 'user'),
('CONTR_TRAV', 'S21.G00.40.020', '134', '4', 'régime spéc SNCF', 'régime spécial de la SNCF', 'régime spécial de la SNCF', '0', 'user'),
('CONTR_TRAV', 'S21.G00.40.020', '135', '5', 'régime spéc RATP', 'régime spécial de la RATP', 'régime spécial de la RATP', '0', 'user'),
('CONTR_TRAV', 'S21.G00.40.020', '136', '6', 'étab inv Marin ENIM', 'établissement des invalides de la marine (ENIM)', 'établissement invalides Marine (ENIM)', '0', 'user'),
('CONTR_TRAV', 'S21.G00.40.020', '137', '7', 'mineurs (fd Ca.Dép)', 'mineurs ou assimilés (fonds Caisse des Dépôts)', 'mineurs ou assim (Caisse des Dépôts)', '0', 'user'),
('CONTR_TRAV', 'S21.G00.40.020', '139', '8', 'Banque de France', 'Banque de France', 'Banque de France', '0', 'user'),
('CONTR_TRAV', 'S21.G00.40.020', '140', '9', 'clerc emp.not CRPCEN', 'clercs et employés de notaires (CRPCEN)', 'clercs et employés de notaires (CRPCEN)', '0', 'user'),
('CONTR_TRAV', 'S21.G00.40.020', '141', '10', 'C.C.I. de Paris', 'chambre de commerce et d''industrie de Paris', 'chambre commerce et industrie de Paris', '0', 'user'),
('CONTR_TRAV', 'S21.G00.40.020', '144', '11', 'Assemblée Nationale', 'Assemblée Nationale', 'Assemblée Nationale', '0', 'user'),
('CONTR_TRAV', 'S21.G00.40.020', '145', '12', 'Sénat', 'Sénat', 'Sénat', '0', 'user'),
('CONTR_TRAV', 'S21.G00.40.020', '147', '13', 'rg ind él&gaz CNIEG', 'régime spéc industries électriques et gazières (CNIEG)', 'rég spcial indus électr & gaz (CNIEG)', '0', 'user'),
('CONTR_TRAV', 'S21.G00.40.020', '149', '14', 'rég. cultes CAVIMAC', 'régime des cultes (CAVIMAC)', 'régime des cultes (CAVIMAC)', '0', 'user'),
('CONTR_TRAV', 'S21.G00.40.020', '157', '15', 'rég ret avocat CNBF', 'régime de retraite des avocats (CNBF)', 'régime de retraite des avocats (CNBF)', '0', 'user'),
('CONTR_TRAV', 'S21.G00.40.020', '158', '16', 'SEITA', 'SEITA', 'SEITA', '0', 'user'),
('CONTR_TRAV', 'S21.G00.40.020', '159', '17', 'Comédie Française', 'Comédie Française', 'Comédie Française', '0', 'user'),
('CONTR_TRAV', 'S21.G00.40.020', '160', '18', 'Opéra de Paris', 'Opéra de Paris', 'Opéra de Paris', '0', 'user'),
('CONTR_TRAV', 'S21.G00.40.020', '200', '19', 'régime gal CNAV', 'régime général (CNAV)', 'régime général (CNAV)', '0', 'user'),
('CONTR_TRAV', 'S21.G00.40.020', '300', '20', 'régime agric MSA', 'régime agricole (MSA)', 'régime agricole (MSA)', '0', 'user'),
('CONTR_TRAV', 'S21.G00.40.020', '900', '21', 'a.rég Pol.Fr,Nv-Cal', 'autre régime (Polynésie Française, Nouvelle Calédonie)', 'autre rég (Poly Franc,Nvelle Caléd.)', '0', 'user'),
('CONTR_TRAV', 'S21.G00.40.020', '903', '22', 'sal.étr ex vieil', 'salariés étrangers ex d''affil. pour risque vieillesse', 'sal. étrger ex affil risq vieillesse', '0', 'user'),
('CONTR_TRAV', 'S21.G00.40.020', '904', '23', 'principauté Monaco', 'principauté de Monaco', 'principauté de Monaco', '0', 'user'),
('CONTR_TRAV', 'S21.G00.40.020', '999', '24', 'cas part. affiliat.', 'cas particuliers d''affiliation', 'cas particuliers d''affiliation', '0', 'user'),
('PERIODERECUE', 'ETAT', 'ARI', '2', 'A réintégrer', 'A réintégrer', 'A réintégrer', '0', 'user'),
('PERIODERECUE', 'ETAT', 'ENC', '3', 'En cours intégrat°', 'En cours d''intégration', 'En cours d''intégration', '0', 'user'),
('PERIODERECUE', 'ETAT', 'ING', '6', 'Intég sign levés', 'Intégrée signalements acquittés gestion', 'Intégrée signlts acquittés gestion', '0', 'user'),
('PERIODERECUE', 'ETAT', 'INS', '5', 'Intégr avec signlts', 'Intégrée avec signalements', 'Intégrée avec signalements', '0', 'user'),
('PERIODERECUE', 'ETAT', 'INT', '4', 'Intégrée', 'Intégrée', 'Intégrée', '0', 'user'),
('PERIODERECUE', 'ETAT', 'NIN', '7', 'Non intégrée', 'Non intégrée', 'Non intégrée', '0', 'user'),
('PERIODERECUE', 'ETAT', 'RCP', '1', 'En réception', 'En réception', 'En réception', '0', 'user'),
('PERIODERECUE', 'ETAT', 'SSG', '9', 'Sans suite gestion', 'Sans suite gestion', 'Sans suite gestion', '0', 'user'),
('PERIODERECUE', 'ETAT', 'TPG', '8', 'Traitée par gestion', 'Traitée par gestion', 'Traitée par gestion', '0', 'user'),
('PERIODERECUE', 'TYPE', 'CPL', '2', 'Complément', 'Complément', 'Complément', '0', 'user'),
('PERIODERECUE', 'TYPE', 'DEC', '1', 'Déclaration', 'Déclaration', 'Déclaration', '0', 'user'),
('PERIODERECUE', 'TYPE', 'REG', '3', 'Régularisation', 'Régularisation', 'Régularisation', '0', 'user');


INSERT INTO CATEGORIE_QUITTANCEMENT_INDIVIDU(ID_TECH,ID_PERIODE,NOCAT,INDIVIDU,LICAT,CONBCOT,MT_COTISATION,EFFECTIF_DEBUT,EFFECTIF_FIN,USER_CREATION)
VALUES
(null, '00000000001', '052', 'TOUS         ', 'CADRE DIR', '8', '4500', 23, 23, 'user'),
(null, '00000000002', '102', 'TOUS         ', 'CADRE DIR2', '8', '4500', 23, 23, 'user'),
(null, '00000000002', '141', 'TOUS         ', 'CADRE DIR3', '8', '4500', 23, 23, 'user')
;





INSERT INTO ADHESION_ETABLISSEMENT_MOIS(ID_ADH_ETAB_MOIS,CODE_ESSAI_REEL,TYPE_ENVOI,SIREN_EMETTEUR,NIC_EMETEUR,NOM_EMETTEUR,VOIE_EMETTEUR,CODE_POSTAL_EMETTEUR,LOCALITE_EMETTEUR,PAYS_EMETTEUR,CODE_DISTRIB_EMETTEUR,COMPLEMENT_CONSTRUCTION_EMETTEUR,COMPLEMENT_VOIE_EMETTEUR,CIVILITE_CONTACT,NOM_CONTACT,MAIL_CONTACT,TEL_CONTACT,FAX_CONTACT,TYPE_DECLARATION,NUMERO_ORDRE_DECLARATION,MOIS_DECLARE,MOIS_RATTACHEMENT,DATE_FICHIER,CHAMP_DECLARATION,IDENTIFIANT_METIER,DEVISE_DECLARATION,SIREN_ENTREPRISE,NIC_ENTREPRISE,CODE_APEN,VOIE_ENTREPRISE,CODE_POSTAL_ENTREPRISE,LOCALITE_ENTREPRISE,COMPLEMENT_CONSTRUCTION_ENTREPRISE,COMPLEMENT_VOIE_ENTREPRISE,EFFECTIF_MOYEN_ENTREPRISE,PAYS_ENTREPRISE,CODE_DISTRIB_ENTREPRISE,IMPLANTATION_ENTREPRISE,RAISON_SOCIALE_ENTREPRISE,NIC_ETABLISSEMENT,CODE_APET,VOIE_ETABLISSEMENT,CODE_POSTAL_ETABLISSEMENT,LOCALITE_ETABLISSEMENT,COMPLEMENT_CONSTRUCTION_ETABLISSEMENT,COMPLEMENT_VOIE_ETABLISSEMENT,EFFECTIF_FIN_PERIODE_ETABLISSEMENT,PAYS_ETABLISSEMENT,CODE_DISTRIB_ETABLISSEMENT,NATURE_JURIDIQUE_ETABLISSEMENT,CODE_INSEE,DATE_ECHEANCE,CATEGORIE_JURIDIQUE,ENSEIGNE_ETABLISSEMENT,REFERENCE_CONTRAT,CODE_ORGANISME,CODE_DELEG_COT,PERSONNEL_COUVERT,TMP_BATCH,USER_CREATION)
VALUES
('201601051313380000000001451001', '02', '01', '446412145', '15555', 'PAUL                                                        ', '1 rue du chanvre                                  ', '31000', 'TOULOUSE                                          ', 'FR', '                                                  ', '                                                  ', '                                                  ', '01', 'Pomme                                                                           ', 'james.pomme@lemail.fr                                                                               ', '                    ', '                    ', '02', '000000000000036', '20150601', '20150601', '20151201', '01', '               ', '01', '0049417hi', '00049', '0112P', '100 Boulevard des capucines                       ', '69001', 'LYON                                              ', '                                                  ', '                                                  ', '0000400', '  ', '                                                  ', '  ', 'EXPANSION CORP1                                                                 ', '600hi', '1234S', '2 rue de la choucroute                            ', '31000', 'TOULOUSE                                          ', '                                                  ', '                                                  ', '000050', '  ', '                                                  ', '01', '     ', '20151105', '    ', 'HEINZE SA                                                                       ', '001065900433000               ', 'A4M001   ', '      ', '01', '0', 'user'),
('201601051313380000000001451002', '02', '01', '446412145', '15555', 'PAUL                                                        ', '2 rue du chanvre                                  ', '31000', 'TOULOUSE                                          ', 'FR', '                                                  ', '                                                  ', '                                                  ', '01', 'Pomme                                                                           ', 'james.pomme@lemail.fr                                                                               ', '                    ', '                    ', '02', '000000000000041', '20150701', '20150701', '20151201', '01', '               ', '01', '0049417ho', '00049', '0112P', '100 Boulevard des capucines                       ', '69001', 'LYON                                              ', '                                                  ', '                                                  ', '0000400', '  ', '                                                  ', '  ', 'EXPANSION CORP2                                                                 ', '800ho', '4678P', '2 rue de la choucroute                            ', '31000', 'TOULOUSE                                          ', '                                                  ', '                                                  ', '000050', '  ', '                                                  ', '01', '     ', '20151105', '    ', 'PRINGLES                                                                        ', '000893600277000               ', 'A4M001   ', '      ', '01', '0', 'user'),
('201601051313380000000001451003', '02', '01', '446412145', '15555', 'PAUL                                                        ', '3 rue du chanvre                                  ', '31000', 'TOULOUSE                                          ', 'FR', '                                                  ', '                                                  ', '                                                  ', '01', 'Pomme                                                                           ', 'james.pomme@lemail.fr                                                                               ', '                    ', '                    ', '02', '000000000000036', '20150701', '20150701', '20151201', '01', '               ', '01', '0049417hi', '00049', '0112P', '100 Boulevard des capucines                       ', '69001', 'LYON                                              ', '                                                  ', '                                                  ', '0000400', '  ', '                                                  ', '  ', 'EXPANSION CORP5                                                                 ', '600hi', '1234S', '2 rue de la choucroute                            ', '31000', 'TOULOUSE                                          ', '                                                  ', '                                                  ', '000050', '  ', '                                                  ', '01', '     ', '20151105', '    ', 'HEINZE SA                                                                       ', '001065900433000               ', 'A4M001   ', '      ', '01', '0', 'user'),
('201601051313380000000001451004', '02', '01', '446412145', '15555', 'PAUL                                                        ', '4 rue du chanvre                                  ', '31000', 'TOULOUSE                                          ', 'FR', '                                                  ', '                                                  ', '                                                  ', '01', 'Pomme                                                                           ', 'james.pomme@lemail.fr                                                                               ', '                    ', '                    ', '02', '000000000000041', '20151001', '20151001', '20151201', '01', '               ', '01', '0049417ha', '00049', '0112P', '100 Boulevard des capucines                       ', '69001', 'LYON                                              ', '                                                  ', '                                                  ', '0000400', '  ', '                                                  ', '  ', 'EXPANSION CORP4                                                                 ', '800ha', '4678P', '2 rue de la choucroute                            ', '31000', 'TOULOUSE                                          ', '                                                  ', '                                                  ', '000050', '  ', '                                                  ', '01', '     ', '20151105', '    ', 'PRINGLES                                                                        ', '000893600277000               ', 'A4M001   ', '      ', '01', '0', 'user'),
('201601051313380000000001451101', '02', '01', '446412145', '15555', 'PAUL                                                        ', '5 rue du chanvre                                  ', '31000', 'TOULOUSE                                          ', 'FR', '                                                  ', '                                                  ', '                                                  ', '01', 'Pomme                                                                           ', 'james.pomme@lemail.fr                                                                               ', '                    ', '                    ', '02', '000000000000041', '20151001', '20151001', '20151201', '01', '               ', '01', '0049417he', '00049', '0112P', '100 Boulevard des capucines                       ', '69001', 'LYON                                              ', '                                                  ', '                                                  ', '0000400', '  ', '                                                  ', '  ', 'EXPANSION CORP3                                                                 ', '800he', '4678P', '2 rue de la choucroute                            ', '31000', 'TOULOUSE                                          ', '                                                  ', '                                                  ', '000050', '  ', '                                                  ', '01', '     ', '20151105', '    ', 'PRINGLES                                                                        ', '000893600277000               ', 'A4M001   ', '      ', '01', '0', 'user'),
('201601051313380000000071940301', '02', '01', '446412145', '15555', 'PAUL                                                        ', '1 rue du chanvre                                  ', '31000', 'TOULOUSE                                          ', 'FR', '                                                  ', '                                                  ', '                                                  ', '01', 'Pomme                                                                           ', 'james.pomme@lemail.fr                                                                               ', '                    ', '                    ', '02', '000000000000035', '20150701', '20150701', '20150701', '01', '               ', '01', '004941797', '00045', '0112P', '100 Boulevard des capucines                       ', '69001', 'LYON                                              ', '                                                  ', '                                                  ', '0000400', '  ', '                                                  ', '  ', 'EXPANSION CORP                                                                  ', '60030', '1234T', '2 rue de la choucroute                            ', '31000', 'AUFOND', '                                                  ', '                                                  ', '000050', '  ', '                                                  ', '01', '     ', '20151105', '    ', 'EAUDI                                                                           ', '802215000688000', 'A4M001   ', '      ', '01', '0', 'user'),
('201601051313380000000071940304', '02', '01', '446412145', '15555', 'PAUL                                                        ', '2 rue du chanvre                                  ', '31000', 'TOULOUSE                                          ', 'FR', '                                                  ', '                                                  ', '                                                  ', '01', 'Pomme                                                                           ', 'james.pomme@lemail.fr                                                                               ', '                    ', '                    ', '02', '000000000000035', '20150701', '20150701', '20150701', '01', '               ', '01', '004941799', '00049', '0112P', '100 Boulevard des capucines                       ', '69001', 'LYON                                              ', '                                                  ', '                                                  ', '0000400', '  ', '                                                  ', '  ', 'EXPANSION CORP                                                                  ', '60030', '1234T', '2 rue de la choucroute                            ', '31000', 'LYON', '                                                  ', '                                                  ', '000050', '  ', '                                                  ', '01', '     ', '20151105', '    ', 'EAUDI                                                                           ', '802215000688000', 'A4M001   ', '      ', '01', '0', 'user'),
('201601051313380000000101940304', '02', '01', '446412145', '15555', 'PAUL                                                        ', '3 rue du chanvre                                  ', '31000', 'TOULOUSE                                          ', 'FR', '                                                  ', '                                                  ', '                                                  ', '01', 'Pomme                                                                           ', 'james.pomme@lemail.fr                                                                               ', '                    ', '                    ', '02', '000000000000035', '20151001', '20151001', '20151001', '01', '               ', '01', '004941799', '00049', '0112P', '100 Boulevard des capucines                       ', '69001', 'LYON                                              ', '                                                  ', '                                                  ', '0000400', '  ', '                                                  ', '  ', 'EXPANSION CORP                                                                  ', '60030', '1234T', '2 rue de la choucroute                            ', '31000', 'LYON', '                                                  ', '                                                  ', '000050', '  ', '                                                  ', '01', '     ', '20151105', '    ', 'EAUDI                                                                           ', '802215000688000', 'A4M001   ', '      ', '01', '0', 'user'),
('201601051313380000000091940303', '02', '01', '446412145', '15555', 'PAUL                                                        ', '4 rue du chanvre                                  ', '31000', 'TOULOUSE                                          ', 'FR', '                                                  ', '                                                  ', '                                                  ', '01', 'Pomme                                                                           ', 'james.pomme@lemail.fr                                                                               ', '                    ', '                    ', '02', '000000000000035', '20150901', '20150901', '20150901', '01', '               ', '01', '004941899', '00055', '0112P', '100 Boulevard des capucines                       ', '69001', 'LYON                                              ', '                                                  ', '                                                  ', '0000400', '  ', '                                                  ', '  ', 'EXPANSION CORP                                                                  ', '60030', '1234T', '2 rue de la choucroute                            ', '31000', 'AGAUCHE', '                                                  ', '                                                  ', '000050', '  ', '                                                  ', '01', '     ', '20151105', '    ', 'EAUDI                                                                           ', '802215000688000', 'A4M001   ', '      ', '01', '0', 'user'),
('201601051313380000000121940302', '02', '01', '446412145', '15555', 'PAUL                                                        ', '5 rue du chanvre                                  ', '31000', 'TOULOUSE                                          ', 'FR', '                                                  ', '                                                  ', '                                                  ', '01', 'Pomme                                                                           ', 'james.pomme@lemail.fr                                                                               ', '                    ', '                    ', '02', '000000000000035', '20151201', '20151201', '20151201', '01', '               ', '01', '004941799', '00049', '0112P', '100 Boulevard des capucines                       ', '69001', 'LYON                                              ', '                                                  ', '                                                  ', '0000400', '  ', '                                                  ', '  ', 'EXPANSION CORP                                                                  ', '60030', '1234T', '2 rue de la choucroute                            ', '31000', 'HAUTFOND', '                                                  ', '                                                  ', '000050', '  ', '                                                  ', '01', '     ', '20151105', '    ', 'EAUDI                                                                           ', '802215000688000', 'A4M001   ', '      ', '01', '0', 'user'),
('201601051313380000000121940305', '02', '01', '446412145', '15555', 'PAUL                                                        ', '6 rue du chanvre                                  ', '31000', 'TOULOUSE                                          ', 'FR', '                                                  ', '                                                  ', '                                                  ', '01', 'Pomme                                                                           ', 'james.pomme@lemail.fr                                                                               ', '                    ', '                    ', '02', '000000000000035', '20151201', '20151201', '20151201', '01', '               ', '01', '004941799', '00049', '0112P', '100 Boulevard des capucines                       ', '69001', 'LYON                                              ', '                                                  ', '                                                  ', '0000400', '  ', '                                                  ', '  ', 'EXPANSION CORP                                                                  ', '60030', '1234T', '2 rue de la choucroute                            ', '31000', 'HAUTFOND', '                                                  ', '                                                  ', '000050', '  ', '                                                  ', '01', '     ', '20151105', '    ', 'EAUDI                                                                           ', '802215000688000', 'A4M001   ', '      ', '01', '0', 'user'),
('201601051313380000000101940395', '02', '01', '446412145', '15555', 'PAUL                                                        ', '8 rue du chanvre                                  ', '31000', 'TOULOUSE                                          ', 'FR', '                                                  ', '                                                  ', '                                                  ', '01', 'Pomme                                                                           ', 'james.pomme@lemail.fr                                                                               ', '                    ', '                    ', '02', '000000000000035', '20151201', '20151201', '20151201', '01', '               ', '01', '004941799', '00049', '0112P', '100 Boulevard des capucines                       ', '69001', 'LYON                                              ', '                                                  ', '                                                  ', '0000400', '  ', '                                                  ', '  ', 'EXPANSION CORP                                                                  ', '60030', '1234T', '2 rue de la choucroute                            ', '31000', 'HAUTFOND', '                                                  ', '                                                  ', '000050', '  ', '                                                  ', '01', '     ', '20151105', '    ', 'EAUDI                                                                           ', '802215000688000', 'A4M001   ', '      ', '01', '0', 'user'),
('201601051313380000000101940396', '02', '01', '446412145', '15555', 'PAUL                                                        ', '9 rue du chanvre                                  ', '31000', 'TOULOUSE                                          ', 'FR', '                                                  ', '                                                  ', '                                                  ', '01', 'Pomme                                                                           ', 'james.pomme@lemail.fr                                                                               ', '                    ', '                    ', '02', '000000000000035', '20151201', '20151201', '20151201', '01', '               ', '01', '004941799', '00049', '0112P', '100 Boulevard des capucines                       ', '69001', 'LYON                                              ', '                                                  ', '                                                  ', '0000400', '  ', '                                                  ', '  ', 'EXPANSION CORP                                                                  ', '60030', '1234T', '2 rue de la choucroute                            ', '31000', 'HAUTFOND', '                                                  ', '                                                  ', '000050', '  ', '                                                  ', '01', '     ', '20151105', '    ', 'EAUDI                                                                           ', '802215000688000', 'A4M001   ', '      ', '01', '0', 'user'),
('201601051313380000000101940397', '02', '01', '446412145', '15555', 'PAUL                                                        ', '10 rue du chanvre                                 ', '31000', 'TOULOUSE                                          ', 'FR', '                                                  ', '                                                  ', '                                                  ', '01', 'Pomme                                                                           ', 'james.pomme@lemail.fr                                                                               ', '                    ', '                    ', '02', '000000000000035', '20151201', '20151201', '20151201', '01', '               ', '01', '004941799', '00049', '0112P', '100 Boulevard des capucines                       ', '69001', 'LYON                                              ', '                                                  ', '                                                  ', '0000400', '  ', '                                                  ', '  ', 'EXPANSION CORP                                                                  ', '60030', '1234T', '2 rue de la choucroute                            ', '31000', 'HAUTFOND', '                                                  ', '                                                  ', '000050', '  ', '                                                  ', '01', '     ', '20151105', '    ', 'EAUDI                                                                           ', '802215000688000', 'A4M001   ', '      ', '01', '0', 'user'),
('201601051313380000000101940398', '02', '01', '446412145', '15555', 'PAUL                                                        ', '16 rue du chanvre                                 ', '31000', 'TOULOUSE                                          ', 'FR', '                                                  ', '                                                  ', '                                                  ', '01', 'Pomme                                                                           ', 'james.pomme@lemail.fr                                                                               ', '                    ', '                    ', '02', '000000000000035', '20151201', '20151201', '20151201', '01', '               ', '01', '004941799', '00049', '0112P', '100 Boulevard des capucines                       ', '69001', 'LYON                                              ', '                                                  ', '                                                  ', '0000400', '  ', '                                                  ', '  ', 'EXPANSION CORP                                                                  ', '60030', '1234T', '2 rue de la choucroute                            ', '31000', 'HAUTFOND', '                                                  ', '                                                  ', '000050', '  ', '                                                  ', '01', '     ', '20151105', '    ', 'EAUDI                                                                           ', '802215000688000', 'A4M001   ', '      ', '01', '0', 'user');



--

INSERT INTO INDIVIDU(ID_INDIVIDU,ID_ADH_ETAB_MOIS,IDENTIFIANT_REPERTOIRE,NOM_FAMILLE,NOM_USAGE,PRENOM,SEXE,DATE_NAISSANCE,LIEU_NAISSANCE,VOIE,CODE_POSTAL,LOCALITE,CODE_PAYS,CODE_DISTRIBUTION,DEPARTEMENT_NAISSANCE,PAYS_NAISSANCE,COMPLEMENT_CONSTRUCTION,COMPLEMENT_VOIE,MAIL,MATRICULE,NTT,NOMBRE_ENFANTS,STATUT_ETRANGER,EMBAUCHE,TMP_BATCH,USER_CREATION)
VALUES
('201601051313380000000006451001', '201601051313380000000001451001', '1761217502270', 'McEnroe                                                                         ', 'McEnroe                                                                         ', 'John                                                                            ', '01', '19400101', 'PARIS                         ', '1, allée des poutres                              ', '75000', 'Paris                                             ', '  ', '                                                  ', '75', 'FR', '                                                  ', 'Ter                                               ', 'jean@mail.fr                                                                                        ', '16432350                      ', '                                        ', '00', '  ', '01', '0', 'user'),
('201601051313380000000006451002', '201601051313380000000001451001', '1761217502260', 'McAfi                                                                           ', 'McAfi                                                                           ', 'Ame                                                                             ', '01', '19400101', 'PARIS                         ', '1, allée des poutres                              ', '75000', 'Paris                                             ', '  ', '                                                  ', '75', 'FR', '                                                  ', 'Ter                                               ', 'jean@mail.fr                                                                                        ', '16432350                      ', '                                        ', '00', '  ', '01', '0', 'user'),
('201601051313380000000006451003', '201601051313380000000001451001', '1761217502250', 'McAfi                                                                           ', 'McAfi                                                                           ', 'Norton                                                                          ', '01', '19400101', 'PARIS                         ', '1, allée des poutres                              ', '75000', 'Paris                                             ', '  ', '                                                  ', '75', 'FR', '                                                  ', 'Ter                                               ', 'jean@mail.fr                                                                                        ', '16432350                      ', '                                        ', '00', '  ', '01', '0', 'user'),
('201601051313380000000006451004', '201601051313380000000001451001', '1761217502280', 'Bridge                                                                          ', 'Bridge                                                                          ', 'Overfloods                                                                      ', '01', '19400101', 'PARIS                         ', '1, allée des poutres                              ', '75000', 'Paris                                             ', '  ', '                                                  ', '75', 'FR', '                                                  ', 'Ter                                               ', 'jean@mail.fr                                                                                        ', '16432350                      ', '                                        ', '00', '  ', '01', '0', 'user'),
('201601051313380000000006451101', '201601051313380000000001451101', '1761217521313', 'Bart                                                                            ', 'Bart                                                                            ', 'Simpson                                                                         ', '01', '19900204', 'PARIS                         ', '91, allée des loutres                             ', '75000', 'Paris                                             ', '  ', '                                                  ', '75', 'FR', '                                                  ', 'Ter                                               ', 'jean@mail.fr                                                                                        ', '59912400                      ', '                                        ', '00', '  ', '01', '0', 'user');

INSERT INTO CONTRAT_TRAVAIL(ID_CONTRAT_TRAVAIL,ID_INDIVIDU,DATE_DEBUT_CONTRAT,STATUT_CONVENTIONNEL,CODE_STATUT_RC,CODE_PROFESSION,COMPLEMENT_PROFESSION,LIBELLE_EMPLOI,NATURE_CONTRAT,DISPOSITIF_POLITIQUE,NUMERO_CONTRAT,DATE_FIN_PREVISIONNELLE,UNITE_MESURE,QUOTITE_CATEGORIE,QUOTITE,MODALITE_TEMPS,REGIME_LOCAL,CODE_CONVENTION_COLLECTIVE,REGIME_MALADIE,LIEU_TRAVAIL,REGIME_VIEILLESSE,MOTIF_RECOURS,TAUX_FRAIS_PROFESSIONNELS,DETACHE_EXPATRIE,MOTIF_EXCLUSION_DSN,STATUT_EMPLOI,CODE_GESTIONNAIRE_RISQUE,CODE_EMPLOIS_MULTIPLES,CODE_EMPLOYEURS_MULTIPLES,POSITION_CONVENTION_COLLECTIVE,CODE_STATUT_CATEGORIEL,TAUX_ACCIDENT_TRAVAIL,TPS_PARTIEL_COTIS_PLEIN,REMUNERATION_POURBOIRE,SIRET_ETABLISSEMENT,ENSEIGNE_ETABLISSEMENT,DATE_FIN_CONTRAT,MOTIF_RUPTURE,TMP_BATCH,USER_CREATION)
VALUES
('201601051313380000000010451001', '201601051313380000000006451001', '20110301', '02', '02', '434E', '      ', 'Educateur                                                                                                               ', '01', '80', '001065900433000     ', NULL, '10', '00000000', '00000000', '10', '01', '1111', '020', '00494179960017', '144', '08', '0000000', '  ', '  ', '  ', '   ', '  ', '  ', '     00494179944443      00494179944443      00494179944443      00494179944443      00494179944443 ', '33', '0000000', '  ', '  ', '00494179960017', 'HEINZE SA                                                                       ', NULL, '   ', '0', 'user'),
('201601051313380000000010451002', '201601051313380000000006451002', '20110301', '02', '02', '434E', '      ', 'Educateur                                                                                                               ', '01', '80', '001065900433000     ', NULL, '10', '00000000', '00000000', '10', '01', '1111', '020', '00494179960017', '144', '08', '0000000', '  ', '  ', '  ', '   ', '  ', '  ', '     00494179944443      00494179944443      00494179944443      00494179944443      00494179944443 ', '33', '0000000', '  ', '  ', '00494179960017', 'HEINZE SA                                                                       ', NULL, '   ', '0', 'user'),
('201601051313380000000010451003', '201601051313380000000006451003', '20110301', '02', '02', '434E', '      ', 'Educateur                                                                                                               ', '01', '80', '001065900433000     ', NULL, '10', '00000000', '00000000', '10', '01', '1111', '020', '00494179960017', '144', '08', '0000000', '  ', '  ', '  ', '   ', '  ', '  ', '     00494179944443      00494179944443      00494179944443      00494179944443      00494179944443 ', '33', '0000000', '  ', '  ', '00494179960017', 'HEINZE SA                                                                       ', NULL, '   ', '0', 'user'),
('201601051313380000000010451004', '201601051313380000000006451004', '20110301', '02', '02', '434E', '      ', 'Educateur                                                                                                               ', '01', '80', '001065900433000     ', NULL, '10', '00000000', '00000000', '10', '01', '1111', '020', '00494179960017', '144', '08', '0000000', '  ', '  ', '  ', '   ', '  ', '  ', '     00494179944443      00494179944443      00494179944443      00494179944443      00494179944443 ', '33', '0000000', '  ', '  ', '00494179960017', 'HEINZE SA                                                                       ', NULL, '   ', '0', 'user'),
('201601051313380000000010451101', '201601051313380000000006451101', '20110301', '02', '02', '434E', '      ', 'Educateur                                                                                                               ', '01', '80', '000893600277000     ', NULL, '10', '00000000', '00000000', '10', '01', '1111', '020', '00494179944443', '144', '08', '0000000', '  ', '  ', '  ', '   ', '  ', '  ', '     00494179944443      00494179944443      00494179944443      00494179944443      00494179944443 ', '33', '0000000', '  ', '  ', '00494179944443', 'PRINGLES                                                                        ', NULL, '   ', '0', 'user');

INSERT INTO AFFILIATION(ID_AFFILIATION,ID_CONTRAT_TRAVAIL,CODE_OPTION,CODE_POPULATION,NOMBRE_ENFANTS_CHARGE,NOMBRE_AYDR_ADULTES,NOMBRE_AYDR,NOMBRE_AYDR_AUTRES,NOMBRE_AYDR_ENFANTS,TMP_BATCH,USER_CREATION)
VALUES
('201601051313380000000012451001', '201601051313380000000010451001', '                              ', '959                           ', '00', '00', '00', '00', '00', '0', 'user'),
('201601051313380000000012451002', '201601051313380000000010451002', '                              ', '959                           ', '00', '00', '00', '00', '00', '0', 'user'),
('201601051313380000000012451003', '201601051313380000000010451003', '                              ', '959                           ', '00', '00', '00', '00', '00', '0', 'user'),
('201601051313380000000012451004', '201601051313380000000010451004', '                              ', '959                           ', '00', '00', '00', '00', '00', '0', 'user'),
('201601051313380000000012451101', '201601051313380000000010451101', '                              ', '                              ', '00', '00', '00', '00', '00', '0', 'user');

INSERT INTO BASE_ASSUJETTIE(ID_BASE_ASSUJETTIE,ID_AFFILIATION,DATE_DEB_RATTACHEMENT,DATE_FIN_RATTACHEMENT,MONTANT_COTISATION,TMP_BATCH,USER_CREATION)
VALUES
('201601051313380000000013451001', '201601051313380000000012451001', '20151001', '20151030', '0000000000000022.44', '0', 'user'),
('201601051313380000000013451101', '201601051313380000000012451101', '20151001', '20151030', '0000000000000422.44', '0', 'user');

INSERT INTO COMPOSANT_BASE_ASSUJETTIE(ID_COMPO_BASE_ASSUJETTIE,ID_BASE_ASSUJETTIE,TYPE_COMPO_BASE_ASSUJ,MONTANT_COMPO_BASE_ASSUJ,TMP_BATCH,USER_CREATION)
VALUES
('201601051313380000000015451001', '201601051313380000000013451001', '10', '0000000000000400.00', '0', 'user'),
('201601051313380000000015451101', '201601051313380000000013451001', '11', '0000000000000150.00', '0', 'user'),
('201601051313380000000015451104', '201601051313380000000013451101', '10', '0000000000000750.00', '0', 'user'),
('201601051313380000000015451105', '201601051313380000000013451101', '11', '00000000000007510.00', '0', 'user');

INSERT INTO VERSEMENT(ID_VERSEMENT,ID_ADH_ETAB_MOIS,ID_OPS,ENTITE_AFFECTATION,BIC,IBAN,MONTANT_VERSEMENT,COT_DELEG_COT_VRS,MODE_PAIEMENT,DATE_PAIEMENT,SIRET_PAYEUR,CODE_ID_FONDS,REF_PAIEMENT,TMP_BATCH,USER_CREATION)
VALUES
('201601051313380000000004782001', '201601051313380000000001451101', 'A4M001        ', '55500000005554', 'SOGEFRPPXXX', 'FR7613806000553041616545889       ', '0000000000000545.08', '      ', '01', '20151125', '55500000005554', 'IDFOND782001                                      ', 'PAIEMENT7820PREMIER                                                             ', '0', 'user'),
('201601051313380000000004782005', '201601051313380000000001451101', 'A4M001        ', '55500000005554', 'SOGEFRPPXXX', 'FR7613806000553041616545889       ', '0000000000000545.08', '      ', '01', '20151125', '55500000005554', 'IDFOND782001                                      ', 'PAIEMENT7820PREMIER                                                             ', '0', 'user');

INSERT INTO COMPOSANT_VERSEMENT(ID_COMPO_VERST,ID_VERSEMENT,MONTANT_VERSE,TYPE_POPULATION,CODE_AFFECTATION,PERIODE_AFFECTATION,CODE_ID_SOUSFONDS,TMP_BATCH,USER_CREATION)
VALUES
('201601051313380000000005782001', '201601051313380000000004782005', '0000000000000545.08', '                              ', '002109300005000               ', '2015M11', 'IDSOUSFOND782001                                  ', '0', 'user'),
('201601051313380000000005782002', '201601051313380000000004782005', '0000000000000145.00', '                              ', '002109300005000               ', '2015M11', 'IDSOUSFOND782001                                  ', '0', 'user');

INSERT INTO RATTACHEMENT_DECLARATIONS_RECUES(ID_TECH,ID_PERIODE,ID_ADH_ETAB_MOIS,TMP_BATCH,USER_CREATION)
VALUES
(null, '00000000005', '201601051313380000000001451001', '0', 'user'),
(null, '00000000005', '201601051313380000000001451003', '0', 'user'),
(null, '00000000003', '201601051313380000000121940305', '0', 'user'),
(null, '00000000005', '201601051313380000000001451002', '0', 'user'),
(null, '00000000002', '201601051313380000000071940301', '0', 'user'),
(null, '00000000002', '201601051313380000000071940304', '0', 'user'),
(null, '00000000002', '201601051313380000000091940303', '0', 'user'),
(null, '00000000002', '201601051313380000000101940304', '0', 'user'),
(null, '00000000004', '201601051313380000000101940395', '0', 'user'),
(null, '00000000001', '201601051313380000000101940396', '0', 'user'),
(null, '00000000006', '201601051313380000000101940397', '0', 'user'),
(null, '00000000007', '201601051313380000000101940398', '0', 'user'),
(null, '00000000002', '201601051313380000000121940302', '0', 'user');


INSERT INTO HISTO_ETAT_PERIODE(ID_TECH,ID_PERIODE,DATEHMS_CHANGEMENT,ETAT_PERIODE,ORIGINE,UTILISATEUR,COMMENTAIRE, USER_CREATION)
VALUES
('00007820801', '00000000005', '20151105134444', 'RCP', 'RDC', 'WolVerine', 'comm1', 'user');

INSERT INTO INDICATEURS_DSN_PERIODES(NOCO,DEBUT_PERIODE,FIN_PERIODE,DT_DEB_RCPT_DSN,DT_MODIF_IND,GEST_MODIF_IND,MOTIF_CHGT_IND,EXPLOIT,DT_DEB_EXPLOIT,EDIT_CONS_PAIMT,DT_DEB_EDIT_CONS_PAIMT,MODE_GEST,DT_DEB_MODE_GEST,TRANSFERT,DT_DEB_TRANSFERT,VAR_ETAB_NB,VAR_ETAB_PC,VAR_SAL_NB,VAR_SAL_PC,CTL_TYPE_BASE_ASSUJ,MODE_NAT_CONT,VIP,MODE_REAFF_CAT_EFFECTIF,TMP_BATCH,USER_CREATION,ID_TECH,USER_MISE_A_JOUR)
VALUES
('000893600625000', '20160915', '20161015', '20151101', 20150415, null, 'JEU DE DONNEES FLUX 9 _ INDIC', 'OUI', '20151101', 'OUI', '20151101', 'O', '20150101', 'OUI', '20150101', '5', '10', '5', '10', 'BRR', 'L', 'N', 'DIREC', '0', 'USER', '00000000150', 'USER'),
('000000100001005', '20150114', '20151215', '20151101', 20150415, null, 'JEU DE DONNEES FLUX 9 _ INDIC', 'OUI', '20151101', 'OUI', '20151101', 'O', '20150101', 'OUI', '20150101', '5', '10', '5', '10', 'BRR', 'C', 'N', 'DIREC', '0', 'USER', '00000000151', 'USER');


INSERT INTO COTISATION_ETABLISSEMENT(ID_COTIS_ETAB,ID_ADH_ETAB_MOIS,VALEUR_COTISATION,CODE_COTISATION,DATE_DEB_PERIODE_RATTACHEMENT,DATE_FIN_PERIODE_RATTACHEMENT,TMP_BATCH,USER_CREATION)
VALUES
('201601051313380000000003450101', '201601051313380000000001451001', '0000000000005200.00', '022', '20150101', '20151231', '0', 'user'),
('201601051313380000000003450201', '201601051313380000000001451002', '0000000000001600.00', '015', '20150101', '20151231', '0', 'user'),
('201601051313380000000003450202', '201601051313380000000001451002', '0000000000001450.00', '015', '20150101', '20151231', '0', 'user');
