-- INSERTION DONNEES pour TEST - tables FLUX 4 Phase 3 (Promotion)

INSERT INTO `ADHESION_ETABLISSEMENT_MOIS` (ID_ADH_ETAB_MOIS, CODE_ESSAI_REEL, CODE_DELEG_COT, TMP_BATCH, USER_CREATION) VALUES 
('201511231144330000000000000011','02','',1,'TU4'),
('201511231144330000000000000012','02','',1,'TU4'),
('201511231144330000000000000013','02','',1,'TU4'),
('201511231144330000000000000014','01','abc4',1,'TU4_KO'),
('201511231144330000000000000015','01','',1,'TU4_KO'),
('201511231144330000000000000016','02','',1,'TU4'),
('201511231144330000000000000017','02','123d',1,'TU4_KO');

INSERT INTO CONTACT (ID_CONTACT, ID_ADH_ETAB_MOIS, TMP_BATCH, USER_CREATION) VALUES 
('201511231144330000000000000021','201511231144330000000000000011',1, 'TU4'),
('201511231144330000000000000022','201511231144330000000000000012',1, 'TU4'),
('201511231144330000000000000023','201511231144330000000000000012',1, 'TU4'),
('201511231144330000000000000024','201511231144330000000000000014',1, 'TU4_KO'),
('201511231144330000000000000025','201511231144330000000000000015',1, 'TU4_KO'),
('201511231144330000000000000026','201511231144330000000000000016',1, 'TU4');

INSERT INTO COTISATION_ETABLISSEMENT (ID_COTIS_ETAB, ID_ADH_ETAB_MOIS, TMP_BATCH, USER_CREATION) VALUES 
('201511231144330000000000000031','201511231144330000000000000011',1, 'TU4'),
('201511231144330000000000000032','201511231144330000000000000012',1, 'TU4'),
('201511231144330000000000000033','201511231144330000000000000012',1, 'TU4'),
('201511231144330000000000000034','201511231144330000000000000014',1, 'TU4_KO'),
('201511231144330000000000000035','201511231144330000000000000015',1, 'TU4_KO'),
('201511231144330000000000000036','201511231144330000000000000016',1, 'TU4');

INSERT INTO VERSEMENT (ID_VERSEMENT, ID_ADH_ETAB_MOIS, TMP_BATCH, USER_CREATION) VALUES 
('201511231144330000000000000041','201511231144330000000000000011',1, 'TU4'),
('201511231144330000000000000042','201511231144330000000000000012',1, 'TU4'),
('201511231144330000000000000043','201511231144330000000000000012',1, 'TU4'),
('201511231144330000000000000044','201511231144330000000000000014',1, 'TU4_KO'),
('201511231144330000000000000045','201511231144330000000000000015',1, 'TU4_KO'),
('201511231144330000000000000046','201511231144330000000000000016',1, 'TU4');

INSERT INTO COMPOSANT_VERSEMENT (ID_COMPO_VERST, ID_VERSEMENT,PERIODE_AFFECTATION, TMP_BATCH, USER_CREATION) VALUES 
('201511231144330000000000000051','201511231144330000000000000041','2015M15',1, 'TU4'),
('201511231144330000000000000052','201511231144330000000000000042','2015T5',1, 'TU4'),
('201511231144330000000000000053','201511231144330000000000000042','2015E00',1, 'TU4'),
('201511231144330000000000000054','201511231144330000000000000044','2015E03',1, 'TU4_KO'),
('201511231144330000000000000055','201511231144330000000000000045','2015A07',1,'TU4_KO'),
('201511231144330000000000000056','201511231144330000000000000046',null,1,'TU4');

INSERT INTO INDIVIDU (ID_INDIVIDU, ID_ADH_ETAB_MOIS, TMP_BATCH, USER_CREATION) VALUES 
('201511231144330000000000000061','201511231144330000000000000011',1, 'TU4'),
('201511231144330000000000000062','201511231144330000000000000012',1, 'TU4'),
('201511231144330000000000000063','201511231144330000000000000012',1, 'TU4'),
('201511231144330000000000000064','201511231144330000000000000014',1, 'TU4_KO'),
('201511231144330000000000000065','201511231144330000000000000015',1, 'TU4_KO'),
('201511231144330000000000000066','201511231144330000000000000016',1, 'TU4');

INSERT INTO CHANGEMENT_INDIVIDU (ID_CHGT_INDIVIDU, ID_INDIVIDU, TMP_BATCH, USER_CREATION) VALUES 
('201511231144330000000000000071','201511231144330000000000000061',1, 'TU4'),
('201511231144330000000000000072','201511231144330000000000000062',1, 'TU4'),
('201511231144330000000000000073','201511231144330000000000000062',1, 'TU4'),
('201511231144330000000000000074','201511231144330000000000000064',1, 'TU4_KO'),
('201511231144330000000000000075','201511231144330000000000000065',1, 'TU4_KO'),
('201511231144330000000000000076','201511231144330000000000000066',1, 'TU4');

INSERT INTO VERSEMENT_INDIVIDU (ID_VERS_INDIV, ID_INDIVIDU, TMP_BATCH, USER_CREATION) VALUES 
('201511231144330000000000000081','201511231144330000000000000061',1, 'TU4'),
('201511231144330000000000000082','201511231144330000000000000062',1, 'TU4'),
('201511231144330000000000000083','201511231144330000000000000062',1, 'TU4'),
('201511231144330000000000000084','201511231144330000000000000064',1, 'TU4_KO'),
('201511231144330000000000000085','201511231144330000000000000065',1, 'TU4_KO'),
('201511231144330000000000000086','201511231144330000000000000066',1, 'TU4');

INSERT INTO REMUNERATION (ID_REMUNERATION, ID_VERS_INDIV, TMP_BATCH, USER_CREATION) VALUES 
('201511231144330000000000000091','201511231144330000000000000081',1, 'TU4'),
('201511231144330000000000000092','201511231144330000000000000082',1, 'TU4'),
('201511231144330000000000000093','201511231144330000000000000082',1, 'TU4'),
('201511231144330000000000000094','201511231144330000000000000084',1, 'TU4_KO'),
('201511231144330000000000000095','201511231144330000000000000085',1, 'TU4_KO'),
('201511231144330000000000000096','201511231144330000000000000086',1, 'TU4');

INSERT INTO CONTRAT_TRAVAIL (ID_CONTRAT_TRAVAIL, ID_INDIVIDU, TMP_BATCH, USER_CREATION) VALUES 
('201511231144330000000000000101','201511231144330000000000000061',1, 'TU4'),
('201511231144330000000000000102','201511231144330000000000000062',1, 'TU4'),
('201511231144330000000000000103','201511231144330000000000000062',1, 'TU4'),
('201511231144330000000000000104','201511231144330000000000000064',1, 'TU4_KO'),
('201511231144330000000000000105','201511231144330000000000000065',1, 'TU4_KO'),
('201511231144330000000000000106','201511231144330000000000000066',1, 'TU4');

INSERT INTO ARRET_TRAVAIL (ID_ARRET_TRAVAIL, ID_CONTRAT_TRAVAIL, TMP_BATCH, USER_CREATION) VALUES 
('201511231144330000000000000111','201511231144330000000000000101',1, 'TU4'),
('201511231144330000000000000112','201511231144330000000000000102',1, 'TU4'),
('201511231144330000000000000113','201511231144330000000000000102',1, 'TU4'),
('201511231144330000000000000114','201511231144330000000000000104',1, 'TU4_KO'),
('201511231144330000000000000115','201511231144330000000000000105',1, 'TU4_KO'),
('201511231144330000000000000116','201511231144330000000000000106',1, 'TU4');

INSERT INTO AFFILIATION (ID_AFFILIATION, ID_CONTRAT_TRAVAIL, TMP_BATCH, USER_CREATION) VALUES 
('201511231144330000000000000121','201511231144330000000000000101',1, 'TU4'),
('201511231144330000000000000122','201511231144330000000000000102',1, 'TU4'),
('201511231144330000000000000123','201511231144330000000000000102',1, 'TU4'),
('201511231144330000000000000124','201511231144330000000000000104',1, 'TU4_KO'),
('201511231144330000000000000125','201511231144330000000000000105',1, 'TU4_KO'),
('201511231144330000000000000126','201511231144330000000000000106',1, 'TU4');

INSERT INTO AYANT_DROIT (ID_AYANT_DROIT, ID_AFFILIATION, TMP_BATCH, USER_CREATION) VALUES 
('201511231144330000000000000131','201511231144330000000000000121',1, 'TU4'),
('201511231144330000000000000132','201511231144330000000000000122',1, 'TU4'),
('201511231144330000000000000133','201511231144330000000000000122',1, 'TU4'),
('201511231144330000000000000134','201511231144330000000000000124',1, 'TU4_KO'),
('201511231144330000000000000135','201511231144330000000000000125',1, 'TU4_KO'),
('201511231144330000000000000136','201511231144330000000000000126',1, 'TU4');

INSERT INTO BASE_ASSUJETTIE (ID_BASE_ASSUJETTIE, ID_AFFILIATION, TMP_BATCH, USER_CREATION) VALUES 
('201511231144330000000000000141','201511231144330000000000000121',1, 'TU4'),
('201511231144330000000000000142','201511231144330000000000000122',1, 'TU4'),
('201511231144330000000000000143','201511231144330000000000000122',1, 'TU4'),
('201511231144330000000000000144','201511231144330000000000000124',1, 'TU4_KO'),
('201511231144330000000000000145','201511231144330000000000000125',1, 'TU4_KO'),
('201511231144330000000000000146','201511231144330000000000000126',1, 'TU4');

INSERT INTO COMPOSANT_BASE_ASSUJETTIE (ID_COMPO_BASE_ASSUJETTIE, ID_BASE_ASSUJETTIE, TMP_BATCH, USER_CREATION) VALUES 
('201511231144330000000000000151','201511231144330000000000000141',1, 'TU4'),
('201511231144330000000000000152','201511231144330000000000000142',1, 'TU4'),
('201511231144330000000000000153','201511231144330000000000000142',1, 'TU4'),
('201511231144330000000000000154','201511231144330000000000000144',1, 'TU4_KO'),
('201511231144330000000000000155','201511231144330000000000000145',1, 'TU4_KO'),
('201511231144330000000000000156','201511231144330000000000000146',1, 'TU4');

    

INSERT INTO `TMP_RR400_HORODATAGE_TRAITEMENTS` (HORODATAGE_TRAITEMENT, TMP_BATCH, USER_CREATION) VALUES 
('20160112090137', 1,'TU4'),
('20151123114433',0,'TU4');
