-- INSERTION tables FLUX 3

INSERT INTO EXTENSIONS_CONTRATS VALUES 
(null, '002490751700000',20151013,'P13A402',20151001,'Pas d''édition de consigne de paiement et contrôle base assuj par recycl.','OUI','NON','OUI',NULL,5,10,5,10,'BRR','C','N','REACA','user1','2015-09-09 22:00:00',NULL,NULL),
(null,'002490800044000',20150928,'P13A402',20150201,'Pas d''édition de consigne de paiement et contrôle base assuj par recycl.','OUI','NON','OUI',NULL,5,10,5,10,'BRR','C','N','REACA','user1','2015-09-09 22:00:00',NULL,NULL),
(null,'002740100259000',20150928,'P13A402',20150701,'Pas d''édition de consigne de paiement.','OUI','NON','OUI',NULL,5,10,5,10,'BRB','C','N','REACA','user1','2015-09-09 22:00:00',NULL,NULL);

INSERT INTO EXTENSIONS_ENTREPRISES_AFFILIEES VALUES (null,'002490800044000','234567890','','','2015-10-13 23:53:22',NULL,NULL);

INSERT INTO INDICATEURS_DSN_PERIODES (NOCO,DEBUT_PERIODE,FIN_PERIODE,DT_DEB_RCPT_DSN,DT_MODIF_IND,GEST_MODIF_IND,MOTIF_CHGT_IND,EXPLOIT,DT_DEB_EXPLOIT,EDIT_CONS_PAIMT,DT_DEB_EDIT_CONS_PAIMT,MODE_GEST,DT_DEB_MODE_GEST,TRANSFERT,DT_DEB_TRANSFERT,VAR_ETAB_NB,VAR_ETAB_PC,VAR_SAL_NB,VAR_SAL_PC,CTL_TYPE_BASE_ASSUJ,MODE_NAT_CONT,VIP,MODE_REAFF_CAT_EFFECTIF,TMP_BATCH,USER_CREATION) VALUES 
('001209400104000',20141001,20141231,0,0,NULL,NULL,'OUI',0,'OUI',0,'N',0,'OUI',0,5,10,5,10,'RED','C','N','REACA',0,'user2'),
('001209400104000',20150101,20150331,0,0,NULL,'frge Exploitation DSN à NON et sans contrôle sur type base assuj.','OUI',0,'OUI',0,'N',0,'OUI',0,5,10,5,10,'RED','C','N','REACA',0,'user2'),
('002490800044000',20150101,20150331,0,0,NULL,NULL,'OUI',0,'OUI',0,'N',0,'OUI',0,5,10,5,10,'RED','C','N','REACA',0,'user2'),
('002740100259000',20150101,20150331,0,0,NULL,'F Exploitation DSN à NON et sans contrôle sur type base assuj.','NON',0,'OUI',0,'N',0,'OUI',0,5,10,5,10,'N','C','N','REACA',0,'user2');


-- INSERTION tables FLUX 1

INSERT INTO CLIENTS VALUES 
(118466,3,'SA   SOGEST','ZA L AUPRETIN','RUE DU JURA','BP 113','71503','LOUHANS CEDEX','FR','6920Z','303847339','00031','','','0',0,0,'','0787','','N','N',20130819,0,'RR300','2015-10-13 22:44:40',NULL,NULL),
(125852,3,'STE  SCHAEFFER PRODUCTIQUE','','36 RUE DE DORNACH','BP 48','68120','PFASTATT','FR','6202A','403581127','00012','','','0',0,0,'','1486','','N','N',20130828,0,'RR300','2015-10-13 22:44:40',NULL,NULL),
(139605,3,'COM  LANCHERES','MAIRIE  AMICALE DU PERSONNEL COM','154 RUE DE L ABBE DUCROQ','','80230','LANCHERES','FR','8425Z','999999999','12345','','','0',0,0,'','','','N','N',20110609,0,'RR300','2015-10-13 22:44:40',NULL,NULL),
(212487,3,'STEF TRANSPORT','STEF TFE SERVICE COMPTABILITE','93 BOULEVARD MALESHERBES','','75008','PARIS','FRA','7010Z','733001010','00905','','','0',0,0,'','','','N','N',20150609,0,'RR300','2015-10-13 22:44:40',NULL,NULL),
(238946,3,'SA CARTONNERIE DE L''ESPERANCE','','IMPASSE DU VAL CLAIR','BP 51','51683','REIMS CEDEX 2','FRA','','353103294','00016','','','0',0,0,'','','','N','N',20100903,0,'RR300','2015-10-13 22:44:40',NULL,NULL),
(245609,3,'SAS JOUSSEAU','','RUE DU 19 MARS 1962','','71260','VIRE','FRA','7010Z','480108935','00010','','','0',0,0,'','','','N','N',20110609,0,'RR300','2015-10-13 22:44:40',NULL,NULL),
(292345,3,'SARL LIOREN','','27 AV MAL D LATTRE DE TASSIGNY','','56800','PLOERMEL','FRA','','414574715','00010','','','0',0,0,'','1517','','N','N',20130927,0,'RR300','2015-10-13 22:44:40',NULL,NULL),
(314482,3,'SA DRUJON','','85 ROUTE DE COULONGES','','79000','NIORT','FR','4673B','027380104','99999','','','0',0,0,'','','','N','N',20150128,0,'RR300','2015-10-13 22:44:40',NULL,NULL),
(314955,3,'STE DRUJON STE S.A.','','85 ROUTE DE COULONGES','BP 6','79000','NIORT','FR','4673B','027380104','00011','','','0',0,0,'','0573','','N','N',20140219,0,'RR300','2015-10-13 22:44:40',NULL,NULL),
(332860,3,'INFORCA SAM','LE TRITON BLOC C','5 RUE DU GABIAN','','98000','MONACO','MC','','000000000','00000','','','0',0,0,'','','','N','N',20130110,0,'RR300','2015-10-13 22:44:40',NULL,NULL),
(342153,3,'SARL OMNIA ATRIUM','','19 RUE HENRI BARBUSSE','','92110','CLICHY','FRA','6831Z','484181987','00013','','','0',0,0,'','','','N','N',20110609,0,'RR300','2015-10-13 22:44:40',NULL,NULL),
(343696,1,'M BOUCLIER PASCAL','','82 RUE DE LA CHARRIERE','LOYES','01800','VILLIEU LOYES MOLLON','FRA','','000000000','00000','','','0',0,0,'','','','N','N',0,0,'RR300','2015-10-13 22:44:40',NULL,NULL),
(347756,3,'SARL SOVIDIS','','2 PLACE DE FRANCE','','91300','MASSY','FRA','4711D','439990177','00024','','','0',0,0,'','','','N','N',20110609,0,'RR300','2015-10-13 22:44:40',NULL,NULL),
(354712,3,'SARL MOBILIGNE','LIGNE ROSET','2 AVENUE DU GENERAL DE GAULLE','','72000','LE MANS','FR','4759A','408707511','00015','','','0',0,0,'','1880','','N','N',20131122,0,'RR300','2015-10-13 22:44:40',NULL,NULL),
(361995,3,'POMPES FUNEBRES CHABUEL','','9 RUE DU MOULIN','','03160','BOURBON L ARCHAMBAULT','FRA','','382008639','00017','','','0',0,0,'','0759','','N','N',20130806,0,'RR300','2015-10-13 22:44:40',NULL,NULL),
(362794,3,'CEFRAJED','HOTEL NORD CHAMPAGNE','11 RUE DE CHABROL','','75010','PARIS','FRA','5510Z','331968305','00010','','','0',0,0,'','1979','','N','N',20140225,0,'RR300','2015-10-13 22:44:40',NULL,NULL),
(375566,3,'SARL PASSERON ENGRAIS','','160 CHEMIN DE LA FERRATONE','','06220','VALLAURIS','FR','2015Z','036921146','00019','','','0',0,0,'','9999','','N','N',20130926,0,'RR300','2015-10-13 22:44:40',NULL,NULL),
(386007,3,'STE EUREKA SERVICE','','90 AVENUE LUCIEN COUDERT','','81100','CASTRES','FR','1330Z','353725815','00032','','','0',0,0,'','0018','','N','N',20130905,0,'RR300','2015-10-13 22:44:40',NULL,NULL),
(388711,3,'SARL LE THEATRE','','105 AVENUE DU GENERAL DE GAULLE','','49120','CHEMILLE','FR','5610A','503546756','00019','','','0',0,0,'','1979','','N','N',20130821,0,'RR300','2015-10-13 22:44:40',NULL,NULL),
(419885,3,'SAS LA VILLA DE FALICON','','6 RUE DES SAUMONIERES','','44300','NANTES','FR','','529238578','00049','','','0',0,0,'','2264','','N','N',20141015,0,'RR300','2015-10-13 22:44:40',NULL,NULL),
(436007,9,'COM DE COM DES 3 FORETS','','30 AVENUE EUGENE GAZEAU','','60300','SENLIS','FR','','999999999','99999','','','0',20131003,0,'','','','N','N',20131003,0,'RR300','2015-10-13 22:44:40',NULL,NULL),
(438436,3,'CBT FIBA SA  HAGUENAU','','07 AVENUE DE L EUROPE','','67300','SCHILTIGHEIM','FR','','698501442','00017','','','0',20131031,0,'','','','N','N',20131031,0,'RR300','2015-10-13 22:44:40',NULL,NULL);

INSERT INTO INTERMEDIAIRES VALUES 
('001040',1,4,'01',0,'AGENCE MMA','SARL 3A ASSURANCES','','81 RUE ALPHONSE BAUDIN','','01400','CHATILLON SUR CHALARONNE','FR','000000000','RP','04.74.55.03.42','04.74.55.30.25','01','16',20140312,0,'RR300','2015-10-13 22:44:40',NULL,NULL),
('001140',1,11,'01',0,'AGENCE MMA','PASCAL BOUCLIER','','24  PLACE VAUGELAS','','01800','MEXIMIEUX','FRA','000000000','RP','0474613469','0474613705','01','16',NULL,0,'RR300','2015-10-13 22:44:40',NULL,NULL),
('003260',1,2265,'03',0,'AGENCE MMA','ANNIE BOURCIER','','2  RUE DE LA BURGE','','03160','BOURBON L ARCHAMBAULT','FRA','000000000','RP','04.70.67.09.64','04.70.67.07.99','10','76',20140130,0,'RR300','2015-10-13 22:44:40',NULL,NULL),
('006660',1,1528,'98',0,'AGENCE MMA','MR UBALDUCCI ALAIN','','26BIS BD PRINCESSE CHARLOTTE','','98005','MONACO CEDEX','FR','000000000','RP','377.93306135','377.93501447','04','04',NULL,0,'RR300','2015-10-13 22:44:40',NULL,NULL),
('006670',1,1529,'06',0,'AGENCE MMA','SARL A.F.V. GROUPE','','23  RUE JEAN DE RIOUFFE','','06405','CANNES CEDEX','FRA','000000000','RP','04.93.39.95.96','04.93.39.81.81','04','04',20130924,0,'RR300','2015-10-13 22:44:40',NULL,NULL),
('013430',1,1915,'13',0,'AGENCE MMA','BRUNA LAURENCE','','780 AVENUE D ARMENIE','','13120','GARDANNE','FRA','000000000','RP','04.42.58.42.81','04.42.51.32.88','10','04',20140211,0,'RR300','2015-10-13 22:44:40',NULL,NULL),
('022020',1,196,'22',0,'AGENCE MMA','SARL THOMAS POILVET GOESSANT','ZI DE BELLEVUE    PLOUMAGOAR','3 AV DU GOELO','','22206','GUINGAMP CEDEX','FRA','000000000','RP','02.96.43.72.74','02.96.44.03.42','01','09',20130910,0,'RR300','2015-10-13 22:44:40',NULL,NULL),
('028030',1,271,'28',0,'AGENCE MMA','SARL A2M ASSUR','','6 PLACE MESIRARD','','28100','DREUX','FRA','000000000','RP','02.37.46.26.41','02.37.46.60.94','01','75',20140129,0,'RR300','2015-10-13 22:44:40',NULL,NULL),
('044060',1,495,'44',0,'AGENCE MMA','SARL GUEMAS ET ASSOCIES','','1 R NOMINOE   CS 19206','','44192','CLISSON CEDEX','FRA','000000000','RP','02.40.54.00.58','02.40.03.93.56','01','09',20140210,0,'RR300','2015-10-13 22:44:40',NULL,NULL),
('049070',1,558,'49',0,'AGENCE MMA','PICHERIT JEAN-MICHEL','','1 RUE DE COULVEE','','49120','CHEMILLE','FR','000000000','RP','02.41.30.70.94','02.41.30.67.42','01','11',20140929,0,'RR300','2015-10-13 22:44:40',NULL,NULL),
('051030',1,595,'51',0,'AGENCE MMA','HANNEDOUCHE - DACHY','','1 RUE ST BRICE','','51490','PONTFAVERGER MORONVILLIERS','FR','000000000','RP','03.26.48.76.10','03.26.48.90.06','01','81',20141001,0,'RR300','2015-10-13 22:44:40',NULL,NULL),
('056330',1,667,'56',0,'AGENCE MMA','SARL ASS. JOUET-LELIEVRE','','85 AV. EDOUARD HERRIOT','','56002','VANNES CEDEX','FR','000000000','RP','0297682060','0297682061','01','09',20140217,0,'RR300','2015-10-13 22:44:40',NULL,NULL),
('060050',1,720,'60',0,'AGENCE MMA','CABINET BRY ET ADAM','','2  RUE DES PATISSIERS','','60201','COMPIEGNE CEDEX','FRA','000000000','RP','0344095454','0344095664','01','13',20141118,0,'RR300','2015-10-13 22:44:40',NULL,NULL),
('062030',1,749,'62',0,'AGENCE MMA','PHILIPPE SEPTIER','','6 PLACE DE L''HOTEL DE VILLE','','62390','AUXI LE CHATEAU','FR','000000000','RP','03.21.41.18.36','03.21.04.68.89','01','81',20140131,0,'RR300','2015-10-13 22:44:40',NULL,NULL),
('067140',1,809,'67',0,'AGENCE MMA HEBERLE ET KAESSER','SARL MMA INOVENCE','','32 BOULEVARD CLEMENCEAU','','67000','STRASBOURG','FR','000000000','RP','08.20.20.52.07','03.88.25.04.75','01','01',20140312,0,'RR300','2015-10-13 22:44:40',NULL,NULL),
('068220',1,819,'68',0,'AGENCE MMA','HOENNER ET ASSOCIES SARL','RESIDENCE CHARLES X','2 RUE STE CATHERINE','','68055','MULHOUSE CEDEX 1','FRA','000000000','RP','03.89.45.40.33','03.89.56.21.96','01','01',20131008,0,'RR300','2015-10-13 22:44:40',NULL,NULL),
('071100',1,858,'71',0,'AGENCE MMA','JEAN-PAUL LEBIE','','20  RUE LUCIEN GUILLEMAUT','','71500','LOUHANS','FRA','000000000','RP','03.85.75.02.99','03.85.75.44.75','01','16',20140211,0,'RR300','2015-10-13 22:44:40',NULL,NULL),('072360',1,901,'72',0,'AGENCE MMA','SARL PREST''ASSUR','','BP 3   14 PLACE DE LA REPUBLIQUE','','72160','CONNERRE','FRA','000000000','RP','0243890058','0243891479','01','11',NULL,0,'RR300','2015-10-13 22:44:40',NULL,NULL),('081020',1,1048,'81',0,'AGENCE MMA','SARL ESCANDE - BALZAN','','9  QUAI DU CARRAS','','81100','CASTRES','FRA','000000000','RP','0563596359','0563590081','01','05',NULL,0,'RR300','2015-10-13 22:44:40',NULL,NULL),('094280',1,2022,'94',0,'AGENCE MMA','CABINET BENOIT DE BECO','','35 RUE DE PARIS','','94470','BOISSY ST LEGER','FR','000000000','RP','0145690828','0145694332','10','14',NULL,0,'RR300','2015-10-13 22:44:40',NULL,NULL),('I09116',8,12,'28',0,'GESTION FORMATION PREVOYANCE','','LE JARDIN D ENTREPRISES','2 RUE JOSEPH FOURIER','','28008','CHARTRES CEDEX','FRA','000000000','TD','08.25.80.28.30','02 37 88 80 36','02','99',20140113,0,'RR300','2015-10-13 22:44:40',NULL,NULL),('I09432',8,191,'75',0,'AVILOG SOLUTIONS','M HANS WILLERT','','71 RUE DE PROVENCE','','75009','PARIS','FRA','000000000','TD','01.76.21.62.42','01.76.21.62.40','02','99',20130201,0,'RR300','2015-10-13 22:44:40',NULL,NULL),('Q99156',8,1593,'33',0,'UFF B6 AQUITAINE','PETIT JENNIFER','BOURSE MARITIME','1 PLACE AIME','','33075','BORDEAUX CEDEX','FRA','000000000','RP','05 56 00 85 00','05 56 00 85 09','12','97',20140321,0,'RR300','2015-10-13 22:44:40',NULL,NULL),('R16131',90,112,'75',0,'COLLECTIVITE LOCALE','','','59-61 RUE LA FAYETTE','','75009','PARIS','FR','000000000','TD','','','02','99',20081010,0,'RR300','2015-10-13 22:44:40',NULL,NULL),('R17525',90,578,'75',0,'DIVERS PREVOYANCE','','','59-61 RUE LA FAYETTE','','75423','PARIS CEDEX 09','FR','000000000','TD','01.53.32.66.66','','02','99',20081010,0,'RR300','2015-10-13 22:44:40',NULL,NULL),('R17528',90,708,'75',0,'DIVERS MALADIE/PREVOYANCE','','','59-61 RUE LA FAYETTE','','75009','PARIS','FR','000000000','TD','','','02','99',20081010,0,'RR300','2015-10-13 22:44:40',NULL,NULL),('R17536',90,789,'75',0,'PREVOYANCE EXTANDEM/AJUSTEM','','','59-61 RUE LA FAYETTE','','75009','PARIS','FR','000000000','TD','','','02','99',20081010,0,'RR300','2015-10-13 22:44:40',NULL,NULL),('R17600',90,1027,'75',0,'PREVOYANCE OBLIG.AVIVA','','','59-61 RUE LA FAYETTE','','75009','PARIS','FR','000000000','TD','','','02','99',NULL,0,'RR300','2015-10-13 22:44:40',NULL,NULL),('R17610',90,1199,'75',0,'QUATREM DOC (ORIGINE AZUR)','','','59-61 RUE LA FAYETTE','','75009','PARIS','FRA','000000000','TD','','','02','99',20100611,0,'RR300','2015-10-13 22:44:40',NULL,NULL),('R17990',90,1157,'75',0,'QUATREM-DRGE PREVOYANCE SANTE','','','59-61 RUE LA FAYETTE','','75009','PARIS','FRA','000000000','TD','','','02','99',20120822,0,'RR300','2015-10-13 22:44:40',NULL,NULL),('R18701',90,1262,'75',0,'AGENCES MMA DPT 01','','','59-61 RUE LA FAYETTE','','75009','PARIS','FRA','000000000','TD','','','02','99',20140902,0,'RR300','2015-10-13 22:44:40',NULL,NULL),('R18703',90,1270,'75',0,'AGENCES MMA DPT 03','','','59-61 RUE LA FAYETTE','','75009','PARIS','FRA','000000000','TD','','','02','99',20140321,0,'RR300','2015-10-13 22:44:40',NULL,NULL),('R18706',90,1283,'75',0,'AGENCES MMA DPT 06','','','59-61 RUE LA FAYETTE','','75009','PARIS','FRA','000000000','TD','','','02','99',20140128,0,'RR300','2015-10-13 22:44:40',NULL,NULL),('R18713',90,1310,'75',0,'AGENCES MMA DPT 13','','','59-61 RUE LA FAYETTE','','75009','PARIS','FRA','000000000','TD','','','02','99',20140213,0,'RR300','2015-10-13 22:44:40',NULL,NULL),('R18728',90,1351,'75',0,'AGENCES MMA DPT 28','','','59-61 RUE LA FAYETTE','','75009','PARIS','FRA','000000000','TD','','','02','99',20140808,0,'RR300','2015-10-13 22:44:40',NULL,NULL),('R18744',90,1276,'75',0,'AGENCES MMA DPT 44','','','59-61 RUE LA FAYETTE','','75009','PARIS','FRA','000000000','TD','','','02','99',20131219,0,'RR300','2015-10-13 22:44:40',NULL,NULL),('R18749',90,1282,'75',0,'AGENCES MMA DPT 49','','','59-61 RUE LA FAYETTE','','75009','PARIS','FRA','000000000','TD','','','02','99',20140124,0,'RR300','2015-10-13 22:44:40',NULL,NULL),('R18756',90,1292,'75',0,'AGENCES MMA DPT 56','','','59-61 RUE LA FAYETTE','','75009','PARIS','FRA','000000000','TD','','','02','99',20140130,0,'RR300','2015-10-13 22:44:40',NULL,NULL),('R18760',90,1297,'75',0,'AGENCES MMA DPT 60','','','59-61 RUE LA FAYETTE','','75009','PARIS','FRA','000000000','TD','','','02','99',20140415,0,'RR300','2015-10-13 22:44:40',NULL,NULL),('R18762',90,1300,'75',0,'AGENCES MMA DPT 62','','','59-61 RUE LA FAYETTE','','75009','PARIS','FRA','000000000','TD','','','02','99',20140128,0,'RR300','2015-10-13 22:44:40',NULL,NULL),('R18768',90,1308,'75',0,'AGENCES MMA DPT 68','','','59-61 RUE LA FAYETTE','','75009','PARIS','FRA','000000000','TD','','','02','99',20131220,0,'RR300','2015-10-13 22:44:40',NULL,NULL),('R18771',90,1312,'75',0,'AGENCES MMA DPT 71','','','59-61 RUE LA FAYETTE','','75009','PARIS','FRA','000000000','TD','','','02','99',20140901,0,'RR300','2015-10-13 22:44:40',NULL,NULL),('R18772',90,1313,'75',0,'AGENCES MMA DPT 72','','','59-61 RUE LA FAYETTE','','75009','PARIS','FRA','000000000','TD','','','02','99',20140228,0,'RR300','2015-10-13 22:44:40',NULL,NULL),('R18781',90,1325,'75',0,'AGENCES MMA DPT 81','','','59-61 RUE LA FAYETTE','','75009','PARIS','FRA','000000000','TD','','','02','99',20121015,0,'RR300','2015-10-13 22:44:40',NULL,NULL),('R18794',90,1341,'75',0,'AGENCES MMA DPT 94','','','59-61 RUE LA FAYETTE','','75009','PARIS','FRA','000000000','TD','','','02','99',20140404,0,'RR300','2015-10-13 22:44:40',NULL,NULL),('R18900',90,1361,'75',0,'EMPRUNTEURS EX CONFIE MMA','','','59-61 RUE LA FAYETTE','','75009','PARIS','FR','000000000','TD','','','02','99',20121026,0,'RR300','2015-10-13 22:44:40',NULL,NULL),('R19133',90,607,'75',0,'MDM 83','','','18 RUE LONDRES','','75009','PARIS','FR','000000000','TD','','','02','99',20041223,0,'RR300','2015-10-13 22:44:40',NULL,NULL),('R19705',90,800,'75',0,'RETRAITE MADELIN DES AGENTS MMA','','','59-61 RUE LA FAYETTE','','75009','PARIS','FR','000000000','TD','','','02','99',20070621,0,'RR300','2015-10-13 22:44:40',NULL,NULL),('R19911',90,1144,'75',0,'PACK SOLUTIONS-ACTIW','','','59-61 RUE LA FAYETTE','','75009','PARIS','FR','000000000','TD','','','02','99',20081010,0,'RR300','2015-10-13 22:44:40',NULL,NULL);


INSERT INTO CONTRATS VALUES 
('RETMADAGST','001140',343696,'001209400104000',20061001,1,'M BOUCLIER PASCAL',1,'SRN','3',1,'A','T',10000.00,'R','1','I','','R19705',20071231,20061212,'67',20071231,20091109,'R19705','','N','000','N',0,0,NULL,1,NULL,0,'RR300','2015-10-13 22:44:40',NULL,NULL),
('COLLOC08SP','060050',436007,'002490500048000',20140101,9,'COM DE COM DES 3 FORETS',1,'SRN','3',1,'A','A',10000.00,'B','6','J','','R18760',20140101,20140228,'53',20140101,20140228,'R16131','','N','000','N',0,0,NULL,7,20140722,0,'RR300','2015-10-13 22:44:40',NULL,NULL),
('COLLOC08SP','060050',436007,'002490500048000',20140101,9,'COM DE COM DES 3 FORETS',1,'SRN','3',1,'A','A',10000.00,'B','6','J','','R18760',20140723,20140228,'53',20140723,20140620,'R16131','','N','000','N',0,0,NULL,7,20141231,0,'RR300','2015-10-13 22:44:40',NULL,NULL),
('COLLOC08SP','060050',436007,'002490500048000',20140101,9,'COM DE COM DES 3 FORETS',1,'SRN','3',1,'A','A',10000.00,'B','6','J','','R18760',20140723,20140228,'53',20150101,20150423,'R16131','','N','000','N',0,0,NULL,7,20181230,0,'RR300','2015-10-13 22:44:40',NULL,NULL),
('COLLOC08SP','060050',436007,'002490500048000',20140101,9,'COM DE COM DES 3 FORETS',8,'SRN','3',1,'A','A',10000.00,'B','6','J','','R18760',20181231,20140228,'53',20181231,20140717,'R16131','','N','000','N',0,0,NULL,7,NULL,0,'RR300','2015-10-13 22:44:40',NULL,NULL),
('EXTAN4MOST','003260',361995,'002490751700000',20120201,3,'POMPES FUNEBRES CHABUEL',1,'NON','3',2,'E','T',10000.00,'B','3','B','','R18703',0,20120214,'53',20130801,20130830,'I09432','','M','920','N',0,0,NULL,2,20150731,0,'RR300','2015-10-13 22:44:40',NULL,NULL),
('EXTAN4MOST','003260',361995,'002490751700000',20120201,3,'POMPES FUNEBRES CHABUEL',1,'SRN','3',2,'E','T',10000.00,'B','3','B','','R18703',0,20120214,'53',20150801,20150629,'I09432','','M','920','N',0,0,NULL,2,NULL,0,'RR300','2015-10-13 22:44:40',NULL,NULL),
('EXTAN4PRST','006670',375566,'002490800044000',20100101,3,'SARL PASSERON ENGRAIS',1,'SRN','3',2,'E','T',10000.00,'B','3','K','','R18706',20110912,20091202,'56',20131001,20131003,'R17536','','M','921','N',0,0,NULL,12,20141231,0,'RR300','2015-10-13 22:44:40',NULL,NULL),
('EXTAN4PRST','006670',375566,'002490800044000',20100101,3,'SARL PASSERON ENGRAIS',1,'SRT','3',2,'E','T',10000.00,'B','3','K','','R18706',20110912,20091202,'56',20150101,20141027,'R17536','','M','921','N',0,0,NULL,12,NULL,0,'RR300','2015-10-13 22:44:40',NULL,NULL),
('QLIOPESOST','Q99156',314482,'002740100259000',20140701,3,'SA DRUJON',1,'SRT','3',2,'E','T',10000.00,'O','2','O','','I09116',0,20140729,'53',20140701,20141126,'I09116','','M','921','N',0,0,NULL,10,20141231,0,'RR300','2015-10-13 22:44:40',NULL,NULL),
('QLIOPESOST','Q99156',314482,'002740100259000',20140701,3,'SA DRUJON',1,'SRT','3',2,'E','T',10000.00,'O','2','O','','I09116',0,20140729,'53',20150101,20150629,'I09116','','M','921','N',0,0,NULL,10,NULL,0,'RR300','2015-10-13 22:44:40',NULL,NULL);

INSERT INTO TARIFS VALUES 
('000520202252000',1,20000613,2,2,0,0,'102','ENS. CADRE',0,0,1,1000000,0,0,0,'01',20000101,NULL,0,'RR300','2015-10-13 22:44:40',NULL,NULL),
('000520202252000',1,20140616,2,2,0,0,'920','ENS PERS',0,0,1,1000000,0,0,0,'01',20140601,NULL,0,'RR300','2015-10-13 22:44:40',NULL,NULL),
('000893600528002',1,20130304,2,2,0,0,'001','MARIES',0,0,8,26900,32400,32400,0,'08',20130101,20141231,0,'RR300','2015-10-13 22:44:40',NULL,NULL),
('000893600528002',1,20141027,2,2,0,0,'001','MARIES',0,0,8,28500,34300,34300,0,'08',20150101,NULL,0,'RR300','2015-10-13 22:44:40',NULL,NULL),
('000893600528002',1,20130304,2,2,0,0,'002','CVDS',0,0,8,22300,27700,27700,0,'08',20130101,20141231,0,'RR300','2015-10-13 22:44:40',NULL,NULL),
('000893600528002',1,20141027,2,2,0,0,'002','CVDS',0,0,8,23600,29400,29400,0,'08',20150101,NULL,0,'RR300','2015-10-13 22:44:40',NULL,NULL),
('000893600563047',1,20130304,2,2,0,0,'040','CADRES',0,0,7,17000,24200,0,0,'07',20130101,NULL,0,'RR300','2015-10-13 22:44:40',NULL,NULL),
('000935500604000',1,20121219,1,1,6,1,'141','ENF.GRAT.',0,0,0,0,0,0,0,'00',20130101,20131231,0,'RR300','2015-10-13 22:44:40',NULL,NULL),
('000935500604000',1,20131128,1,1,6,1,'141','ENF.GRAT.',0,0,0,0,0,0,0,'00',20140101,20141231,0,'RR300','2015-10-13 22:44:40',NULL,NULL),
('000935500604000',1,20141022,1,1,6,1,'141','ENF.GRAT.',0,0,0,0,0,0,0,'00',20150101,NULL,0,'RR300','2015-10-13 22:44:40',NULL,NULL),
('000935500604000',1,20121219,1,1,6,1,'326','BEN.-18ANS',12800,0,0,0,0,0,0,'00',20130101,20131231,0,'RR300','2015-10-13 22:44:40',NULL,NULL),
('000935500604000',1,20131128,1,1,6,1,'326','BEN.-18ANS',13600,0,0,0,0,0,0,'00',20140101,20141231,0,'RR300','2015-10-13 22:44:40',NULL,NULL),
('000935500604000',1,20141022,1,1,6,1,'326','BEN.-18ANS',14200,0,0,0,0,0,0,'00',20150101,NULL,0,'RR300','2015-10-13 22:44:40',NULL,NULL),
('000935500604000',1,20121219,1,1,6,1,'327','BEN.+18ANS',19700,0,0,0,0,0,0,'00',20130101,20131231,0,'RR300','2015-10-13 22:44:40',NULL,NULL),
('000935500604000',1,20131128,1,1,6,1,'327','BEN.+18ANS',20900,0,0,0,0,0,0,'00',20140101,20141231,0,'RR300','2015-10-13 22:44:40',NULL,NULL),
('000935500604000',1,20141022,1,1,6,1,'327','BEN.+18ANS',21800,0,0,0,0,0,0,'00',20150101,NULL,0,'RR300','2015-10-13 22:44:40',NULL,NULL),
('001009300329002',1,20130304,1,1,6,1,'010','ASSURES',29400,0,0,0,0,0,0,'00',20130101,20131231,0,'RR300','2015-10-13 22:44:40',NULL,NULL),
('001009300329002',1,20131212,1,1,6,1,'010','ASSURES',31200,0,0,0,0,0,0,'00',20140101,20141231,0,'RR300','2015-10-13 22:44:40',NULL,NULL),
('001009300329002',1,20141022,1,1,6,1,'010','ASSURES',32600,0,0,0,0,0,0,'00',20150101,NULL,0,'RR300','2015-10-13 22:44:40',NULL,NULL),
('001209400104000',1,20061212,1,1,5,0,'350','AGENT MMA',1000000,0,0,0,0,0,0,'00',20061001,NULL,0,'RR300','2015-10-13 22:44:40',NULL,NULL),
('001585500979000',8,20131003,1,1,4,30,'921','HORS CCN47',0,229596,0,0,0,0,0,'00',20131001,20131231,0,'RR300','2015-10-13 22:44:40',NULL,NULL),
('001585500979000',8,20131128,1,1,4,30,'921','HORS CCN47',0,246816,0,0,0,0,0,'00',20140101,20141231,0,'RR300','2015-10-13 22:44:40',NULL,NULL),
('001585500979000',8,20141022,1,1,4,30,'921','HORS CCN47',0,261384,0,0,0,0,0,'00',20150101,NULL,0,'RR300','2015-10-13 22:44:40',NULL,NULL),
('001585700210001',1,20130304,2,2,0,0,'116','EMPLOYES',0,0,7,26600,61100,0,0,'07',20130101,NULL,0,'RR300','2015-10-13 22:44:40',NULL,NULL),
('001585700210001',1,20140107,2,2,0,0,'921','HORS CCN47',0,0,7,26600,61100,0,0,'07',20140101,20141231,0,'RR300','2015-10-13 22:44:40',NULL,NULL),
('001585700210001',1,20141027,2,2,0,0,'921','HORS CCN47',0,0,7,28200,64800,0,0,'07',20150101,NULL,0,'RR300','2015-10-13 22:44:40',NULL,NULL),
('001656200010000',8,20130304,2,2,0,0,'040','COMMERCIAL',0,0,7,17000,27000,0,0,'07',20130101,NULL,0,'RR300','2015-10-13 22:44:40',NULL,NULL),
('001656200010000',8,20130304,2,2,0,0,'041','CADRE',0,0,7,17000,27000,0,0,'07',20130101,NULL,0,'RR300','2015-10-13 22:44:40',NULL,NULL),
('001682500149000',1,20080320,2,2,0,0,'186','AVENANT',0,0,1,15500,0,0,0,'01',20030101,20141231,0,'RR300','2015-10-13 22:44:40',NULL,NULL),
('001682500149000',1,20141027,2,2,0,0,'186','AVENANT',0,0,1,16400,0,0,0,'01',20150101,NULL,0,'RR300','2015-10-13 22:44:40',NULL,NULL),
('002310100485000',8,20130304,1,1,6,1,'102','CADRES',48700,0,0,0,0,0,0,'00',20130101,20131231,0,'RR300','2015-10-13 22:44:40',NULL,NULL),
('002310100485000',8,20131128,1,1,6,1,'102','CADRES',51600,0,0,0,0,0,0,'00',20140101,NULL,0,'RR300','2015-10-13 22:44:40',NULL,NULL),
('002310100485000',8,20140704,1,1,6,1,'959','AGIRC',51600,0,0,0,0,0,0,'00',20140401,20141231,0,'RR300','2015-10-13 22:44:40',NULL,NULL),
('002310100485000',8,20141022,1,1,6,1,'959','AGIRC',53900,0,0,0,0,0,0,'00',20150101,NULL,0,'RR300','2015-10-13 22:44:40',NULL,NULL),
('002428400071000',1,20130304,2,2,0,0,'041','NON CADRES',0,0,7,3500,3500,0,0,'07',20130101,NULL,0,'RR300','2015-10-13 22:44:40',NULL,NULL),
('002428400071000',1,20140709,2,2,0,0,'960','NON AGIRC',0,0,7,3900,3900,0,0,'07',20140401,20141231,0,'RR300','2015-10-13 22:44:40',NULL,NULL),
('002428400071000',1,20141027,2,2,0,0,'960','NON AGIRC',0,0,7,4000,4000,0,0,'07',20150101,NULL,0,'RR300','2015-10-13 22:44:40',NULL,NULL),
('002486300001001',1,20130304,2,2,0,0,'041','NON CADRES',0,0,53,4500,0,0,0,'53',20130101,20141231,0,'RR300','2015-10-13 22:44:40',NULL,NULL),
('002486300001001',1,20141027,2,2,0,0,'041','HORS CCN47',0,0,53,4800,0,0,0,'53',20150101,NULL,0,'RR300','2015-10-13 22:44:40',NULL,NULL),
('002490500048000',8,20140228,2,2,0,0,'066','CNRACL',0,0,42,42000,42000,42000,42000,'42',20140101,NULL,0,'RR300','2015-10-13 22:44:40',NULL,NULL),
('002490500048000',8,20140228,2,2,0,0,'186','CFA',0,0,42,42000,42000,42000,42000,'42',20140101,NULL,0,'RR300','2015-10-13 22:44:40',NULL,NULL),
('002490751700000',1,20130906,1,1,6,1,'031','ISO ENS.',19900,0,0,0,0,0,0,'00',20130701,20131231,0,'RR300','2015-10-13 22:44:40',NULL,NULL),
('002490751700000',1,20131128,1,1,6,1,'031','ISO ENS.',21100,0,0,0,0,0,0,'00',20140101,20141231,0,'RR300','2015-10-13 22:44:40',NULL,NULL),
('002490751700000',1,20141022,1,1,6,1,'031','ISOLES',22100,0,0,0,0,0,0,'00',20150101,NULL,0,'RR300','2015-10-13 22:44:40',NULL,NULL),
('002490751700000',1,20130906,1,1,6,1,'220','FAM ENS.',44800,0,0,0,0,0,0,'00',20130701,20131231,0,'RR300','2015-10-13 22:44:40',NULL,NULL),
('002490751700000',1,20131128,1,1,6,1,'220','FAM ENS.',47500,0,0,0,0,0,0,'00',20140101,20141231,0,'RR300','2015-10-13 22:44:40',NULL,NULL),
('002490751700000',1,20141022,1,1,6,1,'220','FAMILLE',49700,0,0,0,0,0,0,'00',20150101,NULL,0,'RR300','2015-10-13 22:44:40',NULL,NULL),
('002490800044000',1,20131003,2,2,0,0,'921','HORS CCN47',0,0,1,22000,0,0,0,'01',20131001,20141231,0,'RR300','2015-10-13 22:44:40',NULL,NULL),
('002490800044000',1,20141027,2,2,0,0,'921','HORS CCN47',0,0,1,23300,0,0,0,'01',20150101,NULL,0,'RR300','2015-10-13 22:44:40',NULL,NULL),
('002490800117000',1,20130304,2,2,0,0,'101','ENSEMBLE',0,0,7,19600,42400,0,0,'07',20130101,20141231,0,'RR300','2015-10-13 22:44:40',NULL,NULL),
('002490800117000',1,20141027,2,2,0,0,'101','ENSEMBLE',0,0,7,20800,44900,0,0,'07',20150101,NULL,0,'RR300','2015-10-13 22:44:40',NULL,NULL),
('002490850054000',1,20131003,2,2,0,0,'922','4&4B& 36',0,0,7,24500,38900,0,0,'07',20131001,20141231,0,'RR300','2015-10-13 22:44:40',NULL,NULL),
('002490850054000',1,20141027,2,2,0,0,'922','4&4B& 36',0,0,7,26000,41200,0,0,'07',20150101,NULL,0,'RR300','2015-10-13 22:44:40',NULL,NULL),
('002579600027000',1,20130911,2,2,0,0,'040','4&4B& 36',0,0,7,15500,21700,0,0,'07',20130401,20141231,0,'RR300','2015-10-13 22:44:40',NULL,NULL),
('002579600027000',1,20141027,2,2,0,0,'040','4&4B& 36',0,0,7,16400,23000,0,0,'07',20150101,NULL,0,'RR300','2015-10-13 22:44:40',NULL,NULL),
('002594100008000',8,20130304,1,1,6,1,'031','ISOLES',18900,0,0,0,0,0,0,'00',20130101,20131231,0,'RR300','2015-10-13 22:44:40',NULL,NULL),
('002594100008000',8,20131128,1,1,6,1,'031','ISOLES',19400,0,0,0,0,0,0,'00',20140101,20141231,0,'RR300','2015-10-13 22:44:40',NULL,NULL),
('002594100008000',8,20141022,1,1,6,1,'031','ISOLES',19800,0,0,0,0,0,0,'00',20150101,NULL,0,'RR300','2015-10-13 22:44:40',NULL,NULL),
('002594100008000',8,20130304,1,1,6,1,'220','FAMILLE',42300,0,0,0,0,0,0,'00',20130101,20131231,0,'RR300','2015-10-13 22:44:40',NULL,NULL),
('002594100008000',8,20131128,1,1,6,1,'220','FAMILLE',43500,0,0,0,0,0,0,'00',20140101,20141231,0,'RR300','2015-10-13 22:44:40',NULL,NULL),
('002594100008000',8,20141022,1,1,6,1,'220','FAMILLE',44500,0,0,0,0,0,0,'00',20150101,NULL,0,'RR300','2015-10-13 22:44:40',NULL,NULL),
('002740100259000',1,20141126,1,1,6,1,'031','ISOLES',10300,0,0,0,0,0,0,'00',20140701,20141231,0,'RR300','2015-10-13 22:44:40',NULL,NULL),
('002740100259000',1,20150629,1,1,6,1,'031','ISOLES1111ISOLES2222ISOLES3333ISOLES4444ISOLES5555ISOLES6666',10500,0,0,0,0,0,0,'00',20150101,NULL,0,'RR300','2015-10-13 22:44:40',NULL,NULL),
('002740500036000',1,20131223,2,2,0,0,'922','4&4B& 36',0,0,8,1000000,1000000,1000000,0,'08',20130701,NULL,0,'RR300','2015-10-13 22:44:40',NULL,NULL),
('802215000186000',1,20130304,2,2,0,0,'040','CADRES',0,0,1,17470,0,0,0,'01',20130101,20141231,0,'RR300','2015-10-13 22:44:40',NULL,NULL),
('802215000186000',1,20141027,2,2,0,0,'040','CADRES',0,0,1,18500,0,0,0,'01',20150101,NULL,0,'RR300','2015-10-13 22:44:40',NULL,NULL);


-- INSERTION tables FLUX 10
INSERT INTO PARAM_FAMILLE_CONTRAT (NOFAM,DESIGNATION_FAMILLE,SI_AVAL,PORTEFEUILLE,AVEC_POPULATION, user_creation) VALUES(56,'Santé','WQUI','ASSU-TU','OUI','TU');
INSERT INTO PARAM_FAMILLE_CONTRAT (NOFAM,DESIGNATION_FAMILLE,SI_AVAL,PORTEFEUILLE,AVEC_POPULATION, user_creation) VALUES(53,'Prévoyance','GERD','ASSU_TU','OUI','TU');

INSERT INTO PARAM_ETAT_CONTRAT (COETACO,ACTIF,tmp_batch, user_creation) VALUES('01','O',false, 'TU');
INSERT INTO PARAM_ETAT_CONTRAT (COETACO,ACTIF,tmp_batch, user_creation) VALUES('02','N',false, 'TU');
INSERT INTO PARAM_ETAT_CONTRAT (COETACO,ACTIF,tmp_batch, user_creation) VALUES('03','O',false, 'TU');



INSERT INTO PARAM_FAMILLE_MODE_CALCUL_CONTRAT (NOFAM,MOCALCOT,CTL_TYPE_BASE_ASSUJ, tmp_batch, USER_CREATION) VALUES ('53',1,'BRB', false, 'TU');
INSERT INTO PARAM_FAMILLE_MODE_CALCUL_CONTRAT (NOFAM,MOCALCOT,CTL_TYPE_BASE_ASSUJ, tmp_batch, USER_CREATION) VALUES ('54',1,'BRB', false, 'TU');
INSERT INTO PARAM_FAMILLE_MODE_CALCUL_CONTRAT (NOFAM,MOCALCOT,CTL_TYPE_BASE_ASSUJ, tmp_batch, USER_CREATION) VALUES ('56',1,'BRB', false, 'TU');
INSERT INTO PARAM_FAMILLE_MODE_CALCUL_CONTRAT (NOFAM,MOCALCOT,CTL_TYPE_BASE_ASSUJ, tmp_batch, USER_CREATION) VALUES ('59',1,'RED', false, 'TU');
INSERT INTO PARAM_FAMILLE_MODE_CALCUL_CONTRAT (NOFAM,MOCALCOT,CTL_TYPE_BASE_ASSUJ, tmp_batch, USER_CREATION) VALUES ('60',1,'RED', false, 'TU');
INSERT INTO PARAM_FAMILLE_MODE_CALCUL_CONTRAT (NOFAM,MOCALCOT,CTL_TYPE_BASE_ASSUJ, tmp_batch, USER_CREATION) VALUES ('61',1,'RED', false, 'TU');
INSERT INTO PARAM_FAMILLE_MODE_CALCUL_CONTRAT (NOFAM,MOCALCOT,CTL_TYPE_BASE_ASSUJ, tmp_batch, USER_CREATION) VALUES ('53',2,'BRB', false, 'TU');
INSERT INTO PARAM_FAMILLE_MODE_CALCUL_CONTRAT (NOFAM,MOCALCOT,CTL_TYPE_BASE_ASSUJ, tmp_batch, USER_CREATION) VALUES ('54',2,'BRB', false, 'TU');
INSERT INTO PARAM_FAMILLE_MODE_CALCUL_CONTRAT (NOFAM,MOCALCOT,CTL_TYPE_BASE_ASSUJ, tmp_batch, USER_CREATION) VALUES ('56',2,'BRB', false, 'TU');
INSERT INTO PARAM_FAMILLE_MODE_CALCUL_CONTRAT (NOFAM,MOCALCOT,CTL_TYPE_BASE_ASSUJ, tmp_batch, USER_CREATION) VALUES ('59',2,'RED', false, 'TU');
INSERT INTO PARAM_FAMILLE_MODE_CALCUL_CONTRAT (NOFAM,MOCALCOT,CTL_TYPE_BASE_ASSUJ, tmp_batch, USER_CREATION) VALUES ('60',2,'RED', false, 'TU');
INSERT INTO PARAM_FAMILLE_MODE_CALCUL_CONTRAT (NOFAM,MOCALCOT,CTL_TYPE_BASE_ASSUJ, tmp_batch, USER_CREATION) VALUES ('61',2,'RED', false, 'TU');

INSERT INTO PARAM_CONTACT (CODE_MAJ,CONTACT,DEBUT,FIN,TYPE_ENREG,ENTREPRISE,ETABLISSEMENT,ROLE_GEST,ROLE_TECH,NOM_CONTACT,TELEPHONE,COMPL_TEL,FAX,EMAIL,TMP_BATCH,USER_CREATION)  VALUES ('R' ,'DSN', '20150101',null, 'G', '','','','','Service Client', '0 811 744 444', '', '', 'dsn@quatrem.fr', false,'TU');
INSERT INTO PARAM_CONTACT (CODE_MAJ,CONTACT,DEBUT,FIN,TYPE_ENREG,ENTREPRISE,ETABLISSEMENT,ROLE_GEST,ROLE_TECH,NOM_CONTACT,TELEPHONE,COMPL_TEL,FAX,EMAIL,TMP_BATCH,USER_CREATION)  VALUES ('R' ,'JPO', '20150101', null, 'G', '','','','','Service Client', '0 811 744 445', '', '', 'dsn@quatrem.fr', false,'TU');
INSERT INTO PARAM_CONTACT (CODE_MAJ,CONTACT,DEBUT,FIN,TYPE_ENREG,ENTREPRISE,ETABLISSEMENT,ROLE_GEST,ROLE_TECH,NOM_CONTACT,TELEPHONE,COMPL_TEL,FAX,EMAIL,TMP_BATCH,USER_CREATION)  VALUES ('R' ,'FDJ', '20150101',null, 'G', '','','','','Service Client', '0 811 744 446', '', '', 'dsn@quatrem.fr', false,'TU');
INSERT INTO PARAM_CONTACT (CODE_MAJ,CONTACT,DEBUT,FIN,TYPE_ENREG,ENTREPRISE,ETABLISSEMENT,ROLE_GEST,ROLE_TECH,NOM_CONTACT,TELEPHONE,COMPL_TEL,FAX,EMAIL,TMP_BATCH,USER_CREATION)  VALUES ('R' ,'ANO', '20150101',null, 'G', '','','','','Service Client', '0 811 744 447', '', '', 'dsn@quatrem.fr', false,'TU');
INSERT INTO PARAM_CONTACT (CODE_MAJ,CONTACT,DEBUT,FIN,TYPE_ENREG,ENTREPRISE,ETABLISSEMENT,ROLE_GEST,ROLE_TECH,NOM_CONTACT,TELEPHONE,COMPL_TEL,FAX,EMAIL,TMP_BATCH,USER_CREATION)  VALUES ('R' ,'ACO', '20150101', null, 'G', '','','','','Service Client', '0 811 744 448', '', '', 'dsn@quatrem.fr', false,'TU');

INSERT INTO PARAM_NATURE_BASE (CONBCOT,TXCALCU_REMPLI,NUM_TRANCHE,LIB_TRANCHE,TAUX_UTILISE,MT_UTILISE,CPLT_DESIGN,USER_CREATION) VALUES('0','O','0','','TXCALCU','','forfait en % PMSS','TU');
INSERT INTO PARAM_NATURE_BASE (CONBCOT,TXCALCU_REMPLI,NUM_TRANCHE,LIB_TRANCHE,TAUX_UTILISE,MT_UTILISE,CPLT_DESIGN,USER_CREATION) VALUES('0','N','0','','','MTCUNCU','forfait mensuel','TU');
INSERT INTO PARAM_NATURE_BASE (CONBCOT,TXCALCU_REMPLI,NUM_TRANCHE,LIB_TRANCHE,TAUX_UTILISE,MT_UTILISE,CPLT_DESIGN,USER_CREATION) VALUES('1','N','1','TA','TXBASE1','','','TU');
INSERT INTO PARAM_NATURE_BASE (CONBCOT,TXCALCU_REMPLI,NUM_TRANCHE,LIB_TRANCHE,TAUX_UTILISE,MT_UTILISE,CPLT_DESIGN,USER_CREATION) VALUES('2','N','2','TB','TXBASE2','','','TU');

INSERT INTO PARAM_NATURE_BASE_COMPOSANTS (CONBCOT,TXCALCU_REMPLI,NUM_TRANCHE,NUM_TCBA,MODE_CONSO,USER_CREATION) VALUES('0','O','0','18','S','TU');
INSERT INTO PARAM_NATURE_BASE_COMPOSANTS (CONBCOT,TXCALCU_REMPLI,NUM_TRANCHE,NUM_TCBA,MODE_CONSO,USER_CREATION) VALUES('0','N','0','20','S','TU');
INSERT INTO PARAM_NATURE_BASE_COMPOSANTS (CONBCOT,TXCALCU_REMPLI,NUM_TRANCHE,NUM_TCBA,MODE_CONSO,USER_CREATION) VALUES('1','N','1','11','S','TU');
INSERT INTO PARAM_NATURE_BASE_COMPOSANTS (CONBCOT,TXCALCU_REMPLI,NUM_TRANCHE,NUM_TCBA,MODE_CONSO,USER_CREATION) VALUES('2','N','2','13','S','TU');

-- PARAM_SIREN_FAUX
INSERT INTO PARAM_SIREN_FAUX (SIREN,TMP_BATCH,USER_CREATION) VALUES('999999999',false,'TU');
INSERT INTO PARAM_SIREN_FAUX (SIREN,TMP_BATCH,USER_CREATION) VALUES('0',false,'TU');
INSERT INTO PARAM_SIREN_FAUX (SIREN,TMP_BATCH,USER_CREATION) VALUES('fauxsiren',false,'TU');
-- CONTRAT 001209400104000
INSERT INTO PARAM_SIREN_FAUX (SIREN,TMP_BATCH,USER_CREATION) VALUES('000000000',false,'TU'); -- SIREN associe au CLIENT du contrat déclaré faux, pas d'extension_entreprise_affiliee pour ce contrat

-- CONTRAT 002490800044000
INSERT INTO PARAM_SIREN_FAUX (SIREN,TMP_BATCH,USER_CREATION) VALUES('234567890',false,'TU'); -- un des siren associé au contrat dans extension_entreprise_affiliee pour ce client
INSERT INTO PARAM_SIREN_FAUX (SIREN,TMP_BATCH,USER_CREATION) VALUES('036921146',false,'TU'); -- siren associé au CLIENT du contrat
