-- Données DSN

INSERT INTO ADHESION_ETABLISSEMENT_MOIS(ID_ADH_ETAB_MOIS,CODE_ESSAI_REEL,TYPE_ENVOI,SIREN_EMETTEUR,NIC_EMETEUR,NOM_EMETTEUR,VOIE_EMETTEUR,CODE_POSTAL_EMETTEUR,LOCALITE_EMETTEUR,PAYS_EMETTEUR,CODE_DISTRIB_EMETTEUR,COMPLEMENT_CONSTRUCTION_EMETTEUR,COMPLEMENT_VOIE_EMETTEUR,CIVILITE_CONTACT,NOM_CONTACT,MAIL_CONTACT,TEL_CONTACT,FAX_CONTACT,TYPE_DECLARATION,NUMERO_ORDRE_DECLARATION,MOIS_DECLARE,MOIS_RATTACHEMENT,DATE_FICHIER,CHAMP_DECLARATION,IDENTIFIANT_METIER,DEVISE_DECLARATION,SIREN_ENTREPRISE,NIC_ENTREPRISE,CODE_APEN,VOIE_ENTREPRISE,CODE_POSTAL_ENTREPRISE,LOCALITE_ENTREPRISE,COMPLEMENT_CONSTRUCTION_ENTREPRISE,COMPLEMENT_VOIE_ENTREPRISE,EFFECTIF_MOYEN_ENTREPRISE,PAYS_ENTREPRISE,CODE_DISTRIB_ENTREPRISE,IMPLANTATION_ENTREPRISE,RAISON_SOCIALE_ENTREPRISE,NIC_ETABLISSEMENT,CODE_APET,VOIE_ETABLISSEMENT,CODE_POSTAL_ETABLISSEMENT,LOCALITE_ETABLISSEMENT,COMPLEMENT_CONSTRUCTION_ETABLISSEMENT,COMPLEMENT_VOIE_ETABLISSEMENT,EFFECTIF_FIN_PERIODE_ETABLISSEMENT,PAYS_ETABLISSEMENT,CODE_DISTRIB_ETABLISSEMENT,NATURE_JURIDIQUE_ETABLISSEMENT,CODE_INSEE,DATE_ECHEANCE,CATEGORIE_JURIDIQUE,ENSEIGNE_ETABLISSEMENT,REFERENCE_CONTRAT,CODE_ORGANISME,CODE_DELEG_COT,PERSONNEL_COUVERT,TMP_BATCH,USER_CREATION)
VALUES
('0000000001460401', '01', '01', '382880474', '00038', 'DUPONT                                                      ', '1 rue de la république                            ', '17000', 'LA ROCHELLE                                       ', 'FR', '                                                  ', '                                                  ', '                                                  ', '02', 'James Bond                                                                      ', 'james.bond@lemail.fr                                                                                ', '06.01.01.01.01      ', '                    ', '01', '000000000000002', '20151001', '201510', '20151201', '01', '               ', '01', '004941786', '00040', '0112Z', '100 Boulevard des capucines                       ', '69001', 'LYON                                              ', '                                                  ', '                                                  ', '0000500', '  ', '                                                  ', '  ', 'MA PETITE ENTREPRISE                                                            ', '00054', '0212Z', '104 Boulevard des capucines                       ', '69001', 'LYON                                              ', '                                                  ', '                                                  ', '000050', '  ', '                                                  ', '01', '     ', '20300105', '    ', 'TOY                                                                             ', '802400100032000               ', 'A5M001   ', '      ', '01', '0', 'user'),
('0000000001460501', '01', '01', '382880474', '00039', 'DUTEIL                                                      ', '1 rue de la république                            ', '17000', 'LA ROCHELLE                                       ', 'FR', '                                                  ', '                                                  ', '                                                  ', '01', 'James Blunt                                                                     ', 'james.blunt@lemail.fr                                                                               ', '                    ', '                    ', '02', '000000000000003', '20151001', '201510', '20151201', '01', '               ', '01', '004941786', '00040', '0112Z', '100 Boulevard des capucines                       ', '69001', 'LYON                                              ', '                                                  ', '                                                  ', '0000500', '  ', '                                                  ', '  ', 'MA PETITE ENTREPRISE                                                            ', '00888', '2112Z', '104 Boulevard des capucines                       ', '69001', 'LYON                                              ', '                                                  ', '                                                  ', '000050', '  ', '                                                  ', '01', '     ', '20300105', '    ', 'CALL                                                                            ', '001639400820000               ', 'A6M001   ', '      ', '01', '0', 'user'),
('0000000001460601', '01', '01', '382880474', '00039', 'PAUL                                                        ', '1 rue de la république                            ', '17000', 'LA ROCHELLE                                       ', 'FR', '                                                  ', '                                                  ', '                                                  ', '01', 'Tom                                                                             ', 'james.blunt@lemail.fr                                                                               ', '                    ', '                    ', '02', '000000000000004', '20151001', '201510', '20151201', '01', '               ', '01', '004941786', '00040', '0112Z', '100 Boulevard des capucines                       ', '69001', 'LYON                                              ', '                                                  ', '                                                  ', '0000500', '  ', '                                                  ', '  ', 'MA PETITE ENTREPRISE                                                            ', '14545', '3333A', '104 Boulevard des capucines                       ', '69001', 'LYON                                              ', '                                                  ', '                                                  ', '000050', '  ', '                                                  ', '01', '     ', '20300105', '    ', 'INTERPOL                                                                        ', '002786502306000               ', 'A6M002   ', '      ', '01', '0', 'user'),
('0000000001460701', '01', '01', '382880474', '00039', 'YVES                                                        ', '1 rue de la république                            ', '17000', 'LA ROCHELLE                                       ', 'FR', '                                                  ', '                                                  ', '                                                  ', '01', 'Pomme                                                                           ', 'james.pomme@lemail.fr                                                                               ', '                    ', '                    ', '02', '000000000000005', '20151001', '201510', '20151201', '01', '               ', '01', '004941786', '00040', '0112Z', '100 Boulevard des capucines                       ', '69001', 'LYON                                              ', '                                                  ', '                                                  ', '0000500', '  ', '                                                  ', '  ', 'MA PETITE ENTREPRISE                                                            ', '14555', '4444B', '104 Boulevard des capucines                       ', '69001', 'LYON                                              ', '                                                  ', '                                                  ', '000050', '  ', '                                                  ', '01', '     ', '20300105', '    ', 'MARCHE                                                                          ', '002786502322000               ', 'A6M003   ', '      ', '01', '0', 'user'),
('0000000001460901', '01', '01', '382880479', '00011', 'RACHID                                                      ', '3 rue des étoiles                                 ', '81600', 'GAILLAC                                           ', 'FR', '                                                  ', '                                                  ', '                                                  ', '01', 'Pomme                                                                           ', 'james.pomme@lemail.fr                                                                               ', '                    ', '                    ', '02', '000000000000006', '20151001', '201510', '20151201', '01', '               ', '01', '004941799', '00049', '0112P', '100 Boulevard des capucines                       ', '69001', 'LYON                                              ', '                                                  ', '                                                  ', '0000400', '  ', '                                                  ', '  ', 'EXPANSION CORP                                                                  ', '14000', '4444C', '108 Boulevard des généraux                        ', '69001', 'LYON                                              ', '                                                  ', '                                                  ', '000050', '  ', '                                                  ', '01', '     ', '20300105', '    ', 'EXPANSION LYON 1                                                                ', '002820100041000               ', 'A9K001   ', '      ', '01', '0', 'user'),
('0000000001460902', '01', '01', '382880479', '00011', 'RACHID                                                      ', '3 rue des étoiles                                 ', '81600', 'GAILLAC                                           ', 'FR', '                                                  ', '                                                  ', '                                                  ', '01', 'Pomme                                                                           ', 'james.pomme@lemail.fr                                                                               ', '                    ', '                    ', '02', '000000000000007', '20151001', '201510', '20151201', '01', '               ', '01', '004941799', '00049', '0112P', '100 Boulevard des capucines                       ', '69001', 'LYON                                              ', '                                                  ', '                                                  ', '0000400', '  ', '                                                  ', '  ', 'EXPANSION CORP                                                                  ', '14001', '4445C', '108 Boulevard des généraux                        ', '69002', 'LYON                                              ', '                                                  ', '                                                  ', '000050', '  ', '                                                  ', '01', '     ', '20300105', '    ', 'EXPANSION LYON 2                                                                ', '002820100041000               ', 'A9K002   ', '      ', '01', '0', 'user'),
('0000000001460903', '01', '01', '382880479', '00011', 'RACHID                                                      ', '3 rue des étoiles                                 ', '81600', 'GAILLAC                                           ', 'FR', '                                                  ', '                                                  ', '                                                  ', '01', 'Pomme                                                                           ', 'james.pomme@lemail.fr                                                                               ', '                    ', '                    ', '02', '000000000000008', '20151001', '201510', '20151201', '01', '               ', '01', '004941799', '00049', '0112P', '100 Boulevard des capucines                       ', '69001', 'LYON                                              ', '                                                  ', '                                                  ', '0000400', '  ', '                                                  ', '  ', 'EXPANSION CORP                                                                  ', '14002', '4446C', '108 Boulevard des généraux                        ', '69003', 'LYON                                              ', '                                                  ', '                                                  ', '000050', '  ', '                                                  ', '01', '     ', '20300105', '    ', 'EXPANSION LYON 3                                                                ', '002820100041000               ', 'A9K003   ', '      ', '01', '0', 'user'),
('0000000001460904', '01', '01', '382880479', '00011', 'RACHID                                                      ', '3 rue des étoiles                                 ', '81600', 'GAILLAC                                           ', 'FR', '                                                  ', '                                                  ', '                                                  ', '01', 'Pomme                                                                           ', 'james.pomme@lemail.fr                                                                               ', '                    ', '                    ', '02', '000000000000009', '20151001', '201510', '20151201', '01', '               ', '01', '004941799', '00049', '0112P', '100 Boulevard des capucines                       ', '69001', 'LYON                                              ', '                                                  ', '                                                  ', '0000400', '  ', '                                                  ', '  ', 'EXPANSION CORP                                                                  ', '14003', '4447C', '108 Boulevard des généraux                        ', '69004', 'LYON                                              ', '                                                  ', '                                                  ', '000050', '  ', '                                                  ', '01', '     ', '20300105', '    ', 'EXPANSION LYON 4                                                                ', '002820100041000               ', 'A9K004   ', '      ', '01', '0', 'user'),
('0000000001460905', '01', '01', '382880479', '00011', 'RACHID                                                      ', '3 rue des étoiles                                 ', '81600', 'GAILLAC                                           ', 'FR', '                                                  ', '                                                  ', '                                                  ', '01', 'Pomme                                                                           ', 'james.pomme@lemail.fr                                                                               ', '                    ', '                    ', '02', '000000000000010', '20151001', '201510', '20151201', '01', '               ', '01', '004941799', '00049', '0112P', '100 Boulevard des capucines                       ', '69001', 'LYON                                              ', '                                                  ', '                                                  ', '0000400', '  ', '                                                  ', '  ', 'EXPANSION CORP                                                                  ', '14004', '4448C', '108 Boulevard des généraux                        ', '69005', 'LYON                                              ', '                                                  ', '                                                  ', '000050', '  ', '                                                  ', '01', '     ', '20300105', '    ', 'EXPANSION LYON 5                                                                ', '002820100041000               ', 'A9K005   ', '      ', '01', '0', 'user'),
('0000000001460906', '01', '01', '382880479', '00011', 'RACHID                                                      ', '3 rue des étoiles                                 ', '81600', 'GAILLAC                                           ', 'FR', '                                                  ', '                                                  ', '                                                  ', '01', 'Pomme                                                                           ', 'james.pomme@lemail.fr                                                                               ', '                    ', '                    ', '02', '000000000000011', '20151001', '201510', '20151201', '01', '               ', '01', '004941799', '00049', '0112P', '100 Boulevard des capucines                       ', '69001', 'LYON                                              ', '                                                  ', '                                                  ', '0000400', '  ', '                                                  ', '  ', 'EXPANSION CORP                                                                  ', '14005', '4449C', '108 Boulevard des généraux                        ', '69006', 'LYON                                              ', '                                                  ', '                                                  ', '000050', '  ', '                                                  ', '01', '     ', '20300105', '    ', 'EXPANSION LYON 6                                                                ', '002820100041000               ', 'A9K006   ', '      ', '01', '0', 'user'),
('0000000001460907', '01', '01', '382880479', '00011', 'RACHID                                                      ', '3 rue des étoiles                                 ', '81600', 'GAILLAC                                           ', 'FR', '                                                  ', '                                                  ', '                                                  ', '01', 'Pomme                                                                           ', 'james.pomme@lemail.fr                                                                               ', '                    ', '                    ', '02', '000000000000012', '20151101', '201511', '20151205', '01', '               ', '01', '004941799', '00049', '0112P', '100 Boulevard des capucines                       ', '69001', 'LYON                                              ', '                                                  ', '                                                  ', '0000400', '  ', '                                                  ', '  ', 'EXPANSION CORP                                                                  ', '14005', '4449C', '108 Boulevard des généraux                        ', '69006', 'LYON                                              ', '                                                  ', '                                                  ', '000050', '  ', '                                                  ', '01', '     ', '20300105', '    ', 'EXPANSION LYON 6                                                                ', '002820100041000               ', 'A9K006   ', '      ', '01', '0', 'user'),
('0000000001461001', '01', '01', '382880479', '00011', 'RACHID                                                      ', '3 rue des étoiles                                 ', '81600', 'GAILLAC                                           ', 'FR', '                                                  ', '                                                  ', '                                                  ', '01', 'Pomme                                                                           ', 'james.pomme@lemail.fr                                                                               ', '                    ', '                    ', '02', '000000000000013', '20151001', '201510', '20151201', '01', '               ', '01', '004941799', '00049', '0112P', '100 Boulevard des capucines                       ', '69001', 'LYON                                              ', '                                                  ', '                                                  ', '0000400', '  ', '                                                  ', '  ', 'EXPANSION CORP                                                                  ', '60000', '1234A', '2 rue de la choucroute                            ', '31000', 'TOULOUSE                                          ', '                                                  ', '                                                  ', '000050', '  ', '                                                  ', '01', '     ', '20300105', '    ', 'PATE INDUSTRIES                                                                 ', '002820100042000               ', 'A8A888   ', '      ', '01', '0', 'user'),
('0000000001461002', '01', '01', '382880479', '00011', 'RACHID                                                      ', '3 rue des étoiles                                 ', '81600', 'GAILLAC                                           ', 'FR', '                                                  ', '                                                  ', '                                                  ', '01', 'Pomme                                                                           ', 'james.pomme@lemail.fr                                                                               ', '                    ', '                    ', '02', '000000000000014', '20151001', '201510', '20151201', '01', '               ', '01', '004941799', '00049', '0112P', '100 Boulevard des capucines                       ', '69001', 'LYON                                              ', '                                                  ', '                                                  ', '0000400', '  ', '                                                  ', '  ', 'EXPANSION CORP                                                                  ', '60001', '1234B', '2 rue de la choucroute                            ', '31000', 'TOULOUSE                                          ', '                                                  ', '                                                  ', '000050', '  ', '                                                  ', '01', '     ', '20300105', '    ', 'PATE CORPORATION                                                                ', '002820100042000               ', 'A8A889   ', '      ', '01', '0', 'user'),
('0000000001461003', '01', '01', '382880479', '00011', 'RACHID                                                      ', '3 rue des étoiles                                 ', '81600', 'GAILLAC                                           ', 'FR', '                                                  ', '                                                  ', '                                                  ', '01', 'Pomme                                                                           ', 'james.pomme@lemail.fr                                                                               ', '                    ', '                    ', '02', '000000000000015', '20151101', '201511', '20151205', '01', '               ', '01', '004941799', '00049', '0112P', '100 Boulevard des capucines                       ', '69001', 'LYON                                              ', '                                                  ', '                                                  ', '0000400', '  ', '                                                  ', '  ', 'EXPANSION CORP                                                                  ', '60001', '1234B', '2 rue de la choucroute                            ', '31000', 'TOULOUSE                                          ', '                                                  ', '                                                  ', '000050', '  ', '                                                  ', '01', '     ', '20300105', '    ', 'PATE CORPORATION                                                                ', '002820100042000               ', 'A8A889   ', '      ', '01', '0', 'user'),
('0000000001461101', '01', '01', '382880479', '00011', 'RACHID                                                      ', '3 rue des étoiles                                 ', '81600', 'GAILLAC                                           ', 'FR', '                                                  ', '                                                  ', '                                                  ', '01', 'Pomme                                                                           ', 'james.pomme@lemail.fr                                                                               ', '                    ', '                    ', '02', '000000000000016', '20151001', '201510', '20151201', '01', '               ', '01', '004941799', '00049', '0112P', '100 Boulevard des capucines                       ', '69001', 'LYON                                              ', '                                                  ', '                                                  ', '0000400', '  ', '                                                  ', '  ', 'EXPANSION CORP                                                                  ', '60002', '1234D', '2 rue de la choucroute                            ', '31000', 'TOULOUSE                                          ', '                                                  ', '                                                  ', '000050', '  ', '                                                  ', '01', '     ', '20300105', '    ', 'SOLEIL SAS                                                                      ', '002820170000000               ', 'A8A555   ', '      ', '01', '0', 'user'),
('0000000001461102', '01', '01', '382880479', '00011', 'RACHID                                                      ', '3 rue des étoiles                                 ', '81600', 'GAILLAC                                           ', 'FR', '                                                  ', '                                                  ', '                                                  ', '01', 'Pomme                                                                           ', 'james.pomme@lemail.fr                                                                               ', '                    ', '                    ', '02', '000000000000017', '20151001', '201510', '20151201', '01', '               ', '01', '004941799', '00049', '0112P', '100 Boulevard des capucines                       ', '69001', 'LYON                                              ', '                                                  ', '                                                  ', '0000400', '  ', '                                                  ', '  ', 'EXPANSION CORP                                                                  ', '60003', '1234E', '2 rue de la choucroute                            ', '31000', 'TOULOUSE                                          ', '                                                  ', '                                                  ', '000050', '  ', '                                                  ', '01', '     ', '20300105', '    ', 'LUNE SARL                                                                       ', '002820170000000               ', 'A8A556   ', '      ', '01', '0', 'user'),
('0000000001461103', '01', '01', '382880479', '00011', 'RACHID                                                      ', '3 rue des étoiles                                 ', '81600', 'GAILLAC                                           ', 'FR', '                                                  ', '                                                  ', '                                                  ', '01', 'Pomme                                                                           ', 'james.pomme@lemail.fr                                                                               ', '                    ', '                    ', '02', '000000000000018', '20151101', '201511', '20151205', '01', '               ', '01', '004941799', '00049', '0112P', '100 Boulevard des capucines                       ', '69001', 'LYON                                              ', '                                                  ', '                                                  ', '0000400', '  ', '                                                  ', '  ', 'EXPANSION CORP                                                                  ', '60003', '1234E', '2 rue de la choucroute                            ', '31000', 'TOULOUSE                                          ', '                                                  ', '                                                  ', '000050', '  ', '                                                  ', '01', '     ', '20300105', '    ', 'LUNE SARL                                                                       ', '002820170000000               ', 'A8A556   ', '      ', '01', '0', 'user'),
('0000000001461201', '01', '01', '446412145', '15555', 'PAUL                                                        ', '1 rue du chanvre                                  ', '31000', 'TOULOUSE                                          ', 'FR', '                                                  ', '                                                  ', '                                                  ', '01', 'Pomme                                                                           ', 'james.pomme@lemail.fr                                                                               ', '                    ', '                    ', '02', '000000000000019', '20151001', '201510', '20151201', '01', '               ', '01', '004941799', '00049', '0112P', '100 Boulevard des capucines                       ', '69001', 'LYON                                              ', '                                                  ', '                                                  ', '0000400', '  ', '                                                  ', '  ', 'EXPANSION CORP                                                                  ', '60004', '1234F', '2 rue de la choucroute                            ', '31000', 'TOULOUSE                                          ', '                                                  ', '                                                  ', '000050', '  ', '                                                  ', '01', '     ', '20300105', '    ', 'EFFECTIF PRO                                                                    ', '002820300109000               ', 'A8A557   ', '      ', '01', '0', 'user'),
('0000000001461202', '01', '01', '446412145', '15555', 'PAUL                                                        ', '1 rue du chanvre                                  ', '31000', 'TOULOUSE                                          ', 'FR', '                                                  ', '                                                  ', '                                                  ', '01', 'Pomme                                                                           ', 'james.pomme@lemail.fr                                                                               ', '                    ', '                    ', '02', '000000000000020', '20151101', '201511', '20151205', '01', '               ', '01', '004941799', '00049', '0112P', '100 Boulevard des capucines                       ', '69001', 'LYON                                              ', '                                                  ', '                                                  ', '0000400', '  ', '                                                  ', '  ', 'EXPANSION CORP                                                                  ', '60004', '1234F', '2 rue de la choucroute                            ', '31000', 'TOULOUSE                                          ', '                                                  ', '                                                  ', '000050', '  ', '                                                  ', '01', '     ', '20300105', '    ', 'EFFECTIF PRO                                                                    ', '002820300109000               ', 'A8A557   ', '      ', '01', '0', 'user'),
('0000000001461301', '01', '01', '446412145', '15555', 'PAUL                                                        ', '1 rue du chanvre                                  ', '31000', 'TOULOUSE                                          ', 'FR', '                                                  ', '                                                  ', '                                                  ', '01', 'Pomme                                                                           ', 'james.pomme@lemail.fr                                                                               ', '                    ', '                    ', '02', '000000000000021', '20151001', '201510', '20151201', '01', '               ', '01', '004941799', '00049', '0112P', '100 Boulevard des capucines                       ', '69001', 'LYON                                              ', '                                                  ', '                                                  ', '0000400', '  ', '                                                  ', '  ', 'EXPANSION CORP                                                                  ', '60005', '1234G', '2 rue de la choucroute                            ', '31000', 'TOULOUSE                                          ', '                                                  ', '                                                  ', '000050', '  ', '                                                  ', '01', '     ', '20300105', '    ', 'EFFECTIF PART                                                                   ', '002820300119000               ', 'A8A558   ', '      ', '01', '0', 'user'),
('0000000001461302', '01', '01', '446412145', '15555', 'PAUL                                                        ', '1 rue du chanvre                                  ', '31000', 'TOULOUSE                                          ', 'FR', '                                                  ', '                                                  ', '                                                  ', '01', 'Pomme                                                                           ', 'james.pomme@lemail.fr                                                                               ', '                    ', '                    ', '02', '000000000000022', '20151101', '201511', '20151205', '01', '               ', '01', '004941799', '00049', '0112P', '100 Boulevard des capucines                       ', '69001', 'LYON                                              ', '                                                  ', '                                                  ', '0000400', '  ', '                                                  ', '  ', 'EXPANSION CORP                                                                  ', '60005', '1234G', '2 rue de la choucroute                            ', '31000', 'TOULOUSE                                          ', '                                                  ', '                                                  ', '000050', '  ', '                                                  ', '01', '     ', '20300105', '    ', 'EFFECTIF PART                                                                   ', '002820300119000               ', 'A8A558   ', '      ', '01', '0', 'user'),
('0000000001461401', '01', '01', '446412145', '15555', 'PAUL                                                        ', '1 rue du chanvre                                  ', '31000', 'TOULOUSE                                          ', 'FR', '                                                  ', '                                                  ', '                                                  ', '01', 'Pomme                                                                           ', 'james.pomme@lemail.fr                                                                               ', '                    ', '                    ', '02', '000000000000023', '20151001', '201510', '20151201', '01', '               ', '01', '004941799', '00049', '0112P', '100 Boulevard des capucines                       ', '69001', 'LYON                                              ', '                                                  ', '                                                  ', '0000400', '  ', '                                                  ', '  ', 'EXPANSION CORP                                                                  ', '60006', '1234H', '2 rue de la choucroute                            ', '31000', 'TOULOUSE                                          ', '                                                  ', '                                                  ', '000050', '  ', '                                                  ', '01', '     ', '20300105', '    ', 'PAINT FOR ALL                                                                   ', '002820370006000               ', 'A8A559   ', '      ', '01', '0', 'user'),
('0000000001461402', '01', '01', '446412145', '15555', 'PAUL                                                        ', '1 rue du chanvre                                  ', '31000', 'TOULOUSE                                          ', 'FR', '                                                  ', '                                                  ', '                                                  ', '01', 'Pomme                                                                           ', 'james.pomme@lemail.fr                                                                               ', '                    ', '                    ', '02', '000000000000024', '20151101', '201511', '20151205', '01', '               ', '01', '004941799', '00049', '0112P', '100 Boulevard des capucines                       ', '69001', 'LYON                                              ', '                                                  ', '                                                  ', '0000400', '  ', '                                                  ', '  ', 'EXPANSION CORP                                                                  ', '60006', '1234H', '2 rue de la choucroute                            ', '31000', 'TOULOUSE                                          ', '                                                  ', '                                                  ', '000050', '  ', '                                                  ', '01', '     ', '20300105', '    ', 'PAINT FOR ALL                                                                   ', '002820370006000               ', 'A8A559   ', '      ', '01', '0', 'user'),
('0000000001461601', '01', '01', '446412145', '15555', 'PAUL                                                        ', '1 rue du chanvre                                  ', '31000', 'TOULOUSE                                          ', 'FR', '                                                  ', '                                                  ', '                                                  ', '01', 'Pomme                                                                           ', 'james.pomme@lemail.fr                                                                               ', '                    ', '                    ', '02', '000000000000025', '20151001', '201510', '20151201', '01', '               ', '01', '004941799', '00049', '0112P', '100 Boulevard des capucines                       ', '69001', 'LYON                                              ', '                                                  ', '                                                  ', '0000400', '  ', '                                                  ', '  ', 'EXPANSION CORP                                                                  ', '60007', '1234I', '2 rue de la choucroute                            ', '31000', 'TOULOUSE                                          ', '                                                  ', '                                                  ', '000050', '  ', '                                                  ', '01', '     ', '20300105', '    ', 'HELLO WORLD                                                                     ', '002820300080000               ', 'A8A560   ', '      ', '01', '0', 'user'),
('0000000001461701', '01', '01', '446412145', '15555', 'PAUL                                                        ', '1 rue du chanvre                                  ', '31000', 'TOULOUSE                                          ', 'FR', '                                                  ', '                                                  ', '                                                  ', '01', 'Pomme                                                                           ', 'james.pomme@lemail.fr                                                                               ', '                    ', '                    ', '02', '000000000000026', '20151001', '201510', '20151201', '01', '               ', '01', '004941799', '00049', '0112P', '100 Boulevard des capucines                       ', '69001', 'LYON                                              ', '                                                  ', '                                                  ', '0000400', '  ', '                                                  ', '  ', 'EXPANSION CORP                                                                  ', '60008', '1234J', '2 rue de la choucroute                            ', '31000', 'TOULOUSE                                          ', '                                                  ', '                                                  ', '000050', '  ', '                                                  ', '01', '     ', '20300105', '    ', 'CLOTHES SARL                                                                    ', '002820300085000               ', 'A8A561   ', '      ', '01', '0', 'user'),
('0000000001461801', '01', '01', '446412145', '15555', 'PAUL                                                        ', '1 rue du chanvre                                  ', '31000', 'TOULOUSE                                          ', 'FR', '                                                  ', '                                                  ', '                                                  ', '01', 'Pomme                                                                           ', 'james.pomme@lemail.fr                                                                               ', '                    ', '                    ', '02', '000000000000027', '20151001', '201510', '20151201', '01', '               ', '01', '004941799', '00049', '0112P', '100 Boulevard des capucines                       ', '69001', 'LYON                                              ', '                                                  ', '                                                  ', '0000400', '  ', '                                                  ', '  ', 'EXPANSION CORP                                                                  ', '60009', '1234K', '2 rue de la choucroute                            ', '31000', 'TOULOUSE                                          ', '                                                  ', '                                                  ', '000050', '  ', '                                                  ', '01', '     ', '20300105', '    ', 'DECATHLOU                                                                       ', '002820370011000               ', 'A8A562   ', '      ', '01', '0', 'user'),
('0000000001461901', '01', '01', '446412145', '15555', 'PAUL                                                        ', '1 rue du chanvre                                  ', '31000', 'TOULOUSE                                          ', 'FR', '                                                  ', '                                                  ', '                                                  ', '01', 'Pomme                                                                           ', 'james.pomme@lemail.fr                                                                               ', '                    ', '                    ', '02', '000000000000028', '20151001', '201510', '20151201', '01', '               ', '01', '004941799', '00049', '0112P', '100 Boulevard des capucines                       ', '69001', 'LYON                                              ', '                                                  ', '                                                  ', '0000400', '  ', '                                                  ', '  ', 'EXPANSION CORP                                                                  ', '60010', '1234L', '2 rue de la choucroute                            ', '31000', 'TOULOUSE                                          ', '                                                  ', '                                                  ', '000050', '  ', '                                                  ', '01', '     ', '20300105', '    ', 'INTERPORC                                                                       ', '002820370016000               ', 'A8A563   ', '      ', '01', '0', 'user'),
('0000000001462001', '01', '01', '446412145', '15555', 'PAUL                                                        ', '1 rue du chanvre                                  ', '31000', 'TOULOUSE                                          ', 'FR', '                                                  ', '                                                  ', '                                                  ', '01', 'Pomme                                                                           ', 'james.pomme@lemail.fr                                                                               ', '                    ', '                    ', '02', '000000000000029', '20151001', '201510', '20151201', '01', '               ', '01', '004941799', '00049', '0112P', '100 Boulevard des capucines                       ', '69001', 'LYON                                              ', '                                                  ', '                                                  ', '0000400', '  ', '                                                  ', '  ', 'EXPANSION CORP                                                                  ', '60011', '1234M', '2 rue de la choucroute                            ', '31000', 'TOULOUSE                                          ', '                                                  ', '                                                  ', '000050', '  ', '                                                  ', '01', '     ', '20300105', '    ', 'E.LESOMBRE                                                                      ', '001105800404000               ', 'A8A564   ', '      ', '01', '0', 'user'),
('0000000001462101', '01', '01', '446412145', '15555', 'PAUL                                                        ', '1 rue du chanvre                                  ', '31000', 'TOULOUSE                                          ', 'FR', '                                                  ', '                                                  ', '                                                  ', '01', 'Pomme                                                                           ', 'james.pomme@lemail.fr                                                                               ', '                    ', '                    ', '02', '000000000000030', '20151001', '201510', '20151201', '01', '               ', '01', '004941799', '00049', '0112P', '100 Boulevard des capucines                       ', '69001', 'LYON                                              ', '                                                  ', '                                                  ', '0000400', '  ', '                                                  ', '  ', 'EXPANSION CORP                                                                  ', '60012', '1234N', '2 rue de la choucroute                            ', '31000', 'TOULOUSE                                          ', '                                                  ', '                                                  ', '000050', '  ', '                                                  ', '01', '     ', '20300105', '    ', 'AUPRE                                                                           ', '002786501754000               ', 'A8A565   ', '      ', '01', '0', 'user'),
('0000000001462201', '01', '01', '446412145', '15555', 'PAUL                                                        ', '1 rue du chanvre                                  ', '31000', 'TOULOUSE                                          ', 'FR', '                                                  ', '                                                  ', '                                                  ', '01', 'Pomme                                                                           ', 'james.pomme@lemail.fr                                                                               ', '                    ', '                    ', '02', '000000000000031', '20151001', '201510', '20151201', '01', '               ', '01', '004941799', '00049', '0112P', '100 Boulevard des capucines                       ', '69001', 'LYON                                              ', '                                                  ', '                                                  ', '0000400', '  ', '                                                  ', '  ', 'EXPANSION CORP                                                                  ', '60013', '1234O', '2 rue de la choucroute                            ', '31000', 'TOULOUSE                                          ', '                                                  ', '                                                  ', '000050', '  ', '                                                  ', '01', '     ', '20300105', '    ', 'BOUCHERIE ANDROS                                                                ', '000722500004007               ', 'A8A566   ', '      ', '01', '0', 'user'),
('0000000001462301', '01', '01', '446412145', '15555', 'PAUL                                                        ', '1 rue du chanvre                                  ', '31000', 'TOULOUSE                                          ', 'FR', '                                                  ', '                                                  ', '                                                  ', '01', 'Pomme                                                                           ', 'james.pomme@lemail.fr                                                                               ', '                    ', '                    ', '02', '000000000000032', '20151001', '201510', '20151201', '01', '               ', '01', '004941799', '00049', '0112P', '100 Boulevard des capucines                       ', '69001', 'LYON                                              ', '                                                  ', '                                                  ', '0000400', '  ', '                                                  ', '  ', 'EXPANSION CORP                                                                  ', '60014', '1234P', '2 rue de la choucroute                            ', '31000', 'TOULOUSE                                          ', '                                                  ', '                                                  ', '000050', '  ', '                                                  ', '01', '     ', '20300105', '    ', 'ETANGTEL                                                                        ', '000722500075000               ', 'A8A567   ', '      ', '01', '0', 'user'),
('0000000001462401', '01', '01', '446412145', '15555', 'PAUL                                                        ', '1 rue du chanvre                                  ', '31000', 'TOULOUSE                                          ', 'FR', '                                                  ', '                                                  ', '                                                  ', '01', 'Pomme                                                                           ', 'james.pomme@lemail.fr                                                                               ', '                    ', '                    ', '02', '000000000000033', '20151001', '201510', '20151201', '01', '               ', '01', '004941799', '00049', '0112P', '100 Boulevard des capucines                       ', '69001', 'LYON                                              ', '                                                  ', '                                                  ', '0000400', '  ', '                                                  ', '  ', 'EXPANSION CORP                                                                  ', '60015', '1234Q', '2 rue de la choucroute                            ', '31000', 'TOULOUSE                                          ', '                                                  ', '                                                  ', '000050', '  ', '                                                  ', '01', '     ', '20300105', '    ', 'PATERNE                                                                         ', '002820370024000               ', 'A8A568   ', '      ', '01', '0', 'user'),
('0000000001462501', '01', '01', '446412145', '15555', 'PAUL                                                        ', '1 rue du chanvre                                  ', '31000', 'TOULOUSE                                          ', 'FR', '                                                  ', '                                                  ', '                                                  ', '01', 'Pomme                                                                           ', 'james.pomme@lemail.fr                                                                               ', '                    ', '                    ', '02', '000000000000034', '20151001', '201510', '20151201', '01', '               ', '01', '004941799', '00049', '0112P', '100 Boulevard des capucines                       ', '69001', 'LYON                                              ', '                                                  ', '                                                  ', '0000400', '  ', '                                                  ', '  ', 'EXPANSION CORP                                                                  ', '60016', '1234R', '2 rue de la choucroute                            ', '31000', 'TOULOUSE                                          ', '                                                  ', '                                                  ', '000050', '  ', '                                                  ', '01', '     ', '20300105', '    ', 'HEINZE                                                                          ', '002820370032000               ', 'A8A569   ', '      ', '01', '0', 'user'),
('0000000001462002', '01', '01', '446412145', '15555', 'PAUL                                                        ', '1 rue du chanvre                                  ', '31000', 'TOULOUSE                                          ', 'FR', '                                                  ', '                                                  ', '                                                  ', '01', 'Pomme                                                                           ', 'james.pomme@lemail.fr                                                                               ', '                    ', '                    ', '02', '000000000000043', '20151101', '201511', '20151201', '01', '               ', '01', '004941799', '00049', '0112P', '100 Boulevard des capucines                       ', '69001', 'LYON                                              ', '                                                  ', '                                                  ', '0000400', '  ', '                                                  ', '  ', 'EXPANSION CORP                                                                  ', '60011', '1234M', '2 rue de la choucroute                            ', '31000', 'TOULOUSE                                          ', '                                                  ', '                                                  ', '000050', '  ', '                                                  ', '01', '     ', '20300105', '    ', 'E.LESOMBRE                                                                      ', '001105800404000               ', 'A8A564   ', '      ', '01', '0', 'user'); 
  
INSERT INTO INDIVIDU(ID_INDIVIDU,ID_ADH_ETAB_MOIS,IDENTIFIANT_REPERTOIRE,NOM_FAMILLE,NOM_USAGE,PRENOM,SEXE,DATE_NAISSANCE,LIEU_NAISSANCE,VOIE,CODE_POSTAL,LOCALITE,CODE_PAYS,CODE_DISTRIBUTION,DEPARTEMENT_NAISSANCE,PAYS_NAISSANCE,COMPLEMENT_CONSTRUCTION,COMPLEMENT_VOIE,MAIL,MATRICULE,NTT,NOMBRE_ENFANTS,STATUT_ETRANGER,EMBAUCHE,TMP_BATCH,USER_CREATION)
VALUES
('0000000006460401', '0000000001460401', '2761217300144', 'Obama                                                                           ', 'Obama                                                                           ', 'Barack                                                                          ', '01', '01091950', 'LYON                          ', '14, rue des aiglons                               ', '69160', 'Tassin                                            ', '  ', '                                                  ', '69', 'FR', '                                                  ', 'Ter                                               ', 'barack@mail.fr                                                                                      ', '01234567                      ', '                                        ', '00', '01', '01', '0', 'user'),
('0000000006460501', '0000000001460501', '2761217300177', 'Pascal                                                                          ', 'Pascal                                                                          ', 'André                                                                           ', '01', '01091952', 'PARIS                         ', '1, allée des poux                                 ', '75000', 'Paris                                             ', '  ', '                                                  ', '75', 'FR', '                                                  ', 'Ter                                               ', 'andre@mail.fr                                                                                       ', '01234599                      ', '                                        ', '00', '01', '01', '0', 'user'),
('0000000006460601', '0000000001460601', '2761217304444', 'Alesi                                                                           ', 'Alesi                                                                           ', 'Jean                                                                            ', '01', '01091954', 'PARIS                         ', '7, allée des roux                                 ', '75000', 'Paris                                             ', '  ', '                                                  ', '75', 'FR', '                                                  ', 'Ter                                               ', 'jean@mail.fr                                                                                        ', '46795555                      ', '                                        ', '00', '01', '01', '0', 'user'),
('0000000006460701', '0000000001460701', '2761217304412', 'Bocuse                                                                          ', 'Bocuse                                                                          ', 'Paul                                                                            ', '01', '01091944', 'PARIS                         ', '1, allée des poutres                              ', '75000', 'Paris                                             ', '  ', '                                                  ', '75', 'FR', '                                                  ', 'Ter                                               ', 'jean@mail.fr                                                                                        ', '16432313                      ', '                                        ', '00', '01', '01', '0', 'user'),
('0000000006460901', '0000000001460901', '2761217304999', 'Sawyer                                                                          ', 'Sawyer                                                                          ', 'Tom                                                                             ', '01', '01091944', 'PARIS                         ', '1, allée des poutres                              ', '75000', 'Paris                                             ', '  ', '                                                  ', '75', 'FR', '                                                  ', 'Ter                                               ', 'jean@mail.fr                                                                                        ', '16432314                      ', '                                        ', '00', '01', '01', '0', 'user'),
('0000000006460902', '0000000001460902', '2761217304988', 'Henry                                                                           ', 'Henry                                                                           ', 'Thierry                                                                         ', '01', '04091950', 'PARIS                         ', '1, allée des poutres                              ', '75000', 'Paris                                             ', '  ', '                                                  ', '75', 'FR', '                                                  ', 'Ter                                               ', 'jean@mail.fr                                                                                        ', '16432315                      ', '                                        ', '00', '01', '01', '0', 'user'),
('0000000006460903', '0000000001460903', '2761217304447', 'Jean                                                                            ', 'Jean                                                                            ', 'Val                                                                             ', '01', '06061980', 'PARIS                         ', '1, allée des poutres                              ', '75000', 'Paris                                             ', '  ', '                                                  ', '75', 'FR', '                                                  ', 'Ter                                               ', 'jean@mail.fr                                                                                        ', '16432316                      ', '                                        ', '00', '01', '01', '0', 'user'),
('0000000006460904', '0000000001460904', '2761217304265', 'Faux                                                                            ', 'Faux                                                                            ', 'Antoine                                                                         ', '01', '03011944', 'PARIS                         ', '1, allée des poutres                              ', '75000', 'Paris                                             ', '  ', '                                                  ', '75', 'FR', '                                                  ', 'Ter                                               ', 'jean@mail.fr                                                                                        ', '16432317                      ', '                                        ', '00', '01', '01', '0', 'user'),
('0000000006460905', '0000000001460905', '2761217304366', 'Pale                                                                            ', 'Pale                                                                            ', 'Renée                                                                           ', '02', '06121948', 'PARIS                         ', '1, allée des poutres                              ', '75000', 'Paris                                             ', '  ', '                                                  ', '75', 'FR', '                                                  ', 'Ter                                               ', 'jean@mail.fr                                                                                        ', '16432318                      ', '                                        ', '00', '01', '01', '0', 'user'),
('0000000006460906', '0000000001460906', '2761217305554', 'Marmite                                                                         ', 'Marmite                                                                         ', 'Valérie                                                                         ', '02', '25111960', 'PARIS                         ', '1, allée des poutres                              ', '75000', 'Paris                                             ', '  ', '                                                  ', '75', 'FR', '                                                  ', 'Ter                                               ', 'jean@mail.fr                                                                                        ', '16432319                      ', '                                        ', '00', '01', '01', '0', 'user'),
('0000000006460907', '0000000001460907', '2761217304449', 'Alese                                                                           ', 'Alese                                                                           ', 'Patrice                                                                         ', '02', '19011938', 'PARIS                         ', '1, allée des poutres                              ', '75000', 'Paris                                             ', '  ', '                                                  ', '75', 'FR', '                                                  ', 'Ter                                               ', 'jean@mail.fr                                                                                        ', '16432320                      ', '                                        ', '00', '01', '01', '0', 'user'),
('0000000006461001', '0000000001461001', '2761217200001', 'Platino                                                                         ', 'Platino                                                                         ', 'Michel                                                                          ', '01', '06121948', 'PARIS                         ', '1, allée des poutres                              ', '75000', 'Paris                                             ', '  ', '                                                  ', '75', 'FR', '                                                  ', 'Ter                                               ', 'jean@mail.fr                                                                                        ', '16432321                      ', '                                        ', '00', '01', '01', '0', 'user'),
('0000000006461002', '0000000001461002', '2761217200002', 'Chaix                                                                           ', 'Chaix                                                                           ', 'Martine                                                                         ', '02', '06121948', 'PARIS                         ', '1, allée des poutres                              ', '75000', 'Paris                                             ', '  ', '                                                  ', '75', 'FR', '                                                  ', 'Ter                                               ', 'jean@mail.fr                                                                                        ', '16432322                      ', '                                        ', '00', '01', '01', '0', 'user'),
('0000000006461003', '0000000001461003', '2761217200003', 'Mollo                                                                           ', 'Mollo                                                                           ', 'Vazi                                                                            ', '01', '06121948', 'PARIS                         ', '1, allée des poutres                              ', '75000', 'Paris                                             ', '  ', '                                                  ', '75', 'FR', '                                                  ', 'Ter                                               ', 'jean@mail.fr                                                                                        ', '16432323                      ', '                                        ', '00', '01', '01', '0', 'user'),
('0000000006461101', '0000000001461101', '2761217500001', 'Durand                                                                          ', 'Durand                                                                          ', 'Michel                                                                          ', '01', '06121950', 'PARIS                         ', '1, allée des poutres                              ', '75000', 'Paris                                             ', '  ', '                                                  ', '75', 'FR', '                                                  ', 'Ter                                               ', 'jean@mail.fr                                                                                        ', '16432324                      ', '                                        ', '00', '01', '01', '0', 'user'),
('0000000006461102', '0000000001461102', '2761217500002', 'Martin                                                                          ', 'Martin                                                                          ', 'Martino                                                                         ', '01', '05051966', 'PARIS                         ', '1, allée des poutres                              ', '75000', 'Paris                                             ', '  ', '                                                  ', '75', 'FR', '                                                  ', 'Ter                                               ', 'jean@mail.fr                                                                                        ', '16432325                      ', '                                        ', '00', '01', '01', '0', 'user'),
('0000000006461103', '0000000001461103', '2761217500003', 'Klopp                                                                           ', 'Klopp                                                                           ', 'Jurgen                                                                          ', '01', '22101966', 'PARIS                         ', '1, allée des poutres                              ', '75000', 'Paris                                             ', '  ', '                                                  ', '75', 'FR', '                                                  ', 'Ter                                               ', 'jean@mail.fr                                                                                        ', '16432326                      ', '                                        ', '00', '01', '01', '0', 'user'),
('0000000006461201', '0000000001461201', '2761217500099', 'Tom                                                                             ', 'Tom                                                                             ', 'Julie                                                                           ', '01', '05051966', 'PARIS                         ', '1, allée des poutres                              ', '75000', 'Paris                                             ', '  ', '                                                  ', '75', 'FR', '                                                  ', 'Ter                                               ', 'jean@mail.fr                                                                                        ', '16432327                      ', '                                        ', '00', '01', '01', '0', 'user'),
('0000000006461202', '0000000001461201', '2761217500100', 'Toma                                                                            ', 'Toma                                                                            ', 'July                                                                            ', '02', '05051966', 'PARIS                         ', '1, allée des poutres                              ', '75000', 'Paris                                             ', '  ', '                                                  ', '75', 'FR', '                                                  ', 'Ter                                               ', 'jean@mail.fr                                                                                        ', '16432328                      ', '                                        ', '00', '01', '01', '0', 'user'),
('0000000006461203', '0000000001461201', '2761217500098', 'Pom                                                                             ', 'Pom                                                                             ', 'Audrey                                                                          ', '02', '05051966', 'PARIS                         ', '1, allée des poutres                              ', '75000', 'Paris                                             ', '  ', '                                                  ', '75', 'FR', '                                                  ', 'Ter                                               ', 'jean@mail.fr                                                                                        ', '16432329                      ', '                                        ', '00', '01', '01', '0', 'user'),
('0000000006461204', '0000000001461201', '2761217500444', 'Rom                                                                             ', 'Rom                                                                             ', 'Billie                                                                          ', '02', '05051966', 'PARIS                         ', '1, allée des poutres                              ', '75000', 'Paris                                             ', '  ', '                                                  ', '75', 'FR', '                                                  ', 'Ter                                               ', 'jean@mail.fr                                                                                        ', '16432330                      ', '                                        ', '00', '01', '01', '0', 'user'),
('0000000006461205', '0000000001461201', '2761266666666', 'Mom                                                                             ', 'Mom                                                                             ', 'Nellie                                                                          ', '02', '05051966', 'PARIS                         ', '1, allée des poutres                              ', '75000', 'Paris                                             ', '  ', '                                                  ', '75', 'FR', '                                                  ', 'Ter                                               ', 'jean@mail.fr                                                                                        ', '16432331                      ', '                                        ', '00', '01', '01', '0', 'user'),
('0000000006461206', '0000000001461201', '2761217500333', 'Som                                                                             ', 'Som                                                                             ', 'Quam                                                                            ', '01', '05051966', 'PARIS                         ', '1, allée des poutres                              ', '75000', 'Paris                                             ', '  ', '                                                  ', '75', 'FR', '                                                  ', 'Ter                                               ', 'jean@mail.fr                                                                                        ', '16432332                      ', '                                        ', '00', '01', '01', '0', 'user'),
('0000000006461207', '0000000001461202', '2761217502222', 'Wom                                                                             ', 'Wom                                                                             ', 'Nini                                                                            ', '02', '05051966', 'PARIS                         ', '1, allée des poutres                              ', '75000', 'Paris                                             ', '  ', '                                                  ', '75', 'FR', '                                                  ', 'Ter                                               ', 'jean@mail.fr                                                                                        ', '16432333                      ', '                                        ', '00', '01', '01', '0', 'user'),
('0000000006461301', '0000000001461301', '2761217502223', 'Alain                                                                           ', 'Alain                                                                           ', 'Aline                                                                           ', '02', '05051966', 'PARIS                         ', '1, allée des poutres                              ', '75000', 'Paris                                             ', '  ', '                                                  ', '75', 'FR', '                                                  ', 'Ter                                               ', 'jean@mail.fr                                                                                        ', '16432334                      ', '                                        ', '00', '01', '01', '0', 'user'),
('0000000006461302', '0000000001461301', '2761217502224', 'Pantin                                                                          ', 'Pantin                                                                          ', 'Marise                                                                          ', '02', '05051966', 'PARIS                         ', '1, allée des poutres                              ', '75000', 'Paris                                             ', '  ', '                                                  ', '75', 'FR', '                                                  ', 'Ter                                               ', 'jean@mail.fr                                                                                        ', '16432335                      ', '                                        ', '00', '01', '01', '0', 'user'),
('0000000006461303', '0000000001461302', '2761217502225', 'Santos                                                                          ', 'Santos                                                                          ', 'Maria                                                                           ', '02', '05051966', 'PARIS                         ', '1, allée des poutres                              ', '75000', 'Paris                                             ', '  ', '                                                  ', '75', 'FR', '                                                  ', 'Ter                                               ', 'jean@mail.fr                                                                                        ', '16432336                      ', '                                        ', '00', '01', '01', '0', 'user'),
('0000000006461401', '0000000001461401', '2761217502226', 'Alain                                                                           ', 'Alain                                                                           ', 'Al                                                                              ', '01', '05051966', 'PARIS                         ', '1, allée des poutres                              ', '75000', 'Paris                                             ', '  ', '                                                  ', '75', 'FR', '                                                  ', 'Ter                                               ', 'jean@mail.fr                                                                                        ', '16432337                      ', '                                        ', '00', '01', '01', '0', 'user'),
('0000000006461402', '0000000001461401', '2761217502227', 'Pantin                                                                          ', 'Pantin                                                                          ', 'Marc                                                                            ', '01', '05051966', 'PARIS                         ', '1, allée des poutres                              ', '75000', 'Paris                                             ', '  ', '                                                  ', '75', 'FR', '                                                  ', 'Ter                                               ', 'jean@mail.fr                                                                                        ', '16432338                      ', '                                        ', '00', '01', '01', '0', 'user'),
('0000000006461403', '0000000001461402', '2761217502228', 'Santos                                                                          ', 'Santos                                                                          ', 'Marco                                                                           ', '01', '05051966', 'PARIS                         ', '1, allée des poutres                              ', '75000', 'Paris                                             ', '  ', '                                                  ', '75', 'FR', '                                                  ', 'Ter                                               ', 'jean@mail.fr                                                                                        ', '16432339                      ', '                                        ', '00', '01', '01', '0', 'user'),
('0000000006461601', '0000000001461601', '2761217502244', 'Belhomme                                                                        ', 'Belhomme                                                                        ', 'Nathan                                                                          ', '01', '05051950', 'PARIS                         ', '1, allée des poutres                              ', '75000', 'Paris                                             ', '  ', '                                                  ', '75', 'FR', '                                                  ', 'Ter                                               ', 'jean@mail.fr                                                                                        ', '16432340                      ', '                                        ', '00', '01', '01', '0', 'user'),
('0000000006461701', '0000000001461701', '2761217502245', 'Hervé                                                                           ', 'Hervé                                                                           ', 'Pierre                                                                          ', '01', '05051966', 'PARIS                         ', '1, allée des poutres                              ', '75000', 'Paris                                             ', '  ', '                                                  ', '75', 'FR', '                                                  ', 'Ter                                               ', 'jean@mail.fr                                                                                        ', '16432341                      ', '                                        ', '00', '01', '01', '0', 'user'),
('0000000006461801', '0000000001461801', '2761217502246', 'Poadi                                                                           ', 'Poadi                                                                           ', 'Jöel                                                                            ', '01', '05051966', 'PARIS                         ', '1, allée des poutres                              ', '75000', 'Paris                                             ', '  ', '                                                  ', '75', 'FR', '                                                  ', 'Ter                                               ', 'jean@mail.fr                                                                                        ', '16432342                      ', '                                        ', '00', '01', '01', '0', 'user'),
('0000000006461901', '0000000001461901', '2761217502247', 'Benneta                                                                         ', 'Benneta                                                                         ', 'Yohan                                                                           ', '01', '05051966', 'PARIS                         ', '1, allée des poutres                              ', '75000', 'Paris                                             ', '  ', '                                                  ', '75', 'FR', '                                                  ', 'Ter                                               ', 'jean@mail.fr                                                                                        ', '16432343                      ', '                                        ', '00', '01', '01', '0', 'user'),
('0000000006462001', '0000000001462001', '2761217502248', 'Coulin                                                                          ', 'Coulin                                                                          ', 'Alexandre                                                                       ', '01', '05051966', 'PARIS                         ', '1, allée des poutres                              ', '75000', 'Paris                                             ', '  ', '                                                  ', '75', 'FR', '                                                  ', 'Ter                                               ', 'jean@mail.fr                                                                                        ', '16432344                      ', '                                        ', '00', '01', '01', '0', 'user'),
('0000000006462101', '0000000001462101', '2761217502249', 'Malraux                                                                         ', 'Malraux                                                                         ', 'André                                                                           ', '01', '05051966', 'PARIS                         ', '1, allée des poutres                              ', '75000', 'Paris                                             ', '  ', '                                                  ', '75', 'FR', '                                                  ', 'Ter                                               ', 'jean@mail.fr                                                                                        ', '16432345                      ', '                                        ', '00', '01', '01', '0', 'user'),
('0000000006462201', '0000000001462201', '2761217502250', 'Connor                                                                          ', 'Connor                                                                          ', 'Sarah                                                                           ', '02', '05051966', 'PARIS                         ', '1, allée des poutres                              ', '75000', 'Paris                                             ', '  ', '                                                  ', '75', 'FR', '                                                  ', 'Ter                                               ', 'jean@mail.fr                                                                                        ', '16432346                      ', '                                        ', '00', '01', '01', '0', 'user'),
('0000000006462301', '0000000001462301', '2761217502251', 'Matelot                                                                         ', 'Matelot                                                                         ', 'Zoé                                                                             ', '02', '05051966', 'PARIS                         ', '1, allée des poutres                              ', '75000', 'Paris                                             ', '  ', '                                                  ', '75', 'FR', '                                                  ', 'Ter                                               ', 'jean@mail.fr                                                                                        ', '16432347                      ', '                                        ', '00', '01', '01', '0', 'user'),
('0000000006462401', '0000000001462401', '2761217502252', 'Kournikova                                                                      ', 'Kournikova                                                                      ', 'Anna                                                                            ', '02', '05051966', 'PARIS                         ', '1, allée des poutres                              ', '75000', 'Paris                                             ', '  ', '                                                  ', '75', 'FR', '                                                  ', 'Ter                                               ', 'jean@mail.fr                                                                                        ', '16432348                      ', '                                        ', '00', '01', '01', '0', 'user'),
('0000000006462501', '0000000001462501', '2761217502253', 'Bancale                                                                         ', 'Bancale                                                                         ', 'Ségolène                                                                        ', '02', '05051966', 'PARIS                         ', '1, allée des poutres                              ', '75000', 'Paris                                             ', '  ', '                                                  ', '75', 'FR', '                                                  ', 'Ter                                               ', 'jean@mail.fr                                                                                        ', '16432349                      ', '                                        ', '00', '01', '01', '0', 'user'),
('0000000006462002', '0000000001462002', '2761217502248', 'Coulin                                                                          ', 'Coulin                                                                          ', 'Alexandre                                                                       ', '01', '05051966', 'PARIS                         ', '1, allée des poutres                              ', '75000', 'Paris                                             ', '  ', '                                                  ', '75', 'FR', '                                                  ', 'Ter                                               ', 'jean@mail.fr                                                                                        ', '16432344                      ', '                                        ', '00', '01', '01', '0', 'user');

INSERT INTO VERSEMENT_INDIVIDU(ID_VERS_INDIV,ID_INDIVIDU,DATE_VERSEMENT,REMUNERATION_NETTE,NUMERO_VERSEMENT,TMP_BATCH,USER_CREATION)
VALUES
('0000000007460401', '0000000006460401', '20150905', ' 0000002000.00', '01', '0', 'user'),
('0000000007460501', '0000000006460501', '20150905', ' 0000002100.00', '01', '0', 'user'),
('0000000007460601', '0000000006460601', '20150905', ' 0000001444.00', '01', '0', 'user'),
('0000000007460701', '0000000006460701', '20150905', ' 0000001777.00', '01', '0', 'user'),
('0000000007460901', '0000000006460901', '20150905', ' 0000001545.00', '01', '0', 'user'),
('0000000007460902', '0000000006460902', '20150905', ' 0000006444.00', '01', '0', 'user'),
('0000000007460903', '0000000006460903', '20150905', ' 0000001999.00', '01', '0', 'user'),
('0000000007460904', '0000000006460904', '20150905', ' 0000003666.00', '01', '0', 'user'),
('0000000007460905', '0000000006460905', '20150905', ' 0000002454.00', '01', '0', 'user'),
('0000000007460906', '0000000006460906', '20151005', ' 0000003577.00', '01', '0', 'user'),
('0000000007460907', '0000000006460907', '20151105', ' 0000001878.00', '01', '0', 'user'),
('0000000007461001', '0000000006461001', '20151005', ' 0000003000.00', '01', '0', 'user'),
('0000000007461002', '0000000006461002', '20151005', ' 0000003000.00', '01', '0', 'user'),
('0000000007461003', '0000000006461003', '20151105', ' 0000003000.00', '01', '0', 'user'),
('0000000007461101', '0000000006461101', '20151005', ' 0000002222.00', '01', '0', 'user'),
('0000000007461102', '0000000006461102', '20151005', ' 0000002231.00', '01', '0', 'user'),
('0000000007461103', '0000000006461103', '20151105', ' 0000002444.00', '01', '0', 'user'),
('0000000007461201', '0000000006461201', '20151005', ' 0000002222.00', '01', '0', 'user'),
('0000000007461202', '0000000006461202', '20151005', ' 0000002223.00', '01', '0', 'user'),
('0000000007461203', '0000000006461203', '20151005', ' 0000002224.00', '01', '0', 'user'),
('0000000007461204', '0000000006461204', '20151005', ' 0000002225.00', '01', '0', 'user'),
('0000000007461205', '0000000006461205', '20151005', ' 0000002226.00', '01', '0', 'user'),
('0000000007461206', '0000000006461206', '20151005', ' 0000002227.00', '01', '0', 'user'),
('0000000007461207', '0000000006461207', '20151105', ' 0000002228.00', '01', '0', 'user'),
('0000000007461301', '0000000006461301', '20151005', ' 0000002222.00', '01', '0', 'user'),
('0000000007461302', '0000000006461302', '20151005', ' 0000002223.00', '01', '0', 'user'),
('0000000007461303', '0000000006461303', '20151105', ' 0000002224.00', '01', '0', 'user'),
('0000000007461401', '0000000006461401', '20151005', ' 0000002222.00', '01', '0', 'user'),
('0000000007461402', '0000000006461402', '20151005', ' 0000002223.00', '01', '0', 'user'),
('0000000007461403', '0000000006461403', '20151105', ' 0000002224.00', '01', '0', 'user'),
('0000000007461601', '0000000006461601', '20151005', ' 0000002000.00', '01', '0', 'user'),
('0000000007461701', '0000000006461701', '20151005', ' 0000002100.00', '01', '0', 'user'),
('0000000007461801', '0000000006461801', '20151005', ' 0000001999.00', '01', '0', 'user'),
('0000000007461901', '0000000006461901', '20151005', ' 0000003666.00', '01', '0', 'user'),
('0000000007462001', '0000000006462001', '20151005', ' 0000002454.00', '01', '0', 'user'),
('0000000007462101', '0000000006462101', '20151005', ' 0000003577.00', '01', '0', 'user'),
('0000000007462201', '0000000006462201', '20151005', ' 0000001878.00', '01', '0', 'user'),
('0000000007462301', '0000000006462301', '20151005', ' 0000003000.00', '01', '0', 'user'),
('0000000007462401', '0000000006462401', '20151005', ' 0000003000.00', '01', '0', 'user'),
('0000000007462501', '0000000006462501', '20151005', ' 0000002646.00', '01', '0', 'user'),
('0000000007462002', '0000000006462002', '20151105', ' 0000002454.00', '01', '0', 'user');

INSERT INTO REMUNERATION(ID_REMUNERATION,ID_VERS_INDIV,DATE_DEB_PERIODE_PAIE,DATE_FIN_PERIODE_PAIE,NUMERO_CONTRAT,TYPE_CONTRAT,MONTANT,TMP_BATCH,USER_CREATION)
VALUES
('0000000008460401', '0000000007460401', '20151001', '20151031', '10020030000000000001', '001', ' 000000100.00', '0', 'user'),
('0000000008460402', '0000000007460401', '20151001', '20151031', '10020030000000000001', '002', ' 000000100.00', '0', 'user'),
('0000000008460403', '0000000007460401', '20151001', '20151031', '10020030000000000001', '003', ' 000000100.00', '0', 'user'),
('0000000008460501', '0000000007460501', '20151001', '20151031', '10020030000000000002', '001', ' 000000100.00', '0', 'user'),
('0000000008460502', '0000000007460501', '20151001', '20151031', '10020030000000000002', '002', ' 000000100.00', '0', 'user'),
('0000000008460503', '0000000007460501', '20151001', '20151031', '10020030000000000002', '003', ' 000000100.00', '0', 'user'),
('0000000008460601', '0000000007460601', '20151001', '20151031', '10020030000000000003', '001', ' 000000100.00', '0', 'user'),
('0000000008460602', '0000000007460601', '20151001', '20151031', '10020030000000000003', '002', ' 000000100.00', '0', 'user'),
('0000000008460603', '0000000007460601', '20151001', '20151031', '10020030000000000003', '003', ' 000000100.00', '0', 'user'),
('0000000008460701', '0000000007460701', '20151001', '20151031', '10020030000000000004', '001', ' 000000100.00', '0', 'user'),
('0000000008460702', '0000000007460701', '20151001', '20151031', '10020030000000000004', '002', ' 000000100.00', '0', 'user'),
('0000000008460703', '0000000007460701', '20151001', '20151031', '10020030000000000004', '003', ' 000000100.00', '0', 'user'),
('0000000008460901', '0000000007460901', '20151001', '20151031', '10020030000000000005', '001', ' 000000100.00', '0', 'user'),
('0000000008460902', '0000000007460901', '20151001', '20151031', '10020030000000000005', '002', ' 000000100.00', '0', 'user'),
('0000000008460903', '0000000007460901', '20151001', '20151031', '10020030000000000005', '003', ' 000000100.00', '0', 'user'),
('0000000008460904', '0000000007460902', '20151001', '20151031', '10020030000000000006', '001', ' 000000100.00', '0', 'user'),
('0000000008460905', '0000000007460902', '20151001', '20151031', '10020030000000000006', '002', ' 000000100.00', '0', 'user'),
('0000000008460906', '0000000007460902', '20151001', '20151031', '10020030000000000006', '003', ' 000000100.00', '0', 'user'),
('0000000008460907', '0000000007460903', '20151001', '20151031', '10020030000000000007', '001', ' 000000100.00', '0', 'user'),
('0000000008460908', '0000000007460903', '20151001', '20151031', '10020030000000000007', '002', ' 000000100.00', '0', 'user'),
('0000000008460909', '0000000007460903', '20151001', '20151031', '10020030000000000007', '003', ' 000000100.00', '0', 'user'),
('0000000008460910', '0000000007460904', '20151001', '20151031', '10020030000000000008', '001', ' 000000100.00', '0', 'user'),
('0000000008460911', '0000000007460904', '20151001', '20151031', '10020030000000000008', '002', ' 000000100.00', '0', 'user'),
('0000000008460912', '0000000007460904', '20151001', '20151031', '10020030000000000008', '003', ' 000000100.00', '0', 'user'),
('0000000008460913', '0000000007460905', '20151001', '20151031', '10020030000000000009', '001', ' 000000100.00', '0', 'user'),
('0000000008460914', '0000000007460905', '20151001', '20151031', '10020030000000000009', '002', ' 000000100.00', '0', 'user'),
('0000000008460915', '0000000007460905', '20151001', '20151031', '10020030000000000009', '003', ' 000000100.00', '0', 'user'),
('0000000008460916', '0000000007460906', '20151001', '20151031', '10020030000000000010', '001', ' 000000100.00', '0', 'user'),
('0000000008460917', '0000000007460906', '20151001', '20151031', '10020030000000000010', '002', ' 000000100.00', '0', 'user'),
('0000000008460918', '0000000007460906', '20151001', '20151031', '10020030000000000010', '003', ' 000000100.00', '0', 'user'),
('0000000008460919', '0000000007460907', '20151101', '20151130', '10020030000000000011', '001', ' 000000100.00', '0', 'user'),
('0000000008460920', '0000000007460907', '20151101', '20151130', '10020030000000000011', '002', ' 000000100.00', '0', 'user'),
('0000000008460921', '0000000007460907', '20151101', '20151130', '10020030000000000011', '003', ' 000000100.00', '0', 'user'),
('0000000008461001', '0000000007461001', '20151001', '20151031', '10020030000000000012', '001', ' 000000100.00', '0', 'user'),
('0000000008461002', '0000000007461001', '20151001', '20151031', '10020030000000000012', '002', ' 000000100.00', '0', 'user'),
('0000000008461003', '0000000007461001', '20151001', '20151031', '10020030000000000012', '003', ' 000000100.00', '0', 'user'),
('0000000008461004', '0000000007461002', '20151001', '20151031', '10020030000000000013', '001', ' 000000100.00', '0', 'user'),
('0000000008461005', '0000000007461002', '20151001', '20151031', '10020030000000000013', '002', ' 000000100.00', '0', 'user'),
('0000000008461006', '0000000007461002', '20151001', '20151031', '10020030000000000013', '003', ' 000000100.00', '0', 'user'),
('0000000008461007', '0000000007461003', '20151101', '20151130', '10020030000000000014', '001', ' 000000100.00', '0', 'user'),
('0000000008461008', '0000000007461003', '20151101', '20151130', '10020030000000000014', '002', ' 000000100.00', '0', 'user'),
('0000000008461009', '0000000007461003', '20151101', '20151130', '10020030000000000014', '002', ' 000000100.00', '0', 'user'),
('0000000008461101', '0000000007461101', '20151001', '20151031', '10020030000000000015', '001', ' 000000100.00', '0', 'user'),
('0000000008461102', '0000000007461101', '20151001', '20151031', '10020030000000000015', '002', ' 000000100.00', '0', 'user'),
('0000000008461103', '0000000007461101', '20151001', '20151031', '10020030000000000015', '003', ' 000000100.00', '0', 'user'),
('0000000008461104', '0000000007461102', '20151001', '20151031', '10020030000000000016', '001', ' 000000100.00', '0', 'user'),
('0000000008461105', '0000000007461102', '20151001', '20151031', '10020030000000000016', '002', ' 000000100.00', '0', 'user'),
('0000000008461106', '0000000007461102', '20151001', '20151031', '10020030000000000016', '003', ' 000000100.00', '0', 'user'),
('0000000008461107', '0000000007461103', '20151101', '20151130', '10020030000000000017', '001', ' 000000100.00', '0', 'user'),
('0000000008461108', '0000000007461103', '20151101', '20151130', '10020030000000000017', '002', ' 000000100.00', '0', 'user'),
('0000000008461109', '0000000007461103', '20151101', '20151130', '10020030000000000017', '002', ' 000000100.00', '0', 'user'),
('0000000008461201', '0000000007461201', '20151001', '20151031', '10020030000000000018', '001', ' 000000100.00', '0', 'user'),
('0000000008461202', '0000000007461201', '20151001', '20151031', '10020030000000000018', '002', ' 000000100.00', '0', 'user'),
('0000000008461203', '0000000007461201', '20151001', '20151031', '10020030000000000018', '003', ' 000000100.00', '0', 'user'),
('0000000008461204', '0000000007461202', '20151001', '20151031', '10020030000000000019', '001', ' 000000100.00', '0', 'user'),
('0000000008461205', '0000000007461202', '20151001', '20151031', '10020030000000000019', '002', ' 000000100.00', '0', 'user'),
('0000000008461206', '0000000007461202', '20151001', '20151031', '10020030000000000019', '003', ' 000000100.00', '0', 'user'),
('0000000008461207', '0000000007461203', '20151001', '20151031', '10020030000000000020', '001', ' 000000100.00', '0', 'user'),
('0000000008461208', '0000000007461203', '20151001', '20151031', '10020030000000000020', '002', ' 000000100.00', '0', 'user'),
('0000000008461209', '0000000007461203', '20151001', '20151031', '10020030000000000020', '003', ' 000000100.00', '0', 'user'),
('0000000008461210', '0000000007461204', '20151001', '20151031', '10020030000000000021', '001', ' 000000100.00', '0', 'user'),
('0000000008461211', '0000000007461204', '20151001', '20151031', '10020030000000000021', '002', ' 000000100.00', '0', 'user'),
('0000000008461212', '0000000007461204', '20151001', '20151031', '10020030000000000021', '003', ' 000000100.00', '0', 'user'),
('0000000008461213', '0000000007461205', '20151001', '20151031', '10020030000000000022', '001', ' 000000100.00', '0', 'user'),
('0000000008461214', '0000000007461205', '20151001', '20151031', '10020030000000000022', '002', ' 000000100.00', '0', 'user'),
('0000000008461215', '0000000007461205', '20151001', '20151031', '10020030000000000022', '003', ' 000000100.00', '0', 'user'),
('0000000008461216', '0000000007461206', '20151001', '20151031', '10020030000000000023', '001', ' 000000100.00', '0', 'user'),
('0000000008461217', '0000000007461206', '20151001', '20151031', '10020030000000000023', '002', ' 000000100.00', '0', 'user'),
('0000000008461218', '0000000007461206', '20151001', '20151031', '10020030000000000023', '003', ' 000000100.00', '0', 'user'),
('0000000008461219', '0000000007461207', '20151101', '20151130', '10020030000000000024', '001', ' 000000100.00', '0', 'user'),
('0000000008461220', '0000000007461207', '20151101', '20151130', '10020030000000000024', '002', ' 000000100.00', '0', 'user'),
('0000000008461221', '0000000007461207', '20151101', '20151130', '10020030000000000024', '003', ' 000000100.00', '0', 'user'),
('0000000008461301', '0000000007461301', '20151001', '20151031', '10020030000000000025', '001', ' 000000100.00', '0', 'user'),
('0000000008461302', '0000000007461301', '20151001', '20151031', '10020030000000000025', '002', ' 000000100.00', '0', 'user'),
('0000000008461303', '0000000007461301', '20151001', '20151031', '10020030000000000025', '003', ' 000000100.00', '0', 'user'),
('0000000008461304', '0000000007461302', '20151001', '20151031', '10020030000000000026', '001', ' 000000100.00', '0', 'user'),
('0000000008461305', '0000000007461302', '20151001', '20151031', '10020030000000000026', '002', ' 000000100.00', '0', 'user'),
('0000000008461306', '0000000007461302', '20151001', '20151031', '10020030000000000026', '003', ' 000000100.00', '0', 'user'),
('0000000008461307', '0000000007461303', '20151101', '20151130', '10020030000000000027', '001', ' 000000100.00', '0', 'user'),
('0000000008461308', '0000000007461303', '20151101', '20151130', '10020030000000000027', '002', ' 000000100.00', '0', 'user'),
('0000000008461309', '0000000007461303', '20151101', '20151130', '10020030000000000027', '003', ' 000000100.00', '0', 'user'),
('0000000008461401', '0000000007461401', '20151001', '20151031', '10020030000000000028', '001', ' 000000100.00', '0', 'user'),
('0000000008461402', '0000000007461401', '20151001', '20151031', '10020030000000000028', '002', ' 000000100.00', '0', 'user'),
('0000000008461403', '0000000007461401', '20151001', '20151031', '10020030000000000028', '003', ' 000000100.00', '0', 'user'),
('0000000008461404', '0000000007461402', '20151001', '20151031', '10020030000000000029', '001', ' 000000100.00', '0', 'user'),
('0000000008461405', '0000000007461402', '20151001', '20151031', '10020030000000000029', '002', ' 000000100.00', '0', 'user'),
('0000000008461406', '0000000007461402', '20151001', '20151031', '10020030000000000029', '003', ' 000000100.00', '0', 'user'),
('0000000008461407', '0000000007461403', '20151101', '20151130', '10020030000000000030', '001', ' 000000100.00', '0', 'user'),
('0000000008461408', '0000000007461403', '20151101', '20151130', '10020030000000000030', '002', ' 000000100.00', '0', 'user'),
('0000000008461409', '0000000007461403', '20151101', '20151130', '10020030000000000030', '003', ' 000000100.00', '0', 'user'),
('0000000008461601', '0000000007461601', '20151001', '20151031', '10020030000000000031', '001', ' 000000100.00', '0', 'user'),
('0000000008461602', '0000000007461601', '20151001', '20151031', '10020030000000000031', '002', ' 000000100.00', '0', 'user'),
('0000000008461603', '0000000007461601', '20151001', '20151031', '10020030000000000031', '003', ' 000000100.00', '0', 'user'),
('0000000008461701', '0000000007461701', '20151001', '20151031', '10020030000000000032', '001', ' 000000100.00', '0', 'user'),
('0000000008461702', '0000000007461701', '20151001', '20151031', '10020030000000000032', '002', ' 000000100.00', '0', 'user'),
('0000000008461703', '0000000007461701', '20151001', '20151031', '10020030000000000032', '003', ' 000000100.00', '0', 'user'),
('0000000008461801', '0000000007461801', '20151001', '20151031', '10020030000000000033', '001', ' 000000100.00', '0', 'user'),
('0000000008461802', '0000000007461801', '20151001', '20151031', '10020030000000000033', '002', ' 000000100.00', '0', 'user'),
('0000000008461803', '0000000007461801', '20151001', '20151031', '10020030000000000033', '003', ' 000000100.00', '0', 'user'),
('0000000008461901', '0000000007461901', '20151001', '20151031', '10020030000000000034', '001', ' 000000100.00', '0', 'user'),
('0000000008461902', '0000000007461901', '20151001', '20151031', '10020030000000000034', '002', ' 000000100.00', '0', 'user'),
('0000000008461903', '0000000007461901', '20151001', '20151031', '10020030000000000034', '003', ' 000000100.00', '0', 'user'),
('0000000008462001', '0000000007462001', '20151001', '20151031', '10020030000000000035', '001', ' 000000100.00', '0', 'user'),
('0000000008462002', '0000000007462001', '20151001', '20151031', '10020030000000000035', '002', ' 000000100.00', '0', 'user'),
('0000000008462003', '0000000007462001', '20151001', '20151031', '10020030000000000035', '003', ' 000000100.00', '0', 'user'),
('0000000008462101', '0000000007462101', '20151001', '20151031', '10020030000000000036', '001', ' 000000100.00', '0', 'user'),
('0000000008462102', '0000000007462101', '20151001', '20151031', '10020030000000000036', '002', ' 000000100.00', '0', 'user'),
('0000000008462103', '0000000007462101', '20151001', '20151031', '10020030000000000036', '003', ' 000000100.00', '0', 'user'),
('0000000008462201', '0000000007462201', '20151001', '20151031', '10020030000000000037', '001', ' 000000100.00', '0', 'user'),
('0000000008462202', '0000000007462201', '20151001', '20151031', '10020030000000000037', '002', ' 000000100.00', '0', 'user'),
('0000000008462203', '0000000007462201', '20151001', '20151031', '10020030000000000037', '003', ' 000000100.00', '0', 'user'),
('0000000008462301', '0000000007462301', '20151001', '20151031', '10020030000000000038', '001', ' 000000100.00', '0', 'user'),
('0000000008462302', '0000000007462301', '20151001', '20151031', '10020030000000000038', '002', ' 000000100.00', '0', 'user'),
('0000000008462303', '0000000007462301', '20151001', '20151031', '10020030000000000038', '002', ' 000000100.00', '0', 'user'),
('0000000008462401', '0000000007462401', '20151001', '20151031', '10020030000000000039', '003', ' 000000100.00', '0', 'user'),
('0000000008462402', '0000000007462401', '20151001', '20151031', '10020030000000000039', '001', ' 000000100.00', '0', 'user'),
('0000000008462403', '0000000007462401', '20151001', '20151031', '10020030000000000039', '002', ' 000000100.00', '0', 'user'),
('0000000008462501', '0000000007462501', '20151001', '20151031', '10020030000000000040', '001', ' 000000100.00', '0', 'user'),
('0000000008462502', '0000000007462501', '20151001', '20151031', '10020030000000000040', '002', ' 000000100.00', '0', 'user'),
('0000000008462503', '0000000007462501', '20151001', '20151031', '10020030000000000040', '003', ' 000000100.00', '0', 'user'),
('0000000008462004', '0000000007462002', '20151101', '20151130', '10020030000000000053', '001', ' 000000100.00', '0', 'user'),
('0000000008462005', '0000000007462002', '20151101', '20151130', '10020030000000000053', '002', ' 000000100.00', '0', 'user'),
('0000000008462006', '0000000007462002', '20151101', '20151130', '10020030000000000053', '003', ' 000000100.00', '0', 'user');

INSERT INTO VERSEMENT(ID_VERSEMENT,ID_ADH_ETAB_MOIS,ID_OPS,ENTITE_AFFECTATION,BIC,IBAN,MONTANT_VERSEMENT,COT_DELEG_COT_VRS,MODE_PAIEMENT,DATE_PAIEMENT,SIRET_PAYEUR,CODE_ID_FONDS,REF_PAIEMENT,TMP_BATCH,USER_CREATION)
VALUES
('0000000004461601', '0000000001461601', '00000000000001', '55500000005555', 'SOGEFRPPXXX', 'FR7613806000553041616545881       ', '0000000000000545.00', '004446', '03', '20151025', '94615874446217', 'IDFOND01                                          ', 'PAIEMENT001                                                                     ', '0', 'user'),
('0000000004461801', '0000000001461801', '00000000000002', '55500000005556', 'SOGEFRPPXXX', 'FR7613806000553041616545881       ', '0000000000011545.00', '000002', '01', '20151024', '94615874446217', 'IDFOND02                                          ', 'PAIEMENT002                                                                     ', '0', 'user'),
('0000000004461901', '0000000001461901', '00000000000003', '55500000005557', 'SOGEFRPPXXX', 'FR7613806000553041616545881       ', '0000000000004450.00', '000003', '01', '20151022', '94615874446217', 'IDFOND03                                          ', 'PAIEMENT003                                                                     ', '0', 'user'); 


INSERT INTO CONTRAT_TRAVAIL(ID_CONTRAT_TRAVAIL,ID_INDIVIDU,DATE_DEBUT_CONTRAT,STATUT_CONVENTIONNEL,CODE_STATUT_RC,CODE_PROFESSION,COMPLEMENT_PROFESSION,LIBELLE_EMPLOI,NATURE_CONTRAT,DISPOSITIF_POLITIQUE,NUMERO_CONTRAT,DATE_FIN_PREVISIONNELLE,UNITE_MESURE,QUOTITE_CATEGORIE,QUOTITE,MODALITE_TEMPS,REGIME_LOCAL,CODE_CONVENTION_COLLECTIVE,REGIME_MALADIE,LIEU_TRAVAIL,REGIME_VIEILLESSE,MOTIF_RECOURS,TAUX_FRAIS_PROFESSIONNELS,DETACHE_EXPATRIE,MOTIF_EXCLUSION_DSN,STATUT_EMPLOI,CODE_GESTIONNAIRE_RISQUE,CODE_EMPLOIS_MULTIPLES,CODE_EMPLOYEURS_MULTIPLES,POSITION_CONVENTION_COLLECTIVE,CODE_STATUT_CATEGORIEL,TAUX_ACCIDENT_TRAVAIL,TPS_PARTIEL_COTIS_PLEIN,REMUNERATION_POURBOIRE,SIRET_ETABLISSEMENT,ENSEIGNE_ETABLISSEMENT,DATE_FIN_CONTRAT,MOTIF_RUPTURE,TMP_BATCH,USER_CREATION)
VALUES
('0000000010460401', '0000000006460401', '20100101', '02', '02', '343A', '      ', 'Psychologue                                                                                                             ', '01', '80', '10020030000000000001', null, '24', '00000000', '00000000', '10', '01', '1111', '020', '00494178600054 ', '144', '08', '0000000', '  ', '  ', '  ', '   ', '  ', '  ', '     ', '33', '0000000', '  ', '  ', '00494178600054', 'TOY                                                                             ', null, '   ', '0', 'user'),
('0000000010460501', '0000000006460501', '20100101', '02', '02', '343A', '      ', 'Psychologue                                                                                                             ', '01', '80', '10020030000000000002', null, '24', '00000000', '00000000', '10', '01', '1111', '020', '00494178600888 ', '144', '08', '0000000', '  ', '  ', '  ', '   ', '  ', '  ', '     ', '33', '0000000', '  ', '  ', '00494178600888', 'CALL                                                                            ', null, '   ', '0', 'user'),
('0000000010460601', '0000000006460601', '20100101', '02', '02', '333C', '      ', 'Facteur                                                                                                                 ', '01', '80', '10020030000000000003', null, '24', '00000000', '00000000', '10', '01', '1111', '020', '00494178614545 ', '144', '08', '0000000', '  ', '  ', '  ', '   ', '  ', '  ', '     ', '33', '0000000', '  ', '  ', '00494178614545', 'INTERPOL                                                                        ', null, '   ', '0', 'user'),
('0000000010460701', '0000000006460701', '20100101', '02', '02', '344D', '      ', 'Pharmacien                                                                                                              ', '01', '80', '10020030000000000004', null, '24', '00000000', '00000000', '10', '01', '1111', '020', '00494178614555 ', '144', '08', '0000000', '  ', '  ', '  ', '   ', '  ', '  ', '     ', '33', '0000000', '  ', '  ', '00494178614555', 'MARCHE                                                                          ', null, '   ', '0', 'user'),
('0000000010460901', '0000000006460901', '20100101', '02', '02', '344D', '      ', 'Pharmacien                                                                                                              ', '01', '80', '10020030000000000005', null, '24', '00000000', '00000000', '10', '01', '1111', '020', '00494179914000 ', '144', '08', '0000000', '  ', '  ', '  ', '   ', '  ', '  ', '     ', '33', '0000000', '  ', '  ', '00494179914000', 'EXPENSION LYON 1                                                                ', null, '   ', '0', 'user'),
('0000000010460902', '0000000006460902', '20100101', '02', '02', '344D', '      ', 'Pharmacien                                                                                                              ', '01', '80', '10020030000000000006', null, '24', '00000000', '00000000', '10', '01', '1111', '020', '00494179914001 ', '144', '08', '0000000', '  ', '  ', '  ', '   ', '  ', '  ', '     ', '33', '0000000', '  ', '  ', '00494179914001', 'EXPENSION LYON 2                                                                ', null, '   ', '0', 'user'),
('0000000010460903', '0000000006460903', '20100101', '02', '02', '344D', '      ', 'Pharmacien                                                                                                              ', '01', '80', '10020030000000000007', null, '24', '00000000', '00000000', '10', '01', '1111', '020', '00494179914002 ', '144', '08', '0000000', '  ', '  ', '  ', '   ', '  ', '  ', '     ', '33', '0000000', '  ', '  ', '00494179914002', 'EXPENSION LYON 3                                                                ', null, '   ', '0', 'user'),
('0000000010460904', '0000000006460904', '20100101', '02', '02', '344D', '      ', 'Pharmacien                                                                                                              ', '01', '80', '10020030000000000008', null, '24', '00000000', '00000000', '10', '01', '1111', '020', '00494179914003 ', '144', '08', '0000000', '  ', '  ', '  ', '   ', '  ', '  ', '     ', '33', '0000000', '  ', '  ', '00494179914003', 'EXPENSION LYON 4                                                                ', null, '   ', '0', 'user'),
('0000000010460905', '0000000006460905', '20100101', '02', '02', '344D', '      ', 'Pharmacien                                                                                                              ', '01', '80', '10020030000000000009', null, '24', '00000000', '00000000', '10', '01', '1111', '020', '00494179914004 ', '144', '08', '0000000', '  ', '  ', '  ', '   ', '  ', '  ', '     ', '33', '0000000', '  ', '  ', '00494179914004', 'EXPENSION LYON 5                                                                ', null, '   ', '0', 'user'),
('0000000010460906', '0000000006460906', '20100101', '02', '02', '344D', '      ', 'Pharmacien                                                                                                              ', '01', '80', '10020030000000000010', null, '24', '00000000', '00000000', '10', '01', '1111', '020', '00494179914005 ', '144', '08', '0000000', '  ', '  ', '  ', '   ', '  ', '  ', '     ', '33', '0000000', '  ', '  ', '00494179914005', 'EXPENSION LYON 6                                                                ', null, '   ', '0', 'user'),
('0000000010460907', '0000000006460907', '20100101', '02', '02', '344D', '      ', 'Pharmacien                                                                                                              ', '01', '80', '10020030000000000011', null, '24', '00000000', '00000000', '10', '01', '1111', '020', '00494179914005 ', '144', '08', '0000000', '  ', '  ', '  ', '   ', '  ', '  ', '     ', '33', '0000000', '  ', '  ', '00494179914005', 'EXPENSION LYON 6                                                                ', null, '   ', '0', 'user'),
('0000000010461001', '0000000006461001', '20100101', '02', '02', '344D', '      ', 'Pharmacien                                                                                                              ', '01', '80', '10020030000000000012', null, '24', '00000000', '00000000', '10', '01', '1111', '020', '00494179960000 ', '144', '08', '0000000', '  ', '  ', '  ', '   ', '  ', '  ', '     ', '33', '0000000', '  ', '  ', '00494179960000', 'PATE INDUSTRIES                                                                 ', null, '   ', '0', 'user'),
('0000000010461002', '0000000006461002', '20100101', '02', '02', '344D', '      ', 'Pharmacien                                                                                                              ', '01', '80', '10020030000000000013', null, '24', '00000000', '00000000', '10', '01', '1111', '020', '00494179960001 ', '144', '08', '0000000', '  ', '  ', '  ', '   ', '  ', '  ', '     ', '33', '0000000', '  ', '  ', '00494179960001', 'PATE CORPORATION                                                                ', null, '   ', '0', 'user'),
('0000000010461003', '0000000006461003', '20100101', '02', '02', '344D', '      ', 'Pharmacien                                                                                                              ', '01', '80', '10020030000000000014', null, '24', '00000000', '00000000', '10', '01', '1111', '020', '00494179960001 ', '144', '08', '0000000', '  ', '  ', '  ', '   ', '  ', '  ', '     ', '33', '0000000', '  ', '  ', '00494179960001', 'PATE CORPORATION                                                                ', null, '   ', '0', 'user'),
('0000000010461101', '0000000006461101', '20100101', '02', '02', '382B', '      ', 'Architecte salarié                                                                                                      ', '01', '80', '10020030000000000015', null, '24', '00000000', '00000000', '10', '01', '1111', '020', '00494179960002 ', '144', '08', '0000000', '  ', '  ', '  ', '   ', '  ', '  ', '     ', '33', '0000000', '  ', '  ', '00494179960002', 'SOLEIL SAS                                                                      ', null, '   ', '0', 'user'),
('0000000010461102', '0000000006461102', '20100101', '02', '02', '382B', '      ', 'Architecte salarié                                                                                                      ', '01', '80', '10020030000000000016', null, '24', '00000000', '00000000', '10', '01', '1111', '020', '00494179960003 ', '144', '08', '0000000', '  ', '  ', '  ', '   ', '  ', '  ', '     ', '33', '0000000', '  ', '  ', '00494179960003', 'LUNE SARL                                                                       ', null, '   ', '0', 'user'),
('0000000010461103', '0000000006461103', '20100101', '02', '02', '382B', '      ', 'Architecte salarié                                                                                                      ', '01', '80', '10020030000000000017', null, '24', '00000000', '00000000', '10', '01', '1111', '020', '00494179960003 ', '144', '08', '0000000', '  ', '  ', '  ', '   ', '  ', '  ', '     ', '33', '0000000', '  ', '  ', '00494179960003', 'LUNE SARL                                                                       ', null, '   ', '0', 'user'),
('0000000010461201', '0000000006461201', '20100101', '02', '02', '382B', '      ', 'Architecte salarié                                                                                                      ', '01', '80', '10020030000000000018', null, '24', '00000000', '00000000', '10', '01', '1111', '020', '00494179960004 ', '144', '08', '0000000', '  ', '  ', '  ', '   ', '  ', '  ', '     ', '33', '0000000', '  ', '  ', '00494179960004', 'EFFECTIF PRO                                                                    ', null, '   ', '0', 'user'),
('0000000010461202', '0000000006461202', '20100101', '02', '02', '382B', '      ', 'Architecte salarié                                                                                                      ', '01', '80', '10020030000000000019', null, '24', '00000000', '00000000', '10', '01', '1111', '020', '00494179960004 ', '144', '08', '0000000', '  ', '  ', '  ', '   ', '  ', '  ', '     ', '33', '0000000', '  ', '  ', '00494179960004', 'EFFECTIF PRO                                                                    ', null, '   ', '0', 'user'),
('0000000010461203', '0000000006461203', '20100101', '02', '02', '382B', '      ', 'Architecte salarié                                                                                                      ', '01', '80', '10020030000000000020', null, '24', '00000000', '00000000', '10', '01', '1111', '020', '00494179960004 ', '144', '08', '0000000', '  ', '  ', '  ', '   ', '  ', '  ', '     ', '33', '0000000', '  ', '  ', '00494179960004', 'EFFECTIF PRO                                                                    ', null, '   ', '0', 'user'),
('0000000010461204', '0000000006461204', '20100101', '02', '02', '382B', '      ', 'Architecte salarié                                                                                                      ', '01', '80', '10020030000000000021', null, '24', '00000000', '00000000', '10', '01', '1111', '020', '00494179960004 ', '144', '08', '0000000', '  ', '  ', '  ', '   ', '  ', '  ', '     ', '33', '0000000', '  ', '  ', '00494179960004', 'EFFECTIF PRO                                                                    ', null, '   ', '0', 'user'),
('0000000010461205', '0000000006461205', '20100101', '02', '02', '382B', '      ', 'Architecte salarié                                                                                                      ', '01', '80', '10020030000000000022', null, '24', '00000000', '00000000', '10', '01', '1111', '020', '00494179960004 ', '144', '08', '0000000', '  ', '  ', '  ', '   ', '  ', '  ', '     ', '33', '0000000', '  ', '  ', '00494179960004', 'EFFECTIF PRO                                                                    ', null, '   ', '0', 'user'),
('0000000010461206', '0000000006461206', '20100101', '02', '02', '382B', '      ', 'Architecte salarié                                                                                                      ', '01', '80', '10020030000000000023', null, '24', '00000000', '00000000', '10', '01', '1111', '020', '00494179960004 ', '144', '08', '0000000', '  ', '  ', '  ', '   ', '  ', '  ', '     ', '33', '0000000', '  ', '  ', '00494179960004', 'EFFECTIF PRO                                                                    ', null, '   ', '0', 'user'),
('0000000010461207', '0000000006461207', '20100101', '02', '02', '382B', '      ', 'Architecte salarié                                                                                                      ', '01', '80', '10020030000000000024', null, '24', '00000000', '00000000', '10', '01', '1111', '020', '00494179960004 ', '144', '08', '0000000', '  ', '  ', '  ', '   ', '  ', '  ', '     ', '33', '0000000', '  ', '  ', '00494179960004', 'EFFECTIF PRO                                                                    ', null, '   ', '0', 'user'),
('0000000010461301', '0000000006461301', '20100101', '02', '02', '382B', '      ', 'Architecte salarié                                                                                                      ', '01', '80', '10020030000000000025', null, '24', '00000000', '00000000', '10', '01', '1111', '020', '00494179960005 ', '144', '08', '0000000', '  ', '  ', '  ', '   ', '  ', '  ', '     ', '33', '0000000', '  ', '  ', '00494179960005', 'EFFECTIF PART                                                                   ', null, '   ', '0', 'user'),
('0000000010461302', '0000000006461302', '20100101', '02', '02', '382B', '      ', 'Architecte salarié                                                                                                      ', '01', '80', '10020030000000000026', null, '24', '00000000', '00000000', '10', '01', '1111', '020', '00494179960005 ', '144', '08', '0000000', '  ', '  ', '  ', '   ', '  ', '  ', '     ', '33', '0000000', '  ', '  ', '00494179960005', 'EFFECTIF PART                                                                   ', null, '   ', '0', 'user'),
('0000000010461303', '0000000006461303', '20100101', '02', '02', '382B', '      ', 'Architecte salarié                                                                                                      ', '01', '80', '10020030000000000027', null, '24', '00000000', '00000000', '10', '01', '1111', '020', '00494179960005 ', '144', '08', '0000000', '  ', '  ', '  ', '   ', '  ', '  ', '     ', '33', '0000000', '  ', '  ', '00494179960005', 'EFFECTIF PART                                                                   ', null, '   ', '0', 'user'),
('0000000010461401', '0000000006461401', '20100101', '02', '02', '382B', '      ', 'Architecte salarié                                                                                                      ', '01', '80', '10020030000000000028', null, '24', '00000000', '00000000', '10', '01', '1111', '020', '00494179960006 ', '144', '08', '0000000', '  ', '  ', '  ', '   ', '  ', '  ', '     ', '33', '0000000', '  ', '  ', '00494179960006', 'PAINT FOR ALL                                                                   ', null, '   ', '0', 'user'),
('0000000010461402', '0000000006461402', '20100101', '02', '02', '382B', '      ', 'Architecte salarié                                                                                                      ', '01', '80', '10020030000000000029', null, '24', '00000000', '00000000', '10', '01', '1111', '020', '00494179960006 ', '144', '08', '0000000', '  ', '  ', '  ', '   ', '  ', '  ', '     ', '33', '0000000', '  ', '  ', '00494179960006', 'PAINT FOR ALL                                                                   ', null, '   ', '0', 'user'),
('0000000010461403', '0000000006461403', '20100101', '02', '02', '382B', '      ', 'Architecte salarié                                                                                                      ', '01', '80', '10020030000000000030', null, '24', '00000000', '00000000', '10', '01', '1111', '020', '00494179960006 ', '144', '08', '0000000', '  ', '  ', '  ', '   ', '  ', '  ', '     ', '33', '0000000', '  ', '  ', '00494179960006', 'PAINT FOR ALL                                                                   ', null, '   ', '0', 'user'),
('0000000010461601', '0000000006461601', '20100101', '02', '02', '434E', '      ', 'Educateur                                                                                                               ', '01', '80', '10020030000000000031', null, '24', '00000000', '00000000', '10', '01', '1111', '020', '00494179960007 ', '144', '08', '0000000', '  ', '  ', '  ', '   ', '  ', '  ', '     ', '33', '0000000', '  ', '  ', '00494179960007', 'HELLO WORLD                                                                     ', null, '   ', '0', 'user'),
('0000000010461701', '0000000006461701', '20100101', '02', '02', '434E', '      ', 'Educateur                                                                                                               ', '01', '80', '10020030000000000032', null, '24', '00000000', '00000000', '10', '01', '1111', '020', '00494179960008 ', '144', '08', '0000000', '  ', '  ', '  ', '   ', '  ', '  ', '     ', '33', '0000000', '  ', '  ', '00494179960008', 'CLOTHES SARL                                                                    ', null, '   ', '0', 'user'),
('0000000010461801', '0000000006461801', '20100101', '02', '02', '434E', '      ', 'Educateur                                                                                                               ', '01', '80', '10020030000000000033', null, '24', '00000000', '00000000', '10', '01', '1111', '020', '00494179960009 ', '144', '08', '0000000', '  ', '  ', '  ', '   ', '  ', '  ', '     ', '33', '0000000', '  ', '  ', '00494179960009', 'DECATHLOU                                                                       ', null, '   ', '0', 'user'),
('0000000010461901', '0000000006461901', '20100101', '02', '02', '434E', '      ', 'Educateur                                                                                                               ', '01', '80', '10020030000000000034', null, '24', '00000000', '00000000', '10', '01', '1111', '020', '00494179960010 ', '144', '08', '0000000', '  ', '  ', '  ', '   ', '  ', '  ', '     ', '33', '0000000', '  ', '  ', '00494179960010', 'INTERPORC                                                                       ', null, '   ', '0', 'user'),
('0000000010462001', '0000000006462001', '20100101', '02', '02', '434E', '      ', 'Educateur                                                                                                               ', '01', '80', '10020030000000000035', null, '24', '00000000', '00000000', '10', '01', '1111', '020', '00494179960011 ', '144', '08', '0000000', '  ', '  ', '  ', '   ', '  ', '  ', '     ', '33', '0000000', '  ', '  ', '00494179960011', 'E.LESOMBRE                                                                      ', null, '   ', '0', 'user'),
('0000000010462101', '0000000006462101', '20100101', '02', '02', '434E', '      ', 'Educateur                                                                                                               ', '01', '80', '10020030000000000036', null, '24', '00000000', '00000000', '10', '01', '1111', '020', '00494179960012 ', '144', '08', '0000000', '  ', '  ', '  ', '   ', '  ', '  ', '     ', '33', '0000000', '  ', '  ', '00494179960012', 'AUPRE                                                                           ', null, '   ', '0', 'user'),
('0000000010462201', '0000000006462201', '20100101', '02', '02', '434E', '      ', 'Educateur                                                                                                               ', '01', '80', '10020030000000000037', null, '24', '00000000', '00000000', '10', '01', '1111', '020', '00494179960013 ', '144', '08', '0000000', '  ', '  ', '  ', '   ', '  ', '  ', '     ', '33', '0000000', '  ', '  ', '00494179960013', 'BOUCHERIE ANDROS                                                                ', null, '   ', '0', 'user'),
('0000000010462301', '0000000006462301', '20100101', '02', '02', '434E', '      ', 'Educateur                                                                                                               ', '01', '80', '10020030000000000038', null, '24', '00000000', '00000000', '10', '01', '1111', '020', '00494179960014 ', '144', '08', '0000000', '  ', '  ', '  ', '   ', '  ', '  ', '     ', '33', '0000000', '  ', '  ', '00494179960014', 'ETANGTEL                                                                        ', null, '   ', '0', 'user'),
('0000000010462401', '0000000006462401', '20100101', '02', '02', '434E', '      ', 'Educateur                                                                                                               ', '01', '80', '10020030000000000039', null, '24', '00000000', '00000000', '10', '01', '1111', '020', '00494179960015 ', '144', '08', '0000000', '  ', '  ', '  ', '   ', '  ', '  ', '     ', '33', '0000000', '  ', '  ', '00494179960015', 'PATERNE                                                                         ', null, '   ', '0', 'user'),
('0000000010462501', '0000000006462501', '20100101', '02', '02', '434E', '      ', 'Educateur                                                                                                               ', '01', '80', '10020030000000000040', null, '24', '00000000', '00000000', '10', '01', '1111', '020', '00494179960016 ', '144', '08', '0000000', '  ', '  ', '  ', '   ', '  ', '  ', '     ', '33', '0000000', '  ', '  ', '00494179960016', 'HEINZE                                                                          ', null, '   ', '0', 'user'),
('0000000010462002', '0000000006462002', '20100101', '02', '02', '434E', '      ', 'Educateur                                                                                                               ', '01', '80', '10020030000000000053', null, '24', '00000000', '00000000', '10', '01', '1111', '020', '00494179960011 ', '144', '08', '0000000', '  ', '  ', '  ', '   ', '  ', '  ', '     ', '33', '0000000', '  ', '  ', '00494179960011', 'E.LESOMBRE                                                                      ', null, '   ', '0', 'user');


INSERT INTO AFFILIATION(ID_AFFILIATION,ID_CONTRAT_TRAVAIL,CODE_OPTION,CODE_POPULATION,NOMBRE_ENFANTS_CHARGE,NOMBRE_AYDR_ADULTES,NOMBRE_AYDR,NOMBRE_AYDR_AUTRES,NOMBRE_AYDR_ENFANTS,TMP_BATCH,USER_CREATION)
VALUES
('0000000012460401', '0000000010460401', '10                            ', '110                           ', '00', '00', '00', '00', '00', '0', 'user'),
('0000000012460501', '0000000010460501', '10                            ', '819                           ', '00', '00', '00', '00', '00', '0', 'user'),
('0000000012460601', '0000000010460601', '10                            ', '664                           ', '00', '00', '00', '00', '00', '0', 'user'),
('0000000012460701', '0000000010460701', '10                            ', '141                           ', '00', '00', '00', '00', '00', '0', 'user'),
('0000000012460901', '0000000010460901', '10                            ', '655                           ', '00', '00', '00', '00', '00', '0', 'user'),
('0000000012460902', '0000000010460902', '10                            ', '655                           ', '00', '00', '00', '00', '00', '0', 'user'),
('0000000012460903', '0000000010460903', '10                            ', '655                           ', '00', '00', '00', '00', '00', '0', 'user'),
('0000000012460904', '0000000010460904', '10                            ', '655                           ', '00', '00', '00', '00', '00', '0', 'user'),
('0000000012460905', '0000000010460905', '10                            ', '655                           ', '00', '00', '00', '00', '00', '0', 'user'),
('0000000012460906', '0000000010460906', '10                            ', '655                           ', '00', '00', '00', '00', '00', '0', 'user'),
('0000000012460907', '0000000010460907', '10                            ', '655                           ', '00', '00', '00', '00', '00', '0', 'user'),
('0000000012461001', '0000000010461001', '10                            ', '933                           ', '00', '00', '00', '00', '00', '0', 'user'),
('0000000012461002', '0000000010461002', '10                            ', '933                           ', '00', '00', '00', '00', '00', '0', 'user'),
('0000000012461003', '0000000010461003', '10                            ', '933                           ', '00', '00', '00', '00', '00', '0', 'user'),
('0000000012461101', '0000000010461101', '10                            ', '939                           ', '00', '00', '00', '00', '00', '0', 'user'),
('0000000012461102', '0000000010461102', '10                            ', '939                           ', '00', '00', '00', '00', '00', '0', 'user'),
('0000000012461103', '0000000010461103', '10                            ', '939                           ', '00', '00', '00', '00', '00', '0', 'user'),
('0000000012461201', '0000000010461201', '10                            ', '937                           ', '00', '00', '00', '00', '00', '0', 'user'),
('0000000012461202', '0000000010461202', '10                            ', '937                           ', '00', '00', '00', '00', '00', '0', 'user'),
('0000000012461203', '0000000010461203', '10                            ', '937                           ', '00', '00', '00', '00', '00', '0', 'user'),
('0000000012461204', '0000000010461204', '10                            ', '937                           ', '00', '00', '00', '00', '00', '0', 'user'),
('0000000012461205', '0000000010461205', '10                            ', '937                           ', '00', '00', '00', '00', '00', '0', 'user'),
('0000000012461206', '0000000010461206', '10                            ', '937                           ', '00', '00', '00', '00', '00', '0', 'user'),
('0000000012461207', '0000000010461207', '10                            ', '937                           ', '00', '00', '00', '00', '00', '0', 'user'),
('0000000012461301', '0000000010461301', '10                            ', '935                           ', '00', '00', '00', '00', '00', '0', 'user'),
('0000000012461302', '0000000010461302', '10                            ', '935                           ', '00', '00', '00', '00', '00', '0', 'user'),
('0000000012461303', '0000000010461303', '10                            ', '935                           ', '00', '00', '00', '00', '00', '0', 'user'),
('0000000012461401', '0000000010461401', '10                            ', '655                           ', '00', '00', '00', '00', '00', '0', 'user'),
('0000000012461402', '0000000010461402', '10                            ', '655                           ', '00', '00', '00', '00', '00', '0', 'user'),
('0000000012461403', '0000000010461403', '10                            ', '655                           ', '00', '00', '00', '00', '00', '0', 'user'),
('0000000012461601', '0000000010461601', '10                            ', '655                           ', '00', '00', '00', '00', '00', '0', 'user'),
('0000000012461701', '0000000010461701', '10                            ', '938                           ', '00', '00', '00', '00', '00', '0', 'user'),
('0000000012461801', '0000000010461801', '10                            ', '938                           ', '00', '00', '00', '00', '00', '0', 'user'),
('0000000012461901', '0000000010461901', '10                            ', '655                           ', '00', '00', '00', '00', '00', '0', 'user'),
('0000000012462001', '0000000010462001', '10                            ', '010                           ', '00', '00', '00', '00', '00', '0', 'user'),
('0000000012462101', '0000000010462101', '10                            ', '661                           ', '00', '00', '00', '00', '00', '0', 'user'),
('0000000012462201', '0000000010462201', '10                            ', '326                           ', '00', '00', '00', '00', '00', '0', 'user'),
('0000000012462301', '0000000010462301', '10                            ', '220                           ', '00', '00', '00', '00', '00', '0', 'user'),
('0000000012462401', '0000000010462401', '10                            ', '658                           ', '00', '00', '00', '00', '00', '0', 'user'),
('0000000012462501', '0000000010462501', '10                            ', '658                           ', '00', '00', '00', '00', '00', '0', 'user'),
('0000000012462002', '0000000010462002', '10                            ', '010                           ', '00', '00', '00', '00', '00', '0', 'user');

INSERT INTO BASE_ASSUJETTIE(ID_BASE_ASSUJETTIE,ID_AFFILIATION,DATE_DEB_RATTACHEMENT,DATE_FIN_RATTACHEMENT,MONTANT_COTISATION,TMP_BATCH,USER_CREATION)
VALUES
('0000000013460401', '0000000012460401', '20151001', '20151031', ' 0000000000000015.00', '0', 'user'),
('0000000013460501', '0000000012460501', '20151001', '20151031', ' 0000000000000015.00', '0', 'user'),
('0000000013460601', '0000000012460601', '20151001', '20151031', ' 0000000000000015.00', '0', 'user'),
('0000000013460701', '0000000012460701', '20151001', '20151031', ' 0000000000000015.00', '0', 'user'),
('0000000013460901', '0000000012460901', '20151001', '20151031', ' 0000000000000015.00', '0', 'user'),
('0000000013460902', '0000000012460902', '20151001', '20151031', ' 0000000000000015.00', '0', 'user'),
('0000000013460903', '0000000012460903', '20151001', '20151031', ' 0000000000000015.00', '0', 'user'),
('0000000013460904', '0000000012460904', '20151001', '20151031', ' 0000000000000015.00', '0', 'user'),
('0000000013460905', '0000000012460905', '20151001', '20151031', ' 0000000000000015.00', '0', 'user'),
('0000000013460906', '0000000012460906', '20151001', '20151031', ' 0000000000000015.00', '0', 'user'),
('0000000013460907', '0000000012460907', '20151101', '20151130', ' 0000000000000015.00', '0', 'user'),
('0000000013461001', '0000000012461001', '20151001', '20151031', ' 0000000000000015.00', '0', 'user'),
('0000000013461002', '0000000012461002', '20151001', '20151031', ' 0000000000000015.00', '0', 'user'),
('0000000013461003', '0000000012461003', '20151101', '20151130', ' 0000000000000015.00', '0', 'user'),
('0000000013461101', '0000000012461101', '20151001', '20151031', ' 0000000000000015.00', '0', 'user'),
('0000000013461102', '0000000012461102', '20151001', '20151031', ' 0000000000000015.00', '0', 'user'),
('0000000013461103', '0000000012461103', '20151101', '20151130', ' 0000000000000015.00', '0', 'user'),
('0000000013461201', '0000000012461201', '20151001', '20151031', ' 0000000000000015.00', '0', 'user'),
('0000000013461202', '0000000012461202', '20151001', '20151031', ' 0000000000000015.00', '0', 'user'),
('0000000013461203', '0000000012461203', '20151001', '20151031', ' 0000000000000015.00', '0', 'user'),
('0000000013461204', '0000000012461204', '20151001', '20151031', ' 0000000000000015.00', '0', 'user'),
('0000000013461205', '0000000012461205', '20151001', '20151031', ' 0000000000000015.00', '0', 'user'),
('0000000013461206', '0000000012461206', '20151001', '20151031', ' 0000000000000015.00', '0', 'user'),
('0000000013461207', '0000000012461207', '20151101', '20151130', ' 0000000000000015.00', '0', 'user'),
('0000000013461301', '0000000012461301', '20151001', '20151031', ' 0000000000000015.00', '0', 'user'),
('0000000013461302', '0000000012461302', '20151001', '20151031', ' 0000000000000015.00', '0', 'user'),
('0000000013461303', '0000000012461303', '20151101', '20151130', ' 0000000000000015.00', '0', 'user'),
('0000000013461401', '0000000012461401', '20151001', '20151031', ' 0000000000000015.00', '0', 'user'),
('0000000013461402', '0000000012461402', '20151001', '20151031', ' 0000000000000015.00', '0', 'user'),
('0000000013461403', '0000000012461403', '20151101', '20151130', ' 0000000000000015.00', '0', 'user'),
('0000000013461601', '0000000012461601', '20151001', '20151031', ' 0000000000000015.00', '0', 'user'),
('0000000013461701', '0000000012461701', '20151001', '20151031', ' 0000000000000015.00', '0', 'user'),
('0000000013461801', '0000000012461801', '20151001', '20151031', ' 0000000000000015.00', '0', 'user'),
('0000000013461901', '0000000012461901', '20151001', '20151031', ' 0000000000000015.00', '0', 'user'),
('0000000013462001', '0000000012462001', '20151001', '20151031', ' 0000000000000015.00', '0', 'user'),
('0000000013462101', '0000000012462101', '20151001', '20151031', ' 0000000000000015.00', '0', 'user'),
('0000000013462201', '0000000012462201', '20151001', '20151031', ' 0000000000000015.00', '0', 'user'),
('0000000013462301', '0000000012462301', '20151001', '20151031', ' 0000000000000015.00', '0', 'user'),
('0000000013462401', '0000000012462401', '20151001', '20151031', ' 0000000000000015.00', '0', 'user'),
('0000000013462501', '0000000012462501', '20151001', '20151031', ' 0000000000000015.00', '0', 'user'),
('0000000013462002', '0000000012462002', '20151101', '20151130', ' 0000000000000015.00', '0', 'user');

INSERT INTO COMPOSANT_BASE_ASSUJETTIE(ID_COMPO_BASE_ASSUJETTIE,ID_BASE_ASSUJETTIE,TYPE_COMPO_BASE_ASSUJ,MONTANT_COMPO_BASE_ASSUJ,TMP_BATCH,USER_CREATION)
VALUES
('0000000015460401', '0000000013460401', '18', ' 0000000000000111.00', '0', 'user'),
('0000000015460501', '0000000013460501', '20', ' 0000000000000222.00', '0', 'user'),
('0000000015460601', '0000000013460601', '20', ' 0000000000000222.00', '0', 'user'),
('0000000015460701', '0000000013460701', '20', ' 0000000000000222.00', '0', 'user'),
('0000000015460901', '0000000013460901', '18', ' 0000000000000222.00', '0', 'user'),
('0000000015460902', '0000000013460902', '18', ' 0000000000000310.00', '0', 'user'),
('0000000015460903', '0000000013460903', '18', ' 0000000000000320.00', '0', 'user'),
('0000000015460904', '0000000013460904', '18', ' 0000000000000330.00', '0', 'user'),
('0000000015460905', '0000000013460905', '18', ' 0000000000000340.00', '0', 'user'),
('0000000015460906', '0000000013460906', '18', ' 0000000000000350.00', '0', 'user'),
('0000000015460907', '0000000013460907', '18', ' 0000000000000360.00', '0', 'user'),
('0000000015461001', '0000000013461001', '18', ' 0000000000000300.00', '0', 'user'),
('0000000015461002', '0000000013461002', '18', ' 0000000000000300.00', '0', 'user'),
('0000000015461003', '0000000013461003', '18', ' 0000000000000300.00', '0', 'user'),
('0000000015461101', '0000000013461101', '18', ' 0000000000000300.00', '0', 'user'),
('0000000015461102', '0000000013461102', '18', ' 0000000000000300.00', '0', 'user'),
('0000000015461103', '0000000013461103', '18', ' 0000000000000300.00', '0', 'user'),
('0000000015461201', '0000000013461201', '18', ' 0000000000000300.00', '0', 'user'),
('0000000015461202', '0000000013461202', '18', ' 0000000000000111.00', '0', 'user'),
('0000000015461203', '0000000013461203', '18', ' 0000000000000265.00', '0', 'user'),
('0000000015461204', '0000000013461204', '18', ' 0000000000000988.00', '0', 'user'),
('0000000015461205', '0000000013461205', '18', ' 0000000000000144.00', '0', 'user'),
('0000000015461206', '0000000013461206', '18', ' 0000000000000666.00', '0', 'user'),
('0000000015461207', '0000000013461207', '18', ' 0000000000000111.00', '0', 'user'),
('0000000015461301', '0000000013461301', '18', ' 0000000000000100.00', '0', 'user'),
('0000000015461302', '0000000013461302', '18', ' 0000000000000300.00', '0', 'user'),
('0000000015461303', '0000000013461303', '18', ' 0000000000000300.00', '0', 'user'),
('0000000015461401', '0000000013461401', '18', ' 0000000000000300.00', '0', 'user'),
('0000000015461402', '0000000013461402', '18', ' 0000000000000300.00', '0', 'user'),
('0000000015461403', '0000000013461403', '18', ' 0000000000000300.00', '0', 'user'),
('0000000015461601', '0000000013461601', '18', ' 0000000000000300.00', '0', 'user'),
('0000000015461701', '0000000013461701', '18', ' 0000000000000300.00', '0', 'user'),
('0000000015461801', '0000000013461801', '18', ' 0000000000000300.00', '0', 'user'),
('0000000015461901', '0000000013461901', '18', ' 0000000000000300.00', '0', 'user'),
('0000000015462001', '0000000013462001', '18', ' 0000000000000300.00', '0', 'user'),
('0000000015462101', '0000000013462101', '20', ' 0000000000000300.00', '0', 'user'),
('0000000015462201', '0000000013462201', '44', ' 0000000000000300.00', '0', 'user'),
('0000000015462301', '0000000013462301', '20', ' 0000000000000300.00', '0', 'user'),
('0000000015462401', '0000000013462401', '18', ' 0000000000000300.00', '0', 'user'),
('0000000015462501', '0000000013462501', '18', ' 0000000000000300.00', '0', 'user');


INSERT INTO COTISATION_ETABLISSEMENT(ID_COTIS_ETAB,ID_ADH_ETAB_MOIS,VALEUR_COTISATION,CODE_COTISATION,DATE_DEB_PERIODE_RATTACHEMENT,DATE_FIN_PERIODE_RATTACHEMENT,TMP_BATCH,USER_CREATION)
VALUES
('0000000030460601', '0000000001460601', ' 0000000000005200.00', '022', '20150101', '20170101', '0', 'user');

INSERT INTO COMPOSANT_VERSEMENT(ID_COMPO_VERST,ID_VERSEMENT,MONTANT_VERSE,TYPE_POPULATION,CODE_AFFECTATION,PERIODE_AFFECTATION,CODE_ID_SOUSFONDS,TMP_BATCH,USER_CREATION,DT_DEB_PERIODE_AFFECTATION,DT_FIN_PERIODE_AFFECTATION)
VALUES
('0000000005461801', '0000000004461801', '0000000000000444.00', '938                           ', '0001                          ', '2015M07', 'IDSOUSFOND02                                      ', '0', 'user',20150701,20150731),
('0000000005461901', '0000000004461901', '0000000000000123.00', '655                           ', '0001                          ', '2015M10', 'IDSOUSFOND03                                      ', '0', 'user',20151001,20151030),
('0000000005462601', '0000000004461801', '0000000000000444.00', '938                           ', '0001                          ', '2015E00', 'IDSOUSFOND04                                      ', '0', 'user',20150101,20151231),
('0000000005461802', '0000000004461801', '0000000000000446.00', '938                           ', '0001                          ', '2015E03', 'IDSOUSFOND02                                      ', '0', 'user',20150101,20151231); 

INSERT INTO CHANGEMENT_INDIVIDU(ID_CHGT_INDIVIDU,ID_INDIVIDU,DATE_MODIFICATION,ANCIEN_IDENTIFIANT,ANCIEN_NOM_FAMILLE,ANCIEN_PRENOM,ANCIENNE_DATE_NAISSANCE,TMP_BATCH,USER_CREATION)
VALUES
('0000000009462401', '0000000006462401', '20151001', '             ', '                                                                                ', '                                                                                ', 19650505, '0', 'user'),
('0000000009462501', '0000000006462501', '20151001', '             ', 'PauLux                                                                          ', '                                                                                ', null, '0', 'user'); 


-- Données réconciliées
INSERT INTO PERIODES_RECUES(ID_PERIODE,TYPE_PERIODE,DATE_CREATION,NUMERO_CONTRAT,DATE_DEBUT_PERIODE,DATE_FIN_PERIODE,PREMIER_MOIS_DECL,ETAT_PERIODE,RECONSOLIDER,DATE_ECHEANCE,USER_CREATION)
VALUES
('0000000034', 'DEC', '20151108', '802400100032000', '20151001', '20151031', 'O', 'RCP', 'O', '20301105','TEST'),
('0000000035', 'DEC', '20151108', '001639400820000', '20151001', '20151031', 'O', 'RCP', 'O', '20301105','TEST'),
('0000000036', 'DEC', '20151108', '002786502306000', '20151001', '20151031', 'O', 'RCP', 'O', '20301105','TEST'),
('0000000037', 'DEC', '20151108', '002786502322000', '20151001', '20151031', 'O', 'RCP', 'O', '20301105','TEST'),
('0000000038', 'DEC', '20151108', '002820100041000', '20151001', '20151031', 'O', 'RCP', 'O', '20301105','TEST'),
('0000000039', 'DEC', '20151208', '002820100041000', '20151101', '20151130', 'O', 'RCP', 'O', '20301105','TEST'),
('0000000040', 'DEC', '20151108', '002820100042000', '20151001', '20151031', 'O', 'RCP', 'O', '20301105','TEST'),
('0000000041', 'DEC', '20151208', '002820100042000', '20151101', '20151130', 'O', 'RCP', 'O', '20301105','TEST'),
('0000000042', 'DEC', '20151108', '002820170000000', '20151001', '20151031', 'O', 'RCP', 'O', '20301105','TEST'),
('0000000043', 'DEC', '20151208', '002820170000000', '20151101', '20151130', 'O', 'RCP', 'O', '20301105','TEST'),
('0000000044', 'DEC', '20151108', '002820300109000', '20151001', '20151031', 'O', 'RCP', 'O', '20301105','TEST'),
('0000000045', 'DEC', '20151208', '002820300109000', '20151101', '20151130', 'O', 'RCP', 'O', '20301105','TEST'),
('0000000046', 'DEC', '20151108', '002820300119000', '20151001', '20151031', 'O', 'RCP', 'O', '20301105','TEST'),
('0000000047', 'DEC', '20151208', '002820300119000', '20151101', '20151130', 'O', 'RCP', 'O', '20301105','TEST'),
('0000000048', 'DEC', '20151108', '002820370006000', '20151001', '20151031', 'O', 'RCP', 'O', '20301105','TEST'),
('0000000049', 'DEC', '20151208', '002820370006000', '20151101', '20151130', 'O', 'RCP', 'O', '20301105','TEST'),
('0000000050', 'DEC', '20151108', '002820300080000', '20151001', '20151031', 'O', 'RCP', 'O', '20301105','TEST'),
('0000000051', 'DEC', '20151108', '002820300085000', '20151001', '20151031', 'O', 'RCP', 'O', '20301105','TEST'),
('0000000052', 'DEC', '20151108', '002820370011000', '20151001', '20151031', 'O', 'RCP', 'O', '20301105','TEST'),
('0000000053', 'DEC', '20151108', '002820370016000', '20151001', '20151031', 'O', 'RCP', 'O', '20301105','TEST'),
('0000000054', 'DEC', '20151108', '001105800404000', '20151001', '20151231', 'O', 'RCP', 'O', '20301105','TEST'),
('0000000055', 'DEC', '20151108', '002786501754000', '20151001', '20151031', 'O', 'RCP', 'O', '20301105','TEST'),
('0000000056', 'DEC', '20151108', '000722500004007', '20151001', '20151031', 'O', 'RCP', 'O', '20301105','TEST'),
('0000000057', 'DEC', '20151108', '000722500075000', '20151001', '20151031', 'O', 'RCP', 'O', '20301105','TEST'),
('0000000058', 'DEC', '20151108', '002820370024000', '20151001', '20151031', 'O', 'RCP', 'O', '20301105','TEST'),
('0000000059', 'DEC', '20151108', '002820370032000', '20151001', '20151031', 'O', 'RCP', 'O', '20301105','TEST');


INSERT INTO RATTACHEMENT_DECLARATIONS_RECUES(ID_PERIODE,ID_ADH_ETAB_MOIS,TMP_BATCH,USER_CREATION)
VALUES
('0000000034', '0000000001460401', '0','TEST'),
('0000000035', '0000000001460501', '0','TEST'),
('0000000036', '0000000001460601', '0','TEST'),
('0000000037', '0000000001460701', '0','TEST'),
('0000000038', '0000000001460901', '0','TEST'),
('0000000038', '0000000001460902', '0','TEST'),
('0000000038', '0000000001460903', '0','TEST'),
('0000000038', '0000000001460904', '0','TEST'),
('0000000038', '0000000001460905', '0','TEST'),
('0000000038', '0000000001460906', '0','TEST'),
('0000000039', '0000000001460907', '0','TEST'),
('0000000040', '0000000001461001', '0','TEST'),
('0000000040', '0000000001461002', '0','TEST'),
('0000000041', '0000000001461003', '0','TEST'),
('0000000042', '0000000001461101', '0','TEST'),
('0000000042', '0000000001461102', '0','TEST'),
('0000000043', '0000000001461103', '0','TEST'),
('0000000044', '0000000001461201', '0','TEST'),
('0000000045', '0000000001461202', '0','TEST'),
('0000000046', '0000000001461301', '0','TEST'),
('0000000047', '0000000001461302', '0','TEST'),
('0000000048', '0000000001461401', '0','TEST'),
('0000000049', '0000000001461402', '0','TEST'),
('0000000050', '0000000001461601', '0','TEST'),
('0000000051', '0000000001461701', '0','TEST'),
('0000000052', '0000000001461801', '0','TEST'),
('0000000053', '0000000001461901', '0','TEST'),
('0000000054', '0000000001462001', '0','TEST'),
('0000000054', '0000000001462002', '0','TEST'),
('0000000055', '0000000001462101', '0','TEST'),
('0000000056', '0000000001462201', '0','TEST'),
('0000000057', '0000000001462301', '0','TEST'),
('0000000058', '0000000001462401', '0','TEST'),
('0000000059', '0000000001462501', '0','TEST');



-- Données référentiel CDE

INSERT INTO TARIFS(NOCO,COETACO,DTMAJQUI,MOCALCOT,NATURE_CONTRAT,MOCALCCU,CONATPLA,NOCAT,LICAT,TXCALCU,MTCUNCU,CONATTAU,TXBASE1,TXBASE2,TXBASE3,TXBASE4,CONBCOT,DT_DEBUT_SIT,DT_FIN_SIT,TMP_BATCH,USER_CREATION)
VALUES
('000722500004007', '1', '20131128', '1','1', '4', '30', '141', 'ENF GRAT', '0', '0', '0', '0', '0', '0', '0', '0', '20140101', '20141231', '0', 'RR100'),
('000722500004007', '1', '20141022', '1','1', '4', '30', '141', 'ENF GRAT', '0', '0', '0', '0', '0', '0', '0', '0', '20150101', NULL, '0', 'RR100'),
('000722500004007', '1', '20131128', '1','1', '4', '30', '326', 'BEN - 18', '0', '54180', '0', '0', '0', '0', '0', '0', '20140101', '20141231', '0', 'RR100'),
('000722500004007', '1', '20141022', '1','1', '4', '30', '326', 'BEN - 18', '0', '57372', '0', '0', '0', '0', '0', '0', '20150101', NULL, '0', 'RR100'),
('000722500004007', '1', '20131128', '1','1', '4', '30', '327', 'BEN +18/65', '0', '80772', '0', '0', '0', '0', '0', '0', '20140101', '20141231', '0', 'RR100'),
('000722500004007', '1', '20141022', '1','1', '4', '30', '327', 'BEN +18/65', '0', '85536', '0', '0', '0', '0', '0', '0', '20150101', NULL, '0', 'RR100'),
('000722500004007', '1', '20131128', '1','1', '4', '30', '328', 'BEN +65ANS', '0', '141744', '0', '0', '0', '0', '0', '0', '20140101', '20141231', '0', 'RR100'),
('000722500004007', '1', '20141022', '1','1', '4', '30', '328', 'BEN +65ANS', '0', '150108', '0', '0', '0', '0', '0', '0', '20150101', NULL, '0', 'RR100'),
('000722500075000', '1', '20131128', '1','1', '4', '30', '020', 'COUPLE', '0', '205476', '0', '0', '0', '0', '0', '0', '20140101', '20141231', '0', 'RR100'),
('000722500075000', '1', '20141022', '1','1', '4', '30', '020', 'COUPLE', '0', '217596', '0', '0', '0', '0', '0', '0', '20150101', NULL, '0', 'RR100'),
('000722500075000', '1', '20131128', '1','1', '4', '30', '031', 'ISOLES', '0', '111216', '0', '0', '0', '0', '0', '0', '20140101', '20141231', '0', 'RR100'),
('000722500075000', '1', '20141022', '1','1', '4', '30', '031', 'ISOLES', '0', '117780', '0', '0', '0', '0', '0', '0', '20150101', NULL, '0', 'RR100'),
('000722500075000', '1', '20131128', '1','1', '4', '30', '032', 'ISO+1ENF', '0', '166848', '0', '0', '0', '0', '0', '0', '20140101', '20141231', '0', 'RR100'),
('000722500075000', '1', '20141022', '1','1', '4', '30', '032', 'ISO+1ENF', '0', '176688', '0', '0', '0', '0', '0', '0', '20150101', NULL, '0', 'RR100'),
('000722500075000', '1', '20131128', '1','1', '4', '30', '220', 'FAMILLE', '0', '277500', '0', '0', '0', '0', '0', '0', '20140101', '20141231', '0', 'RR100'),
('000722500075000', '1', '20141022', '1','1', '4', '30', '220', 'FAMILLE', '0', '293868', '0', '0', '0', '0', '0', '0', '20150101', NULL, '0', 'RR100'),
('001105800404000', '1', '20130304', '1','1', '1', '1', '010', 'ASSURE TNS', '13000', '0', '1', '0', '0', '0', '0', '0', '20130101', NULL, '0', 'RR100'),
('001639400820000', '1', '20140512', '1','1', '1', '1', '221', 'GERANT', '6500', '0', '1', '0', '0', '0', '0', '0', '20140501', NULL, '0', 'RR100'),
('001639400820000', '1', '20140512', '1','1', '1', '1', '819', 'ASS. OPT2', '6500', '0', '1', '0', '0', '0', '0', '0', '20140501', NULL, '0', 'RR100'),
('002786501754000', '1', '20150428', '1','1', '4', '30', '141', 'ENF GRAT', '0', '0', '0', '0', '0', '0', '0', '0', '20150301', '20151231', '0', 'RR100'),
('002786501754000', '1', '20151027', '1','1', '4', '30', '141', 'ENF GRAT', '0', '0', '0', '0', '0', '0', '0', '0', '20160101', NULL, '0', 'RR100'),
('002786501754000', '1', '20150428', '1','1', '4', '30', '661', 'CJT OPT1', '0', '36000', '0', '0', '0', '0', '0', '0', '20150301', '20151231', '0', 'RR100'),
('002786501754000', '1', '20151027', '1','1', '4', '30', '661', 'CJT OPT1', '0', '37440', '0', '0', '0', '0', '0', '0', '20160101', NULL, '0', 'RR100'),
('002786501754000', '1', '20150428', '1','1', '4', '30', '662', 'CJT OPT2', '0', '49800', '0', '0', '0', '0', '0', '0', '20150301', '20151231', '0', 'RR100'),
('002786501754000', '1', '20151027', '1','1', '4', '30', '662', 'CJT OPT2', '0', '51792', '0', '0', '0', '0', '0', '0', '20160101', NULL, '0', 'RR100'),
('002786501754000', '1', '20150428', '1','1', '4', '30', '664', 'ENF OPT1', '0', '19800', '0', '0', '0', '0', '0', '0', '20150301', '20151231', '0', 'RR100'),
('002786501754000', '1', '20151027', '1','1', '4', '30', '664', 'ENF OPT1', '0', '20592', '0', '0', '0', '0', '0', '0', '20160101', NULL, '0', 'RR100'),
('002786501754000', '1', '20150428', '1','1', '4', '30', '665', 'ENF OPT2', '0', '27000', '0', '0', '0', '0', '0', '0', '20150301', '20151231', '0', 'RR100'),
('002786501754000', '1', '20151027', '1','1', '4', '30', '665', 'ENF OPT2', '0', '28080', '0', '0', '0', '0', '0', '0', '20160101', NULL, '0', 'RR100'),
('002786501754000', '1', '20150428', '1','1', '4', '30', '818', 'ASS. OPT1', '0', '33600', '0', '0', '0', '0', '0', '0', '20150301', '20151231', '0', 'RR100'),
('002786501754000', '1', '20151027', '1','1', '4', '30', '818', 'ASS. OPT1', '0', '34944', '0', '0', '0', '0', '0', '0', '20160101', NULL, '0', 'RR100'),
('002786501754000', '1', '20150428', '1','1', '4', '30', '819', 'ASS. OPT2', '0', '45600', '0', '0', '0', '0', '0', '0', '20150301', '20151231', '0', 'RR100'),
('002786501754000', '1', '20151027', '1','1', '4', '30', '819', 'ASS. OPT2', '0', '47424', '0', '0', '0', '0', '0', '0', '20160101', NULL, '0', 'RR100'),
('002786502306000', '1', '20150511', '1','1', '4', '30', '141', 'ENF GRAT', '0', '0', '0', '0', '0', '0', '0', '0', '20150301', '20151231', '0', 'RR100'),
('002786502306000', '1', '20151027', '1','1', '4', '30', '141', 'ENF GRAT', '0', '0', '0', '0', '0', '0', '0', '0', '20160101', NULL, '0', 'RR100'),
('002786502306000', '1', '20150511', '1','1', '4', '30', '661', 'CJT OPT1', '0', '36000', '0', '0', '0', '0', '0', '0', '20150301', '20151231', '0', 'RR100'),
('002786502306000', '1', '20151027', '1','1', '4', '30', '661', 'CJT OPT1', '0', '37440', '0', '0', '0', '0', '0', '0', '20160101', NULL, '0', 'RR100'),
('002786502306000', '1', '20150511', '1','1', '4', '30', '662', 'CJT OPT2', '0', '49800', '0', '0', '0', '0', '0', '0', '20150301', '20151231', '0', 'RR100'),
('002786502306000', '1', '20151027', '1','1', '4', '30', '662', 'CJT OPT2', '0', '51792', '0', '0', '0', '0', '0', '0', '20160101', NULL, '0', 'RR100'),
('002786502306000', '1', '20150511', '1','1', '4', '30', '664', 'ENF OPT1', '0', '19800', '0', '0', '0', '0', '0', '0', '20150301', '20151231', '0', 'RR100'),
('002786502306000', '1', '20151027', '1','1', '4', '30', '664', 'ENF OPT1', '0', '20592', '0', '0', '0', '0', '0', '0', '20160101', NULL, '0', 'RR100'),
('002786502306000', '1', '20150511', '1','1', '4', '30', '665', 'ENF OPT2', '0', '27000', '0', '0', '0', '0', '0', '0', '20150301', '20151231', '0', 'RR100'),
('002786502306000', '1', '20151027', '1','1', '4', '30', '665', 'ENF OPT2', '0', '28080', '0', '0', '0', '0', '0', '0', '20160101', NULL, '0', 'RR100'),
('002786502306000', '1', '20150511', '1','1', '4', '30', '818', 'ASS. OPT1', '0', '33600', '0', '0', '0', '0', '0', '0', '20150301', '20151231', '0', 'RR100'),
('002786502306000', '1', '20151027', '1','1', '4', '30', '818', 'ASS. OPT1', '0', '34944', '0', '0', '0', '0', '0', '0', '20160101', NULL, '0', 'RR100'),
('002786502306000', '1', '20150511', '1','1', '4', '30', '819', 'ASS. OPT2', '0', '45600', '0', '0', '0', '0', '0', '0', '20150301', '20151231', '0', 'RR100'),
('002786502306000', '1', '20151027', '1','1', '4', '30', '819', 'ASS. OPT2', '0', '47424', '0', '0', '0', '0', '0', '0', '20160101', NULL, '0', 'RR100'),
('002786502322000', '1', '20150512', '1','1', '4', '30', '141', 'ENF GRAT', '0', '0', '0', '0', '0', '0', '0', '0', '20150301', '20151231', '0', 'RR100'),
('002786502322000', '1', '20151027', '1','1', '4', '30', '141', 'ENF GRAT', '0', '0', '0', '0', '0', '0', '0', '0', '20160101', NULL, '0', 'RR100'),
('002786502322000', '1', '20150512', '1','1', '4', '30', '661', 'CJT OPT1', '0', '29280', '0', '0', '0', '0', '0', '0', '20150301', '20151231', '0', 'RR100'),
('002786502322000', '1', '20151027', '1','1', '4', '30', '661', 'CJT OPT1', '0', '30456', '0', '0', '0', '0', '0', '0', '20160101', NULL, '0', 'RR100'),
('002786502322000', '1', '20150512', '1','1', '4', '30', '662', 'CJT OPT2', '0', '49920', '0', '0', '0', '0', '0', '0', '20150301', '20151231', '0', 'RR100'),
('002786502322000', '1', '20151027', '1','1', '4', '30', '662', 'CJT OPT2', '0', '51912', '0', '0', '0', '0', '0', '0', '20160101', NULL, '0', 'RR100'),
('002786502322000', '1', '20150512', '1','1', '4', '30', '664', 'ENF OPT1', '0', '11880', '0', '0', '0', '0', '0', '0', '20150301', '20151231', '0', 'RR100'),
('002786502322000', '1', '20151027', '1','1', '4', '30', '664', 'ENF OPT1', '0', '12360', '0', '0', '0', '0', '0', '0', '20160101', NULL, '0', 'RR100'),
('002786502322000', '1', '20150512', '1','1', '4', '30', '665', 'ENF OPT2', '0', '18480', '0', '0', '0', '0', '0', '0', '20150301', '20151231', '0', 'RR100'),
('002786502322000', '1', '20151027', '1','1', '4', '30', '665', 'ENF OPT2', '0', '19224', '0', '0', '0', '0', '0', '0', '20160101', NULL, '0', 'RR100'),
('002786502322000', '1', '20150512', '1','1', '4', '30', '818', 'ASS. OPT1', '0', '29160', '0', '0', '0', '0', '0', '0', '20150301', '20151231', '0', 'RR100'),
('002786502322000', '1', '20151027', '1','1', '4', '30', '818', 'ASS. OPT1', '0', '30324', '0', '0', '0', '0', '0', '0', '20160101', NULL, '0', 'RR100'),
('002786502322000', '1', '20150512', '1','1', '4', '30', '819', 'ASS. OPT2', '0', '49560', '0', '0', '0', '0', '0', '0', '20150301', '20151231', '0', 'RR100'),
('002786502322000', '1', '20151027', '1','1', '4', '30', '819', 'ASS. OPT2', '0', '51540', '0', '0', '0', '0', '0', '0', '20160101', NULL, '0', 'RR100'),
('002820100041000', '1', '20150608', '1','1', '6', '1', '655', 'SAL PACK 1', '3200', '0', '1', '0', '0', '0', '0', '0', '20150601', '20151231', '0', 'RR100'),
('002820100041000', '1', '20151027', '1','1', '6', '1', '655', 'SAL PACK 1', '3300', '0', '1', '0', '0', '0', '0', '0', '20160101', NULL, '0', 'RR100'),
('002820100041000', '1', '20150608', '1','1', '6', '1', '656', 'SAL PACK 2', '6900', '0', '1', '0', '0', '0', '0', '0', '20150601', '20151231', '0', 'RR100'),
('002820100041000', '1', '20151027', '1','1', '6', '1', '656', 'SAL PACK 2', '7000', '0', '1', '0', '0', '0', '0', '0', '20160101', NULL, '0', 'RR100'),
('002820100041000', '1', '20150608', '1','1', '6', '1', '657', 'SAL PACK 3', '14500', '0', '1', '0', '0', '0', '0', '0', '20150601', '20151231', '0', 'RR100'),
('002820100041000', '1', '20151027', '1','1', '6', '1', '657', 'SAL PACK 3', '14800', '0', '1', '0', '0', '0', '0', '0', '20160101', NULL, '0', 'RR100'),
('002820100041000', '1', '20150608', '1','1', '6', '1', '658', 'CJT PACK 1', '3600', '0', '1', '0', '0', '0', '0', '0', '20150601', '20151231', '0', 'RR100'),
('002820100041000', '1', '20151027', '1','1', '6', '1', '658', 'CJT PACK 1', '3700', '0', '1', '0', '0', '0', '0', '0', '20160101', NULL, '0', 'RR100'),
('002820100041000', '1', '20150608', '1','1', '6', '1', '659', 'CJT PACK 2', '7700', '0', '1', '0', '0', '0', '0', '0', '20150601', '20151231', '0', 'RR100'),
('002820100041000', '1', '20151027', '1','1', '6', '1', '659', 'CJT PACK 2', '7900', '0', '1', '0', '0', '0', '0', '0', '20160101', NULL, '0', 'RR100'),
('002820100041000', '1', '20150608', '1','1', '6', '1', '660', 'CJT PACK 3', '16100', '0', '1', '0', '0', '0', '0', '0', '20150601', '20151231', '0', 'RR100'),
('002820100041000', '1', '20151027', '1','1', '6', '1', '660', 'CJT PACK 3', '16400', '0', '1', '0', '0', '0', '0', '0', '20160101', NULL, '0', 'RR100'),
('002820100041000', '1', '20150608', '1','1', '6', '1', '945', 'ENFANT P1', '1700', '0', '1', '0', '0', '0', '0', '0', '20150601', '20151231', '0', 'RR100'),
('002820100041000', '1', '20151027', '1','1', '6', '1', '945', 'ENFANT P1', '1700', '0', '1', '0', '0', '0', '0', '0', '20160101', NULL, '0', 'RR100'),
('002820100041000', '1', '20150608', '1','1', '6', '1', '946', 'ENFANT P2', '4600', '0', '1', '0', '0', '0', '0', '0', '20150601', '20151231', '0', 'RR100'),
('002820100041000', '1', '20151027', '1','1', '6', '1', '946', 'ENFANT P2', '4700', '0', '1', '0', '0', '0', '0', '0', '20160101', NULL, '0', 'RR100'),
('002820100041000', '1', '20150608', '1','1', '6', '1', '947', 'ENFANT P3', '7100', '0', '1', '0', '0', '0', '0', '0', '20150601', '20151231', '0', 'RR100'),
('002820100041000', '1', '20151027', '1','1', '6', '1', '947', 'ENFANT P3', '7200', '0', '1', '0', '0', '0', '0', '0', '20160101', NULL, '0', 'RR100'),
('002820100042000', '1', '20150617', '1','1', '6', '1', '933', 'ISOLE P1', '3500', '0', '1', '0', '0', '0', '0', '0', '20150501', '20151231', '0', 'RR100'),
('002820100042000', '1', '20151027', '1','1', '6', '1', '933', 'ISOLE P1', '3600', '0', '1', '0', '0', '0', '0', '0', '20160101', NULL, '0', 'RR100'),
('002820100042000', '1', '20150617', '1','1', '6', '1', '934', 'ISOLE P2', '9000', '0', '1', '0', '0', '0', '0', '0', '20150501', '20151231', '0', 'RR100'),
('002820100042000', '1', '20151027', '1','1', '6', '1', '934', 'ISOLE P2', '9200', '0', '1', '0', '0', '0', '0', '0', '20160101', NULL, '0', 'RR100'),
('002820100042000', '1', '20150617', '1','1', '6', '1', '937', 'FAMILLE P1', '10900', '0', '1', '0', '0', '0', '0', '0', '20150501', '20151231', '0', 'RR100'),
('002820100042000', '1', '20151027', '1','1', '6', '1', '937', 'FAMILLE P1', '11100', '0', '1', '0', '0', '0', '0', '0', '20160101', NULL, '0', 'RR100'),
('002820100042000', '1', '20150617', '1','1', '6', '1', '938', 'FAMILLE P2', '24600', '0', '1', '0', '0', '0', '0', '0', '20150501', '20151231', '0', 'RR100'),
('002820100042000', '1', '20151027', '1','1', '6', '1', '938', 'FAMILLE P2', '25100', '0', '1', '0', '0', '0', '0', '0', '20160101', NULL, '0', 'RR100'),
('002820170000000', '1', '20150529', '1','1', '6', '1', '933', 'ISOLE P1', '7400', '0', '1', '0', '0', '0', '0', '0', '20150501', '20151231', '0', 'RR100'),
('002820170000000', '1', '20151027', '1','1', '6', '1', '933', 'ISOLE P1', '7500', '0', '1', '0', '0', '0', '0', '0', '20160101', NULL, '0', 'RR100'),
('002820170000000', '1', '20150529', '1','1', '6', '1', '937', 'FAMILLE P1', '24400', '0', '1', '0', '0', '0', '0', '0', '20150501', '20151231', '0', 'RR100'),
('002820170000000', '1', '20151027', '1','1', '6', '1', '937', 'FAMILLE P1', '24900', '0', '1', '0', '0', '0', '0', '0', '20160101', NULL, '0', 'RR100'),
('002820170000000', '1', '20151027', '1','1', '6', '1', '939', 'FAMILLE P1', '24900', '0', '1', '0', '0', '0', '0', '0', '20140101', NULL, '0', 'RR100'),
('002820170000000', '1', '20150529', '1','1', '6', '1', '949', 'DUO P1', '13400', '0', '1', '0', '0', '0', '0', '0', '20150501', '20151231', '0', 'RR100'),
('002820170000000', '1', '20151027', '1','1', '6', '1', '949', 'DUO P1', '13700', '0', '1', '0', '0', '0', '0', '0', '20160101', NULL, '0', 'RR100'),
('002820300080000', '1', '20150521', '1','1', '6', '1', '655', 'SAL PACK 1', '3600', '0', '1', '0', '0', '0', '0', '0', '20150401', '20151231', '0', 'RR100'),
('002820300080000', '1', '20151027', '1','1', '6', '1', '655', 'SAL PACK 1', '3700', '0', '1', '0', '0', '0', '0', '0', '20160101', NULL, '0', 'RR100'),
('002820300080000', '1', '20150521', '1','1', '6', '1', '656', 'SAL PACK 2', '7700', '0', '1', '0', '0', '0', '0', '0', '20150401', '20151231', '0', 'RR100'),
('002820300080000', '1', '20151027', '1','1', '6', '1', '656', 'SAL PACK 2', '7900', '0', '1', '0', '0', '0', '0', '0', '20160101', NULL, '0', 'RR100'),
('002820300080000', '1', '20150521', '1','1', '6', '1', '657', 'SAL PACK 3', '16100', '0', '1', '0', '0', '0', '0', '0', '20150401', '20151231', '0', 'RR100'),
('002820300080000', '1', '20151027', '1','1', '6', '1', '657', 'SAL PACK 3', '16400', '0', '1', '0', '0', '0', '0', '0', '20160101', NULL, '0', 'RR100'),
('002820300080000', '1', '20150521', '1','1', '6', '1', '658', 'CJT PACK 1', '4000', '0', '1', '0', '0', '0', '0', '0', '20150401', '20151231', '0', 'RR100'),
('002820300080000', '1', '20151027', '1','1', '6', '1', '658', 'CJT PACK 1', '4100', '0', '1', '0', '0', '0', '0', '0', '20160101', NULL, '0', 'RR100'),
('002820300080000', '1', '20150521', '1','1', '6', '1', '659', 'CJT PACK 2', '8600', '0', '1', '0', '0', '0', '0', '0', '20150401', '20151231', '0', 'RR100'),
('002820300080000', '1', '20151027', '1','1', '6', '1', '659', 'CJT PACK 2', '8800', '0', '1', '0', '0', '0', '0', '0', '20160101', NULL, '0', 'RR100'),
('002820300080000', '1', '20150521', '1','1', '6', '1', '660', 'CJT PACK 3', '17900', '0', '1', '0', '0', '0', '0', '0', '20150401', '20151231', '0', 'RR100'),
('002820300080000', '1', '20151027', '1','1', '6', '1', '660', 'CJT PACK 3', '18300', '0', '1', '0', '0', '0', '0', '0', '20160101', NULL, '0', 'RR100'),
('002820300080000', '1', '20150521', '1','1', '6', '1', '945', 'ENFANT P1', '1900', '0', '1', '0', '0', '0', '0', '0', '20150401', '20151231', '0', 'RR100'),
('002820300080000', '1', '20151027', '1','1', '6', '1', '945', 'ENFANT P1', '1900', '0', '1', '0', '0', '0', '0', '0', '20160101', NULL, '0', 'RR100'),
('002820300080000', '1', '20150521', '1','1', '6', '1', '946', 'ENFANT P2', '5100', '0', '1', '0', '0', '0', '0', '0', '20150401', '20151231', '0', 'RR100'),
('002820300080000', '1', '20151027', '1','1', '6', '1', '946', 'ENFANT P2', '5200', '0', '1', '0', '0', '0', '0', '0', '20160101', NULL, '0', 'RR100'),
('002820300080000', '1', '20150521', '1','1', '6', '1', '947', 'ENFANT P3', '7900', '0', '1', '0', '0', '0', '0', '0', '20150401', '20151231', '0', 'RR100'),
('002820300080000', '1', '20151027', '1','1', '6', '1', '947', 'ENFANT P3', '8100', '0', '1', '0', '0', '0', '0', '0', '20160101', NULL, '0', 'RR100'),
('002820300085000', '1', '20150522', '1','1', '6', '1', '933', 'ISOLE P1', '3200', '0', '1', '0', '0', '0', '0', '0', '20150401', '20151231', '0', 'RR100'),
('002820300085000', '1', '20151027', '1','1', '6', '1', '933', 'ISOLE P1', '3300', '0', '1', '0', '0', '0', '0', '0', '20160101', NULL, '0', 'RR100'),
('002820300085000', '1', '20150522', '1','1', '6', '1', '934', 'ISOLE P2', '6900', '0', '1', '0', '0', '0', '0', '0', '20150401', '20151231', '0', 'RR100'),
('002820300085000', '1', '20151027', '1','1', '6', '1', '934', 'ISOLE P2', '7000', '0', '1', '0', '0', '0', '0', '0', '20160101', NULL, '0', 'RR100'),
('002820300085000', '1', '20150522', '1','1', '6', '1', '935', 'ISOLE P3', '14500', '0', '1', '0', '0', '0', '0', '0', '20150401', '20151231', '0', 'RR100'),
('002820300085000', '1', '20151027', '1','1', '6', '1', '935', 'ISOLE P3', '14800', '0', '1', '0', '0', '0', '0', '0', '20160101', NULL, '0', 'RR100'),
('002820300085000', '1', '20150522', '1','1', '6', '1', '937', 'FAMILLE P1', '7800', '0', '1', '0', '0', '0', '0', '0', '20150401', '20151231', '0', 'RR100'),
('002820300085000', '1', '20151027', '1','1', '6', '1', '937', 'FAMILLE P1', '8000', '0', '1', '0', '0', '0', '0', '0', '20160101', NULL, '0', 'RR100'),
('002820300085000', '1', '20150522', '1','1', '6', '1', '938', 'FAMILLE P2', '20400', '0', '1', '0', '0', '0', '0', '0', '20150401', '20151231', '0', 'RR100'),
('002820300085000', '1', '20151027', '1','1', '6', '1', '938', 'FAMILLE P2', '20800', '0', '1', '0', '0', '0', '0', '0', '20160101', NULL, '0', 'RR100'),
('002820300085000', '1', '20150522', '1','1', '6', '1', '939', 'FAMILLE P3', '34700', '0', '1', '0', '0', '0', '0', '0', '20150401', '20151231', '0', 'RR100'),
('002820300085000', '1', '20151027', '1','1', '6', '1', '939', 'FAMILLE P3', '35400', '0', '1', '0', '0', '0', '0', '0', '20160101', NULL, '0', 'RR100'),
('002820300109000', '1', '20150618', '1','1', '6', '1', '933', 'ISO PACK 1', '15200', '0', '1', '0', '0', '0', '0', '0', '20150901', NULL, '0', 'RR100'),
('002820300109000', '1', '20150618', '1','1', '6', '1', '937', 'FAM PACK 1', '25900', '0', '1', '0', '0', '0', '0', '0', '20150901', NULL, '0', 'RR100'),
('002820300119000', '1', '20150630', '1','1', '6', '1', '933', 'ISOLE P1', '3500', '0', '1', '0', '0', '0', '0', '0', '20150701', '20151231', '0', 'RR100'),
('002820300119000', '1', '20151027', '1','1', '6', '1', '933', 'ISOLE P1', '3600', '0', '1', '0', '0', '0', '0', '0', '20160101', NULL, '0', 'RR100'),
('002820300119000', '1', '20150630', '1','1', '6', '1', '934', 'ISOLE P2', '7500', '0', '1', '0', '0', '0', '0', '0', '20150701', '20151231', '0', 'RR100'),
('002820300119000', '1', '20151027', '1','1', '6', '1', '934', 'ISOLE P2', '7600', '0', '1', '0', '0', '0', '0', '0', '20160101', NULL, '0', 'RR100'),
('002820300119000', '1', '20150630', '1','1', '6', '1', '935', 'ISOLE P3', '15800', '0', '1', '0', '0', '0', '0', '0', '20150701', '20151231', '0', 'RR100'),
('002820300119000', '1', '20151027', '1','1', '6', '1', '935', 'ISOLE P3', '16100', '0', '1', '0', '0', '0', '0', '0', '20160101', NULL, '0', 'RR100'),
('002820300119000', '1', '20150630', '1','1', '6', '1', '937', 'FAMILLE P1', '10100', '0', '1', '0', '0', '0', '0', '0', '20150701', '20151231', '0', 'RR100'),
('002820300119000', '1', '20151027', '1','1', '6', '1', '937', 'FAMILLE P1', '10300', '0', '1', '0', '0', '0', '0', '0', '20160101', NULL, '0', 'RR100'),
('002820300119000', '1', '20150630', '1','1', '6', '1', '938', 'FAMILLE P2', '26500', '0', '1', '0', '0', '0', '0', '0', '20150701', '20151231', '0', 'RR100'),
('002820300119000', '1', '20151027', '1','1', '6', '1', '938', 'FAMILLE P2', '27000', '0', '1', '0', '0', '0', '0', '0', '20160101', NULL, '0', 'RR100'),
('002820300119000', '1', '20150630', '1','1', '6', '1', '939', 'FAMILLE P3', '46200', '0', '1', '0', '0', '0', '0', '0', '20150701', '20151231', '0', 'RR100'),
('002820300119000', '1', '20151027', '1','1', '6', '1', '939', 'FAMILLE P3', '47100', '0', '1', '0', '0', '0', '0', '0', '20160101', NULL, '0', 'RR100'),
('002820300119000', '1', '20150630', '1','1', '6', '1', '949', 'DUO P1', '5400', '0', '1', '0', '0', '0', '0', '0', '20150701', '20151231', '0', 'RR100'),
('002820300119000', '1', '20151027', '1','1', '6', '1', '949', 'DUO P1', '5500', '0', '1', '0', '0', '0', '0', '0', '20160101', NULL, '0', 'RR100'),
('002820300119000', '1', '20150630', '1','1', '6', '1', '950', 'DUO P2', '12200', '0', '1', '0', '0', '0', '0', '0', '20150701', '20151231', '0', 'RR100'),
('002820300119000', '1', '20151027', '1','1', '6', '1', '950', 'DUO P2', '12400', '0', '1', '0', '0', '0', '0', '0', '20160101', NULL, '0', 'RR100'),
('002820300119000', '1', '20150630', '1','1', '6', '1', '951', 'DUO P3', '24300', '0', '1', '0', '0', '0', '0', '0', '20150701', '20151231', '0', 'RR100'),
('002820300119000', '1', '20151027', '1','1', '6', '1', '951', 'DUO P3', '24800', '0', '1', '0', '0', '0', '0', '0', '20160101', NULL, '0', 'RR100'),
('002820370006000', '1', '20150731', '1','1', '6', '1', '141', 'ENF GRAT', '0', '0', '1', '0', '0', '0', '0', '0', '20150501', NULL, '0', 'RR100'),
('002820370006000', '1', '20150731', '1','1', '6', '1', '655', 'SAL PACK 1', '7900', '0', '1', '0', '0', '0', '0', '0', '20150501', NULL, '0', 'RR100'),
('002820370006000', '1', '20150731', '1','1', '6', '1', '656', 'SAL PACK 2', '13300', '0', '1', '0', '0', '0', '0', '0', '20150501', NULL, '0', 'RR100'),
('002820370006000', '1', '20150731', '1','1', '6', '1', '657', 'SAL PACK 3', '21500', '0', '1', '0', '0', '0', '0', '0', '20150501', NULL, '0', 'RR100'),
('002820370006000', '1', '20150731', '1','1', '6', '1', '658', 'CJT PACK 1', '8700', '0', '1', '0', '0', '0', '0', '0', '20150501', NULL, '0', 'RR100'),
('002820370006000', '1', '20150731', '1','1', '6', '1', '659', 'CJT PACK 2', '14700', '0', '1', '0', '0', '0', '0', '0', '20150501', NULL, '0', 'RR100'),
('002820370006000', '1', '20150731', '1','1', '6', '1', '660', 'CJT PACK 3', '23700', '0', '1', '0', '0', '0', '0', '0', '20150501', NULL, '0', 'RR100'),
('002820370006000', '1', '20150731', '1','1', '6', '1', '945', 'ENFANT P1', '3400', '0', '1', '0', '0', '0', '0', '0', '20150501', NULL, '0', 'RR100'),
('002820370006000', '1', '20150731', '1','1', '6', '1', '946', 'ENFANT P2', '6400', '0', '1', '0', '0', '0', '0', '0', '20150501', NULL, '0', 'RR100'),
('002820370006000', '1', '20150731', '1','1', '6', '1', '947', 'ENFANT P3', '8900', '0', '1', '0', '0', '0', '0', '0', '20150501', NULL, '0', 'RR100'),
('002820370011000', '1', '20150511', '1','1', '6', '1', '933', 'ISOLE P1', '5300', '0', '1', '0', '0', '0', '0', '0', '20150401', '20151231', '0', 'RR100'),
('002820370011000', '1', '20151027', '1','1', '6', '1', '933', 'ISOLE P1', '5400', '0', '1', '0', '0', '0', '0', '0', '20160101', NULL, '0', 'RR100'),
('002820370011000', '1', '20150511', '1','1', '6', '1', '934', 'ISOLE P2', '11200', '0', '1', '0', '0', '0', '0', '0', '20150401', '20151231', '0', 'RR100'),
('002820370011000', '1', '20151027', '1','1', '6', '1', '934', 'ISOLE P2', '11400', '0', '1', '0', '0', '0', '0', '0', '20160101', NULL, '0', 'RR100'),
('002820370011000', '1', '20150511', '1','1', '6', '1', '935', 'ISOLE P3', '22400', '0', '1', '0', '0', '0', '0', '0', '20150401', '20151231', '0', 'RR100'),
('002820370011000', '1', '20151027', '1','1', '6', '1', '935', 'ISOLE P3', '22800', '0', '1', '0', '0', '0', '0', '0', '20160101', NULL, '0', 'RR100'),
('002820370011000', '1', '20150511', '1','1', '6', '1', '937', 'FAMILLE P1', '10700', '0', '1', '0', '0', '0', '0', '0', '20150401', '20151231', '0', 'RR100'),
('002820370011000', '1', '20151027', '1','1', '6', '1', '937', 'FAMILLE P1', '10900', '0', '1', '0', '0', '0', '0', '0', '20160101', NULL, '0', 'RR100'),
('002820370011000', '1', '20150511', '1','1', '6', '1', '938', 'FAMILLE P2', '27500', '0', '1', '0', '0', '0', '0', '0', '20150401', '20151231', '0', 'RR100'),
('002820370011000', '1', '20151027', '1','1', '6', '1', '938', 'FAMILLE P2', '28000', '0', '1', '0', '0', '0', '0', '0', '20160101', NULL, '0', 'RR100'),
('002820370011000', '1', '20150511', '1','1', '6', '1', '939', 'FAMILLE P3', '47800', '0', '1', '0', '0', '0', '0', '0', '20150401', '20151231', '0', 'RR100'),
('002820370011000', '1', '20151027', '1','1', '6', '1', '939', 'FAMILLE P3', '48700', '0', '1', '0', '0', '0', '0', '0', '20160101', NULL, '0', 'RR100'),
('002820370016000', '1', '20150731', '1','1', '6', '1', '141', 'ENF GRAT', '0', '0', '1', '0', '0', '0', '0', '0', '20150601', '20151231', '0', 'RR100'),
('002820370016000', '1', '20151027', '1','1', '6', '1', '141', 'ENF GRAT', '0', '0', '1', '0', '0', '0', '0', '0', '20160101', NULL, '0', 'RR100'),
('002820370016000', '1', '20150731', '1','1', '6', '1', '655', 'SAL PACK 1', '2800', '0', '1', '0', '0', '0', '0', '0', '20150601', '20151231', '0', 'RR100'),
('002820370016000', '1', '20151027', '1','1', '6', '1', '655', 'SAL PACK 1', '2900', '0', '1', '0', '0', '0', '0', '0', '20160101', NULL, '0', 'RR100'),
('002820370016000', '1', '20150731', '1','1', '6', '1', '656', 'SAL PACK 2', '9000', '0', '1', '0', '0', '0', '0', '0', '20150601', '20151231', '0', 'RR100'),
('002820370016000', '1', '20151027', '1','1', '6', '1', '656', 'SAL PACK 2', '9200', '0', '1', '0', '0', '0', '0', '0', '20160101', NULL, '0', 'RR100'),
('002820370016000', '1', '20150731', '1','1', '6', '1', '657', 'SAL PACK 3', '18800', '0', '1', '0', '0', '0', '0', '0', '20150601', '20151231', '0', 'RR100'),
('002820370016000', '1', '20151027', '1','1', '6', '1', '657', 'SAL PACK 3', '19200', '0', '1', '0', '0', '0', '0', '0', '20160101', NULL, '0', 'RR100'),
('002820370016000', '1', '20150731', '1','1', '6', '1', '658', 'CJT PACK 1', '3200', '0', '1', '0', '0', '0', '0', '0', '20150601', '20151231', '0', 'RR100'),
('002820370016000', '1', '20151027', '1','1', '6', '1', '658', 'CJT PACK 1', '3300', '0', '1', '0', '0', '0', '0', '0', '20160101', NULL, '0', 'RR100'),
('002820370016000', '1', '20150731', '1','1', '6', '1', '659', 'CJT PACK 2', '10000', '0', '1', '0', '0', '0', '0', '0', '20150601', '20151231', '0', 'RR100'),
('002820370016000', '1', '20151027', '1','1', '6', '1', '659', 'CJT PACK 2', '10200', '0', '1', '0', '0', '0', '0', '0', '20160101', NULL, '0', 'RR100'),
('002820370016000', '1', '20150731', '1','1', '6', '1', '660', 'CJT PACK 3', '21000', '0', '1', '0', '0', '0', '0', '0', '20150601', '20151231', '0', 'RR100'),
('002820370016000', '1', '20151027', '1','1', '6', '1', '660', 'CJT PACK 3', '21400', '0', '1', '0', '0', '0', '0', '0', '20160101', NULL, '0', 'RR100'),
('002820370016000', '1', '20150731', '1','1', '6', '1', '945', 'ENFANT P1', '1100', '0', '1', '0', '0', '0', '0', '0', '20150601', '20151231', '0', 'RR100'),
('002820370016000', '1', '20151027', '1','1', '6', '1', '945', 'ENFANT P1', '1100', '0', '1', '0', '0', '0', '0', '0', '20160101', NULL, '0', 'RR100'),
('002820370016000', '1', '20150731', '1','1', '6', '1', '946', 'ENFANT P2', '4800', '0', '1', '0', '0', '0', '0', '0', '20150601', '20151231', '0', 'RR100'),
('002820370016000', '1', '20151027', '1','1', '6', '1', '946', 'ENFANT P2', '4900', '0', '1', '0', '0', '0', '0', '0', '20160101', NULL, '0', 'RR100'),
('002820370016000', '1', '20150731', '1','1', '6', '1', '947', 'ENFANT P3', '7500', '0', '1', '0', '0', '0', '0', '0', '20150601', '20151231', '0', 'RR100'),
('002820370016000', '1', '20151027', '1','1', '6', '1', '947', 'ENFANT P3', '7600', '0', '1', '0', '0', '0', '0', '0', '20160101', NULL, '0', 'RR100'),
('002820370024000', '1', '20150731', '1','1', '6', '1', '141', 'ENF GRAT', '0', '0', '1', '0', '0', '0', '0', '0', '20150601', '20151231', '0', 'RR100'),
('002820370024000', '1', '20151027', '1','1', '6', '1', '141', 'ENF GRAT', '0', '0', '1', '0', '0', '0', '0', '0', '20160101', NULL, '0', 'RR100'),
('002820370024000', '1', '20150731', '1','1', '6', '1', '655', 'SAL PACK 1', '5400', '0', '1', '0', '0', '0', '0', '0', '20150601', '20151231', '0', 'RR100'),
('002820370024000', '1', '20151027', '1','1', '6', '1', '655', 'SAL PACK 1', '5500', '0', '1', '0', '0', '0', '0', '0', '20160101', NULL, '0', 'RR100'),
('002820370024000', '1', '20150731', '1','1', '6', '1', '656', 'SAL PACK 2', '11200', '0', '1', '0', '0', '0', '0', '0', '20150601', '20151231', '0', 'RR100'),
('002820370024000', '1', '20151027', '1','1', '6', '1', '656', 'SAL PACK 2', '11400', '0', '1', '0', '0', '0', '0', '0', '20160101', NULL, '0', 'RR100'),
('002820370024000', '1', '20150731', '1','1', '6', '1', '657', 'SAL PACK 3', '22500', '0', '1', '0', '0', '0', '0', '0', '20150601', '20151231', '0', 'RR100'),
('002820370024000', '1', '20151027', '1','1', '6', '1', '657', 'SAL PACK 3', '22900', '0', '1', '0', '0', '0', '0', '0', '20160101', NULL, '0', 'RR100'),
('002820370024000', '1', '20150731', '1','1', '6', '1', '658', 'CJT PACK 1', '6000', '0', '1', '0', '0', '0', '0', '0', '20150601', '20151231', '0', 'RR100'),
('002820370024000', '1', '20151027', '1','1', '6', '1', '658', 'CJT PACK 1', '6100', '0', '1', '0', '0', '0', '0', '0', '20160101', NULL, '0', 'RR100'),
('002820370024000', '1', '20150731', '1','1', '6', '1', '659', 'CJT PACK 2', '12500', '0', '1', '0', '0', '0', '0', '0', '20150601', '20151231', '0', 'RR100'),
('002820370024000', '1', '20151027', '1','1', '6', '1', '659', 'CJT PACK 2', '12700', '0', '1', '0', '0', '0', '0', '0', '20160101', NULL, '0', 'RR100'),
('002820370024000', '1', '20150731', '1','1', '6', '1', '660', 'CJT PACK 3', '25100', '0', '1', '0', '0', '0', '0', '0', '20150601', '20151231', '0', 'RR100'),
('002820370024000', '1', '20151027', '1','1', '6', '1', '660', 'CJT PACK 3', '25600', '0', '1', '0', '0', '0', '0', '0', '20160101', NULL, '0', 'RR100'),
('002820370024000', '1', '20150731', '1','1', '6', '1', '945', 'ENFANT P1', '2000', '0', '1', '0', '0', '0', '0', '0', '20150601', '20151231', '0', 'RR100'),
('002820370024000', '1', '20151027', '1','1', '6', '1', '945', 'ENFANT P1', '2000', '0', '1', '0', '0', '0', '0', '0', '20160101', NULL, '0', 'RR100'),
('002820370024000', '1', '20150731', '1','1', '6', '1', '946', 'ENFANT P2', '4700', '0', '1', '0', '0', '0', '0', '0', '20150601', '20151231', '0', 'RR100'),
('002820370024000', '1', '20151027', '1','1', '6', '1', '946', 'ENFANT P2', '4800', '0', '1', '0', '0', '0', '0', '0', '20160101', NULL, '0', 'RR100'),
('002820370024000', '1', '20150731', '1','1', '6', '1', '947', 'ENFANT P3', '7000', '0', '1', '0', '0', '0', '0', '0', '20150601', '20151231', '0', 'RR100'),
('002820370024000', '1', '20151027', '1','1', '6', '1', '947', 'ENFANT P3', '7100', '0', '1', '0', '0', '0', '0', '0', '20160101', NULL, '0', 'RR100'),
('002820370032000', '1', '20150731', '1','1', '6', '1', '141', 'ENF GRAT', '0', '0', '1', '0', '0', '0', '0', '0', '20150601', '20151231', '0', 'RR100'),
('002820370032000', '1', '20151027', '1','1', '6', '1', '141', 'ENF GRAT', '0', '0', '1', '0', '0', '0', '0', '0', '20160101', NULL, '0', 'RR100'),
('002820370032000', '1', '20150731', '1','1', '6', '1', '655', 'SAL PACK 1', '15200', '0', '1', '0', '0', '0', '0', '0', '20150601', '20151231', '0', 'RR100'),
('002820370032000', '1', '20151027', '1','1', '6', '1', '655', 'SAL PACK 1', '15500', '0', '1', '0', '0', '0', '0', '0', '20160101', NULL, '0', 'RR100'),
('002820370032000', '1', '20150731', '1','1', '6', '1', '658', 'CJT PACK 1', '16900', '0', '1', '0', '0', '0', '0', '0', '20150601', '20151231', '0', 'RR100'),
('002820370032000', '1', '20151027', '1','1', '6', '1', '658', 'CJT PACK 1', '17200', '0', '1', '0', '0', '0', '0', '0', '20160101', NULL, '0', 'RR100'),
('002820370032000', '1', '20150731', '1','1', '6', '1', '945', 'ENFANT P1', '3700', '0', '1', '0', '0', '0', '0', '0', '20150601', '20151231', '0', 'RR100'),
('002820370032000', '1', '20151027', '1','1', '6', '1', '945', 'ENFANT P1', '3800', '0', '1', '0', '0', '0', '0', '0', '20160101', NULL, '0', 'RR100'),
('802400100032000', '8', '20131128', '1','1', '1', '1', '110', 'ADULTE', '38300', '0', '1', '0', '0', '0', '0', '0', '20140101', '20141231', '0', 'RR100'),
('802400100032000', '8', '20141022', '1','1', '1', '1', '110', 'ADULTE', '40000', '0', '1', '0', '0', '0', '0', '0', '20150101', NULL, '0', 'RR100'),
('802400100032000', '8', '20131128', '1','1', '1', '1', '140', 'ENF.PAY.=3', '21500', '0', '1', '0', '0', '0', '0', '0', '20140101', '20141231', '0', 'RR100'),
('802400100032000', '8', '20141022', '1','1', '1', '1', '140', 'ENF.PAY.=3', '22500', '0', '1', '0', '0', '0', '0', '0', '20150101', NULL, '0', 'RR100'),
('802400100032000', '8', '20131128', '1','1', '1', '1', '141', 'ENF.GRTUIT', '0', '0', '1', '0', '0', '0', '0', '0', '20140101', '20141231', '0', 'RR100'),
('802400100032000', '8', '20141022', '1','1', '1', '1', '141', 'ENF.GRTUIT', '0', '0', '1', '0', '0', '0', '0', '0', '20150101', NULL, '0', 'RR100'),
('802400100032000', '8', '20131128', '1', '1','1', '1', '152', 'ENF.+18ANS', '38300', '0', '1', '0', '0', '0', '0', '0', '20140101', '20141231', '0', 'RR100'),
('802400100032000', '8', '20141022', '1','1', '1', '1', '152', 'ENF.+18ANS', '40000', '0', '1', '0', '0', '0', '0', '0', '20150101', NULL, '0', 'RR100');

INSERT INTO `CLIENTS` (`NOCLI`,`TYCLI`,`LRSO`,`LBAT`,`LRUE`,`LCMN`,`COCP`,`CBD`,`COPAY`,`COPROF`,`NOSIREN`,`NOSIRET`,`NOTEL`,`NOTLC`,`COETAT`,`DTETAT`,`NUPART`,`NUMAI`,`COCCN`,`COGRP`,`COTNS`,`COAUTOENT`,`DT_DERN_MODIF`,`TMP_BATCH`,`USER_CREATION`,`DT_CREATION`,`USER_MISE_A_JOUR`,`DT_MISE_A_JOUR`) 
VALUES 
(134753,3,'STE  GUILLEMOT CORPORATION','A L ATTENTION DE MME MARCHAND','PLACE DE L ETOILE','','56910','CARENTOIR','FRA','6430Z','414196758','00026','','','0',0,0,'','','','N','N',20150724,0,'RR100','2015-11-24 12:03:53',NULL,NULL),
(271715,3,'MOTO FORUM EURL','MOTO EXPERT','2 AVENUE D ATLANTA','','31200','TOULOUSE','FRA','4540Z','419753934','00035','','','0',0,0,'','1090','','N','N',20150311,0,'RR100','2015-11-24 12:03:53',NULL,NULL),
(285462,3,'FONCIA IMMOBILIAS','A L ATTENTION DU SERVICE PAIE','2 RUE DE BONE','','92160','ANTONY','FRA','4941A','709801369','00055','','','0',0,0,'114571','','1069','N','N',20120620,0,'RR100','2015-11-24 12:03:53',NULL,NULL),
(353007,3,'SARL GCGM LOCATIONS','TRANSPORT TAXI    BP27','81 RUE GREFFIE DE BELLECOMBE','','73601','MOUTIERS CEDEX','FR','00000','443321344','00014','','','0',20071018,0,'00000','','','N','N',20071018,0,'RR100','2015-11-24 12:03:53',NULL,NULL),
(379708,99,'COTE D''AZUR HABITAT','','53 BOULEVARD RENE CASSIN','','06200','NICE','FR','6820B','492713912','99999','93187568','','0',0,0,'','5006','','N','N',20130927,0,'RR100','2015-11-24 12:03:53',NULL,NULL),
(422507,3,'SARL 16 ET 33','','33 RUE HERGE','','16000','ANGOULEME','FR','','788687937','00011','','','0',0,0,'','1487','','N','N',20131122,0,'RR100','2015-11-24 12:03:53',NULL,NULL),
(428394,3,'SAS CTID','','ZA LA MORANDAIS','','35190','TINTENIAC','FR','','811452887','00011','','','0',0,0,'','','','N','N',20150911,0,'RR100','2015-11-24 12:03:53',NULL,NULL),
(432886,3,'SAS MARIDAME','','25 ROUTE D AVIGNON','','13870','ROGNONAS','FR','','330385089','00025','','','0',0,0,'','','','N','N',20150630,0,'RR100','2015-11-24 12:03:53',NULL,NULL),
(447189,3,'CVI TEXTILE','M. CEDRICK BONIN','312 RUE DU MOTTIER','','01750','REPLONGES','FR','4641Z','800450371','00011','','','0',20140418,0,'000000','','','N','N',20140418,0,'RR100','2015-11-24 12:03:53',NULL,NULL),
(461228,3,'5 SERVICES','','18 AVENUE EMILE DIDIER','','05000','GAP','FR','4619B','410666549','00085','','','0',0,0,'','','','N','N',20150615,0,'RR100','2015-11-24 12:03:53',NULL,NULL),
(464572,3,'CINEMATHEQUE D IMAGES DE MONTAGN','','8 PLACE JEAN MARCELLIN','','05000','GAP','','5911B','442493631','00026','','','0',20150123,0,'000000','','','N','N',20150123,0,'RR100','2015-11-24 12:03:53',NULL,NULL),
(467918,3,'MIDI AUTO SERVICE','','338 ROUTE DE GRENOBLE','','06200','NICE','FR','4520A','315682609','00013','','','0',0,0,'','','','N','N',20150409,0,'RR100','2015-11-24 12:03:53',NULL,NULL),
(468300,3,'SARL S&R','','21 RUE DES CHATAIGNIERS','','49280','LA SEGUINIERE','FR','4399C','801671421','00015','','','0',0,0,'','','','N','N',20150608,0,'RR100','2015-11-24 12:03:53',NULL,NULL),
(470007,3,'RICO','','TALASANI','','20230','TALASANI','','5520Z','305836173','00016','','','0',20150416,0,'000000','','','N','N',20150416,0,'RR100','2015-11-24 12:03:53',NULL,NULL),
(470068,3,'2AAZ RENOVATION','','2 AVENUE RAYMOND POINCARE','','94600','CHOISY LE ROI','','4311Z','531881704','00013','','','0',20150417,0,'000000','','','N','N',20150417,0,'RR100','2015-11-24 12:03:53',NULL,NULL),
(470701,3,'SARL BADET','','66 AVENUE NELSON GASTON','','40110','MORCENX','FR','4520A','499392132','00019','','','0',0,0,'','','','N','N',20150512,0,'RR100','2015-11-24 12:03:53',NULL,NULL),
(470712,3,'DOIRET JULIEN','','540 ROUTE D YCHOUX','','40410','LIPOSTHEY','FR','','529564866','00018','','','0',0,0,'','','','N','N',20150507,0,'RR100','2015-11-24 12:03:53',NULL,NULL),
(470813,3,'SARL APOSE','','200 LOTISSEMENT LE COTEAU DU PAR','','69700','ST ANDEOL LE CHATEAU','FR','4332A','797855269','00016','','','0',0,0,'','','','N','N',20150608,0,'RR100','2015-11-24 12:03:53',NULL,NULL),
(470936,3,'BEAUTY WORLD','','24 PLACE JEAN EPINAT','','03200','VICHY','','4618Z','807653811','00016','','','0',20150429,0,'000000','','','N','N',20150429,0,'RR100','2015-11-24 12:03:53',NULL,NULL),
(471025,3,'CHARPENTE FERNANDES ET FILS','','3 AVENUE DU CHATEAU FLEURI','','32190','VIC FEZENSAC','','4391A','483226734','00026','','','0',20150430,0,'000000','','','N','N',20150430,0,'RR100','2015-11-24 12:03:53',NULL,NULL);


INSERT INTO CONTRATS(NMPDT,NCPROD,NOCLI,NOCO,DTEFFCO,TYSOUS,NMSOUS,COETACO,ELIGDSN,COMOQUIT,TYCO,TYEMI,COFRQUIT,TXAPPCOT,NMGRPGES,NMGRPPRO,NMGRPSIN,NMGRPCOM,NCENC,DTCREA,DTCREACO,NOFAM,DT_DEBUT_SIT,DT_DERN_MODIF,NCSIN,NORIB,COANI,CATOBJ,CDLP,DTDEBDLP,DTFINDLP,NUCLIDLP,NBEFF,DT_FIN_SIT,TMP_BATCH,USER_CREATION)
VALUES
('COLLSANTDI', '060070', '285462', '000722500004007', '19941201', '3', 'FONCIA IMMOBILIAS', '1', 'NON', '3', '1', 'E', 'M', '10000.00', 'B', '7', 'B', '', 'R18760', '19941201', '19950123', '53', '20140701', '20140724', 'I09432', '', 'M', '000', 'N', '0', '0', NULL, '0', '20140930', '0', 'RR100'),
('COLLSANTDI', '060070', '285462', '000722500004007', '19941201', '3', 'FONCIA IMMOBILIAS', '1', 'SRT', '3', '1', 'E', 'M', '10000.00', 'B', '7', 'B', '', 'R18760', '19941201', '19950123', '53', '20141001', '20121221', 'I09432', '', 'M', '962', 'O', '20130101', '0', '451089', '0', '20150831', '0', 'RR100'),
('COLLSANTDI', '060070', '285462', '000722500004007', '19941201', '3', 'FONCIA IMMOBILIAS', '1', 'SRT', '3', '1', 'E', 'M', '10000.00', 'B', '7', 'P', '', 'R18760', '19941201', '19950123', '53', '20150901', '20150827', 'I09432', '', 'M', '962', 'O', '20130101', '0', '451089', '0', NULL, '0', 'RR100'),
('COLLSANTDI', '056030', '134753', '000722500075000', '19910101', '3', 'STE  GUILLEMOT CORPORATION', '1', 'SRT', '3', '1', 'E', 'M', '10000.00', 'B', '7', 'B', '', 'R18756', '19930127', '19910507', '53', '20140701', '20140724', 'I09432', '', 'M', '920', 'N', '0', '0', NULL, '26', '20150831', '0', 'RR100'),
('COLLSANTDI', '056030', '134753', '000722500075000', '19910101', '3', 'STE  GUILLEMOT CORPORATION', '1', 'SRT', '3', '1', 'E', 'M', '10000.00', 'B', '7', 'P', '', 'R18756', '19930127', '19910507', '53', '20150901', '20150827', 'I09432', '', 'M', '920', 'N', '0', '0', NULL, '26', NULL, '0', 'RR100'),
('FRTNSDECST', '084240', '271715', '001105800404000', '20001201', '3', 'MOTO FORUM EURL', '1', 'NON', '3', '1', 'E', 'T', '10000.00', 'B', '3', 'K', '', 'R18784', '0', '20010115', '56', '20140101', '20140102', 'R14702', '13106000101069269715160', 'N', '', 'N', '0', '0', NULL, '1', '20141231', '0', 'RR100'),
('FRTNSDECST', '084240', '271715', '001105800404000', '20001201', '3', 'MOTO FORUM EURL', '1', 'SRN', '3', '1', 'E', 'T', '10000.00', 'B', '3', 'K', '', 'R18784', '0', '20010115', '56', '20150101', '20141016', 'R14702', '13106000101069269715160', 'N', '000', 'N', '0', '0', NULL, '1', '20150831', '0', 'RR100'),
('FRTNSDECST', '084240', '271715', '001105800404000', '20001201', '3', 'MOTO FORUM EURL', '1', 'SRN', '3', '1', 'E', 'T', '10000.00', 'O', '3', 'K', '', 'R18784', '0', '20010115', '56', '20150901', '20150827', 'R14702', '13106000101069269715160', 'N', '000', 'N', '0', '0', NULL, '1', NULL, '0', 'RR100'),
('QM-313  SP', 'L69566', '447189', '001639400820000', '20140501', '3', 'CVI TEXTILE', '1', 'NON', '3', '2', 'E', 'M', '10000.00', 'O', '4', 'K', '', 'L69566', '20140501', '20140512', '56', '20140501', '20140512', 'R14702', '', 'N', '', 'N', '0', '0', NULL, '1', '20141231', '0', 'RR100'),
('QM-313  SP', 'L69566', '447189', '001639400820000', '20140501', '3', 'CVI TEXTILE', '1', 'SRN', '3', '2', 'E', 'M', '10000.00', 'O', '4', 'K', '', 'L69566', '20140501', '20140512', '56', '20150101', '20141016', 'R14702', '', 'N', '000', 'N', '0', '0', NULL, '1', '20150831', '0', 'RR100'),
('QM-313  SP', 'L69566', '447189', '001639400820000', '20140501', '3', 'CVI TEXTILE', '1', 'SRN', '3', '2', 'E', 'M', '10000.00', 'P', '4', 'K', '', 'L69566', '20140501', '20140512', '56', '20150901', '20150827', 'R14702', '', 'N', '000', 'N', '0', '0', NULL, '1', NULL, '0', 'RR100'),
('IRP-FAC ST', '006060', '467918', '002786501754000', '20150301', '3', 'MIDI AUTO SERVICE', '1', 'SRN', '3', '1', 'A', 'M', '10000.00', 'O', '3', 'O', '', 'I09116', '20150301', '20150428', '53', '20150301', '20150428', 'I09116', '', 'M', '000', 'N', '0', '0', NULL, '1', '20150831', '0', 'RR100'),
('IRP-FAC ST', '006060', '467918', '002786501754000', '20150301', '3', 'MIDI AUTO SERVICE', '1', 'SRN', '3', '1', 'A', 'M', '10000.00', 'P', '3', 'P', '', 'I09116', '20150901', '20150428', '53', '20150901', '20150827', 'I09116', '', 'M', '000', 'N', '0', '0', NULL, '1', NULL, '0', 'RR100'),
('IRP-FAC ST', '040050', '470712', '002786502306000', '20150301', '3', 'DOIRET JULIEN', '1', 'SRN', '3', '1', 'A', 'M', '10000.00', 'O', '3', 'O', '', 'I09116', '20150301', '20150507', '53', '20150301', '20150511', 'I09116', '', 'M', '000', 'N', '0', '0', NULL, '1', '20150831', '0', 'RR100'),
('IRP-FAC ST', '040050', '470712', '002786502306000', '20150301', '3', 'DOIRET JULIEN', '1', 'SRN', '3', '1', 'A', 'M', '10000.00', 'P', '3', 'P', '', 'I09116', '20150901', '20150507', '53', '20150901', '20150827', 'I09116', '', 'M', '000', 'N', '0', '0', NULL, '1', NULL, '0', 'RR100'),
('IRP-FAC ST', '040050', '470701', '002786502322000', '20150301', '3', 'SARL BADET', '1', 'SRN', '3', '1', 'A', 'M', '10000.00', 'O', '3', 'O', '', 'I09116', '20150301', '20150512', '53', '20150301', '20150512', 'I09116', '', 'M', '000', 'N', '0', '0', NULL, '1', '20150831', '0', 'RR100'),
('IRP-FAC ST', '040050', '470701', '002786502322000', '20150301', '3', 'SARL BADET', '1', 'SRN', '3', '1', 'A', 'M', '10000.00', 'P', '3', 'P', '', 'I09116', '20150901', '20150512', '53', '20150901', '20150827', 'I09116', '', 'M', '000', 'N', '0', '0', NULL, '1', NULL, '0', 'RR100'),
('QLIOP2FAST', 'O50239', '468300', '002820100041000', '20150601', '3', 'SARL S&R', '1', 'SRN', '3', '2', 'A', 'M', '10000.00', 'O', '2', 'O', '', 'I09116', '20150601', '20150608', '53', '20150601', '20150608', 'I09116', '', 'M', '920', 'N', '0', '0', NULL, '1', '20150831', '0', 'RR100'),
('QLIOP2FAST', 'O50239', '468300', '002820100041000', '20150601', '3', 'SARL S&R', '1', 'SRN', '3', '2', 'A', 'M', '10000.00', 'P', '2', 'P', '', 'I09116', '20150901', '20150608', '53', '20150901', '20150827', 'I09116', '', 'M', '920', 'N', '0', '0', NULL, '1', NULL, '0', 'RR100'),
('QLIOP2FAST', 'L69551', '470813', '002820100042000', '20150501', '3', 'SARL APOSE', '1', 'SRN', '3', '2', 'A', 'M', '10000.00', 'O', '4', 'O', '', 'I09116', '0', '20150609', '53', '20150501', '20150630', 'I09116', '', 'M', '960', 'N', '0', '0', NULL, '1', '20150831', '0', 'RR100'),
('QLIOP2FAST', 'L69551', '470813', '002820100042000', '20150501', '3', 'SARL APOSE', '1', 'SRN', '3', '2', 'A', 'M', '10000.00', 'P', '4', 'P', '', 'I09116', '0', '20150609', '53', '20150901', '20150827', 'I09116', '', 'M', '960', 'N', '0', '0', NULL, '1', NULL, '0', 'RR100'),
('QLIOP2FAST', 'O50127', '470936', '002820170000000', '20150501', '3', 'BEAUTY WORLD', '1', 'SRN', '3', '2', 'E', 'M', '10000.00', 'O', '3', 'O', '', 'I09116', '0', '20150528', '53', '20150501', '20150703', 'I09116', '', 'M', '920', 'N', '0', '0', NULL, '1', '20150831', '0', 'RR100'),
('QLIOP2FAST', 'O50127', '470936', '002820170000000', '20150501', '3', 'BEAUTY WORLD', '1', 'SRN', '3', '2', 'E', 'M', '10000.00', 'P', '3', 'P', '', 'I09116', '0', '20150528', '53', '20150901', '20150827', 'I09116', '', 'M', '920', 'N', '0', '0', NULL, '1', NULL, '0', 'RR100'),
('SANTEM2FST', '016180', '422507', '002820300080000', '20150401', '3', 'SARL 16 ET 33', '1', 'SRN', '3', '2', 'A', 'M', '10000.00', 'O', '3', 'O', '', 'I09116', '0', '20150521', '53', '20150401', '20150522', 'I09116', '', 'M', '920', 'N', '0', '0', NULL, '2', '20150831', '0', 'RR100'),
('SANTEM2FST', '016180', '422507', '002820300080000', '20150401', '3', 'SARL 16 ET 33', '1', 'SRN', '3', '2', 'A', 'M', '10000.00', 'P', '3', 'P', '', 'I09116', '0', '20150521', '53', '20150901', '20150827', 'I09116', '', 'M', '920', 'N', '0', '0', NULL, '2', NULL, '0', 'RR100'),
('SANTEM2FST', '035060', '428394', '002820300085000', '20150401', '3', 'SAS CTID', '1', 'SRN', '3', '2', 'A', 'M', '10000.00', 'O', '2', 'O', '', 'I09116', '20150401', '20150522', '53', '20150401', '20150522', 'I09116', '', 'M', '960', 'N', '0', '0', NULL, '4', '20150831', '0', 'RR100'),
('SANTEM2FST', '035060', '428394', '002820300085000', '20150401', '3', 'SAS CTID', '1', 'SRN', '3', '2', 'A', 'M', '10000.00', 'P', '2', 'P', '', 'I09116', '20150401', '20150522', '53', '20150901', '20150827', 'I09116', '', 'M', '960', 'N', '0', '0', NULL, '4', NULL, '0', 'RR100'),
('SANTEM2FST', '005020', '464572', '002820300109000', '20150901', '3', 'CINEMATHEQUE D IMAGES DE MONTAGN', '1', 'SRN', '3', '2', 'A', 'M', '10000.00', 'P', '3', 'P', '', 'I09116', '20150901', '20150618', '53', '20150901', '20150827', 'I09116', '', 'M', '959', 'N', '0', '0', NULL, '0', NULL, '0', 'RR100'),
('SANTEM2FST', '013870', '432886', '002820300119000', '20150701', '3', 'SAS MARIDAME', '1', 'SRN', '3', '2', 'A', 'M', '10000.00', 'O', '3', 'O', '', 'I09116', '20150701', '20150630', '53', '20150701', '20150630', 'I09116', '', 'M', '960', 'N', '0', '0', NULL, '15', '20150831', '0', 'RR100'),
('SANTEM2FST', '013870', '432886', '002820300119000', '20150701', '3', 'SAS MARIDAME', '1', 'SRN', '3', '2', 'A', 'M', '10000.00', 'P', '3', 'P', '', 'I09116', '20150901', '20150630', '53', '20150901', '20150827', 'I09116', '', 'M', '960', 'N', '0', '0', NULL, '15', NULL, '0', 'RR100'),
('SANTEM2FST', '073110', '353007', '002820370006000', '20150501', '3', 'SARL GCGM LOCATIONS', '1', 'SRN', '3', '2', 'A', 'M', '10000.00', 'O', '3', 'O', '', 'I09116', '0', '20150610', '53', '20150501', '20150731', 'I09116', '', 'M', '920', 'N', '0', '0', NULL, '2', '20150831', '0', 'RR100'),
('SANTEM2FST', '073110', '353007', '002820370006000', '20150501', '3', 'SARL GCGM LOCATIONS', '1', 'SRN', '3', '2', 'A', 'M', '10000.00', 'P', '3', 'P', '', 'I09116', '0', '20150610', '53', '20150901', '20150827', 'I09116', '', 'M', '920', 'N', '0', '0', NULL, '2', NULL, '0', 'RR100'),
('SANTEM2FST', '092630', '470068', '002820370011000', '20150401', '3', '2AAZ RENOVATION', '1', 'SRN', '3', '2', 'E', 'M', '10000.00', 'O', '2', 'O', '', 'I09116', '0', '20150511', '53', '20150401', '20150706', 'I09116', '', 'M', '920', 'N', '0', '0', NULL, '1', '20150831', '0', 'RR100'),
('SANTEM2FST', '092630', '470068', '002820370011000', '20150401', '3', '2AAZ RENOVATION', '1', 'SRN', '3', '2', 'E', 'M', '10000.00', 'P', '2', 'P', '', 'I09116', '0', '20150511', '53', '20150901', '20150827', 'I09116', '', 'M', '920', 'N', '0', '0', NULL, '1', NULL, '0', 'RR100'),
('SANTEM2FST', '020010', '470007', '002820370016000', '20150601', '3', 'RICO', '1', 'SRN', '3', '2', 'E', 'M', '10000.00', 'O', '3', 'O', '', 'I09116', '0', '20150526', '53', '20150601', '20150731', 'I09116', '', 'M', '959', 'N', '0', '0', NULL, '2', '20150831', '0', 'RR100'),
('SANTEM2FST', '020010', '470007', '002820370016000', '20150601', '3', 'RICO', '1', 'SRN', '3', '2', 'E', 'M', '10000.00', 'P', '3', 'P', '', 'I09116', '0', '20150526', '53', '20150901', '20150827', 'I09116', '', 'M', '959', 'N', '0', '0', NULL, '2', NULL, '0', 'RR100'),
('SANTEM2FST', '032150', '471025', '002820370024000', '20150601', '3', 'CHARPENTE FERNANDES ET FILS', '1', 'SRN', '3', '2', 'A', 'M', '10000.00', 'O', '3', 'O', '', 'I09116', '0', '20150608', '53', '20150601', '20150731', 'I09116', '', 'M', '920', 'N', '0', '0', NULL, '2', '20150831', '0', 'RR100'),
('SANTEM2FST', '032150', '471025', '002820370024000', '20150601', '3', 'CHARPENTE FERNANDES ET FILS', '1', 'SRN', '3', '2', 'A', 'M', '10000.00', 'P', '3', 'P', '', 'I09116', '0', '20150608', '53', '20150901', '20150827', 'I09116', '', 'M', '920', 'N', '0', '0', NULL, '2', NULL, '0', 'RR100'),
('SANTEM2FST', '005600', '461228', '002820370032000', '20150601', '3', '5 SERVICES', '1', 'SRN', '3', '2', 'E', 'M', '10000.00', 'O', '3', 'O', '', 'I09116', '0', '20150615', '53', '20150601', '20150731', 'I09116', '', 'M', '959', 'N', '0', '0', NULL, '1', '20150831', '0', 'RR100'),
('SANTEM2FST', '005600', '461228', '002820370032000', '20150601', '3', '5 SERVICES', '1', 'SRN', '3', '2', 'E', 'M', '10000.00', 'P', '3', 'P', '', 'I09116', '0', '20150615', '53', '20150901', '20150827', 'I09116', '', 'M', '959', 'N', '0', '0', NULL, '1', NULL, '0', 'RR100'),
('Z-M2400NSP', '006320', '379708', '802400100032000', '20060101', '99', 'COTE D''AZUR HABITAT', '1', 'SRN', '3', '2', 'E', 'M', '10000.00', 'B', '3', 'B', '', 'R18706', '20121231', '20091229', '53', '20140701', '20140724', 'I09432', '', 'M', '000', 'N', '0', '0', NULL, '6', '20150831', '0', 'RR100'),
('Z-M2400NSP', '006320', '379708', '802400100032000', '20060101', '99', 'COTE D''AZUR HABITAT', '8', 'SRN', '3', '2', 'E', 'M', '10000.00', 'O', '3', 'P', '', 'R18706', '20150901', '20091229', '53', '20150901', '20150827', 'I09432', '', 'M', '000', 'N', '0', '0', NULL, '6', NULL, '0', 'RR100');

-- Données domaine CDE étendue

INSERT INTO EXTENSIONS_CONTRATS(ID_TECH,NOCO,DT_MODIF_IND,GEST_MODIF_IND,DT_EFFET_IND,MOTIF_CHGT_IND,EXPLOIT,EDIT_CONS_PAIMT,TRANSFERT,VAR_ETAB_NB,VAR_ETAB_PC,VAR_SAL_NB,VAR_SAL_PC,CTL_TYPE_BASE_ASSUJ,MODE_NAT_CONT,VIP,MODE_REAFF_CAT_EFFECTIF,USER_CREATION)
VALUES
('1','002820170000000','20151112','P13A402','20150901','JEU DE DONNEES 4611','OUI','OUI','OUI','1','10','1','10','RED','R','O','DIREC','user'),
('2','002820370006000','20151112','P13A402','20150901','JEU DE DONNEES 4614','OUI','OUI','OUI','1','10','1','10','RED','R','O','DIREC','user');


-- Données paramétrage

INSERT INTO PARAM_ETAT_CONTRAT(COETACO,ACTIF,USER_CREATION)
VALUES
('1', 'O','RR000'),
('2', 'O','RR000'),
('3', 'O','RR000'),
('4', 'O','RR000'),
('5', 'O','RR000'),
('6', 'O','RR000'),
('7', 'N','RR000'),
('8', 'N','RR000'),
('9', 'N','RR000'),
('10', 'N','RR000'),
('11', 'N','RR000');

INSERT INTO PARAM_NATURE_BASE_COMPOSANTS(CONBCOT,TXCALCU_REMPLI,NUM_TRANCHE,NUM_TCBA,MODE_CONSO,USER_CREATION)
VALUES
('0', 'O', '0', '18', 'S','TEST'),
('0', 'N', '0', '20', 'S','TEST'),
('1', 'N', '1', '11', 'S','TEST'),
('2', 'N', '2', '13', 'S','TEST'),
('3', 'N', '3', '14', 'S','TEST'),
('4', 'N', '4', '15', 'S','TEST'),
('5', 'N', '1', '11', 'S','TEST'),
('5', 'N', '1', '13', 'S','TEST'),
('6', 'N', '1', '11', 'S','TEST'),
('6', 'N', '1', '13', 'S','TEST'),
('6', 'N', '1', '14', 'S','TEST'),
('7', 'N', '1', '11', 'S','TEST'),
('7', 'N', '2', '13', 'S','TEST'),
('8', 'N', '1', '11', 'S','TEST'),
('8', 'N', '2', '13', 'S','TEST'),
('8', 'N', '3', '14', 'S','TEST'),
('9', 'N', '1', '11', 'S','TEST'),
('9', 'N', '2', '13', 'S','TEST'),
('9', 'N', '3', '14', 'S','TEST'),
('9', 'N', '4', '15', 'S','TEST'),
('10', 'N', '1', '11', 'S','TEST'),
('10', 'N', '3', '14', 'S','TEST'),
('11', 'N', '2', '13', 'S','TEST'),
('11', 'N', '2', '14', 'S','TEST'),
('13', 'N', '2', '13', 'S','TEST'),
('13', 'N', '3', '14', 'S','TEST'),
('14', 'N', '2', '13', 'S','TEST'),
('14', 'N', '3', '14', 'S','TEST'),
('14', 'N', '4', '15', 'S','TEST'),
('15', 'N', '3', '14', 'S','TEST'),
('15', 'N', '3', '15', 'S','TEST'),
('16', 'N', '3', '14', 'S','TEST'),
('16', 'N', '4', '15', 'S','TEST'),
('17', 'N', '1', '10', 'S','TEST'),
('19', 'N', '1', '10', 'S','TEST'),
('20', 'N', '1', '17', 'S','TEST'),
('25', 'N', '1', '11', 'S','TEST'),
('25', 'N', '2', '17', 'S','TEST'),
('26', 'N', '1', '18', 'S','TEST'),
('39', 'N', '1', '11', 'S','TEST'),
('39', 'N', '2', '13', 'S','TEST'),
('39', 'N', '3', '18', 'S','TEST'),
('40', 'N', '1', '11', 'S','TEST'),
('40', 'N', '3', '18', 'S','TEST'),
('50', 'N', '1', '17', 'S','TEST'),
('53', 'N', '1', '17', 'S','TEST');


-- Messages de contrôles à effacer au préalable pour vérification RG F04_RG_P6_01
INSERT INTO MESSAGE_CONTROLE (ID_PERIODE, ID_CONTROLE, ORIGINE, NIVEAU_ALERTE, USER_CREATION) 
VALUES 
(34, 'RED_RESILIE', 'REDAC', 'SIGNAL', 'TEST_INIT'),
(34, 'RED_COTIS_ETAB', 'REDAC', 'SIGNAL', 'TEST_INIT'),
(34, 'RED_VAR_NB_ETB', 'REDAC', 'REJET', 'TEST_INIT'),
(34, 'RED_VAR_NB_SAL', 'REDAC', 'SIGNAL', 'TEST_INIT'),
(34, 'RED_MODE_PAIEMT', 'REDAC', 'SIGNAL', 'TEST_INIT'),
(34, 'RED_PERIOD_VRST', 'REDAC', 'REJET', 'TEST_INIT'),
(34, 'RED_MOIS_ABSENT', 'REDAC', 'SIGNAL', 'TEST_INIT'),
(34, 'RED_TYPE_BASE_ASSUJ', 'REDAC', 'SIGNAL', 'TEST_INIT'),
(34, 'RED_CHGT_DATE_NAIS', 'REDAC', 'REJET', 'TEST_INIT');
