-- INSERTION DONNEES pour TEST tables FLUX 5 et 6
INSERT INTO PERIODES_RECUES(ID_PERIODE,TYPE_PERIODE,DATE_CREATION,NUMERO_CONTRAT,DATE_DEBUT_PERIODE,DATE_FIN_PERIODE,PREMIER_MOIS_DECL,ETAT_PERIODE,RECONSOLIDER,DATE_ECHEANCE,USER_CREATION)
VALUES
('0000000112', 'DEC', '20151005', '000520201072001', '20151001', '20151231', 'O', 'INT', 'N', '20160105', 'user');

INSERT INTO EXTENSIONS_CONTRATS(ID_TECH,NOCO,DT_MODIF_IND,GEST_MODIF_IND,DT_EFFET_IND,MOTIF_CHGT_IND,EXPLOIT,EDIT_CONS_PAIMT,TRANSFERT,VAR_ETAB_NB,VAR_ETAB_PC,VAR_SAL_NB,VAR_SAL_PC,CTL_TYPE_BASE_ASSUJ,MODE_NAT_CONT,VIP,MODE_REAFF_CAT_EFFECTIF,USER_CREATION)
VALUES
('1', '000893600220000', '20151112', 'P13A402', '20151115', 'JEU DE DONNEES', 'OUI', 'OUI', 'OUI', '5', '10', '5', '10', 'RED', 'R', 'O', 'DIREC', 'user'),
('2', '000941800010002', '20151112', 'P13A402', '20150930', 'JEU DE DONNEES', 'OUI', 'OUI', 'OUI', '5', '10', '5', '10', 'RED', 'R', 'O', 'DIREC', 'user'),
('3', '001585700434002', '20151112', 'P13A402', '20150805', 'JEU DE DONNEES', 'OUI', 'OUI', 'OUI', '5', '10', '5', '10', 'RED', 'R', 'O', 'DIREC', 'user'),
('4', '001585700744002', '20151112', 'P13A402', '20150930', 'JEU DE DONNEES', 'NON', 'OUI', 'OUI', '5', '10', '5', '10', 'RED', 'R', 'O', 'DIREC', 'user'); 

INSERT INTO INDICATEURS_DSN_PERIODES(NOCO,DEBUT_PERIODE,FIN_PERIODE,DT_DEB_RCPT_DSN,DT_MODIF_IND,GEST_MODIF_IND,MOTIF_CHGT_IND,EXPLOIT,DT_DEB_EXPLOIT,EDIT_CONS_PAIMT,DT_DEB_EDIT_CONS_PAIMT,MODE_GEST,DT_DEB_MODE_GEST,TRANSFERT,DT_DEB_TRANSFERT,VAR_ETAB_NB,VAR_ETAB_PC,VAR_SAL_NB,VAR_SAL_PC,CTL_TYPE_BASE_ASSUJ,MODE_NAT_CONT,VIP,MODE_REAFF_CAT_EFFECTIF,TMP_BATCH,USER_CREATION,ID_TECH)
VALUES
('000709000145001', '20150701', '20150930', '0', '0', 'P13A402', 'JEU DE DONNEES', 'OUI', '0', 'OUI', '0', 'O', '0', 'OUI', '0', '5', '10', '5', '10', 'BRR', 'C', 'N', 'DIREC', '0', 'user', '1'),
('000750700000000', '20150701', '20150930', '0', '0', 'P13A402', 'JEU DE DONNEES', 'OUI', '0', 'OUI', '0', 'O', '0', 'OUI', '0', '5', '10', '5', '10', 'BRR', 'C', 'N', 'DIREC', '0', 'user', '2'),
('000781400000000', '20150701', '20150930', '0', '0', 'P13A402', 'JEU DE DONNEES', 'OUI', '0', 'OUI', '0', 'O', '0', 'OUI', '0', '5', '10', '5', '10', 'BRR', 'C', 'N', 'DIREC', '0', 'user', '3'),
('000893600220000', '20141001', '20141231', '0', '0', 'P13A402', 'JEU DE DONNEES', 'OUI', '0', 'OUI', '0', 'O', '0', 'OUI', '0', '5', '10', '5', '10', 'BRR', 'L', 'N', 'DIREC', '0', 'user', '4'),
('000893600220000', '20150101', '20150331', '0', '0', 'P13A402', 'JEU DE DONNEES', 'OUI', '0', 'OUI', '0', 'O', '0', 'OUI', '0', '5', '10', '5', '10', 'BRB', 'L', 'O', 'DIREC', '0', 'user', '5'),
('000893600220000', '20150401', '20150630', '0', '0', 'P13A402', 'JEU DE DONNEES', 'OUI', '0', 'OUI', '0', 'O', '0', 'OUI', '0', '5', '10', '5', '10', 'N', 'C', 'O', 'DIREC', '0', 'user', '6'),
('000893600220000', '20150701', '20150930', '20150701', '0', 'P13A402', 'JEU DE DONNEES', 'OUI', '20150701', 'NON', '0', 'O', '20150101', 'OUI', '20150101', '5', '10', '5', '10', 'BRR', 'L', 'N', 'DIREC', '0', 'user', '7'),
('000893600491002', '20150701', '20150930', '20150701', '0', 'P13A402', 'JEU DE DONNEES', 'OUI', '0', 'NON', '0', 'O', '0', 'OUI', '0', '5', '10', '5', '10', 'BRR', 'R', 'N', 'DIREC', '0', 'user', '8'),
('000893600526002', '20150701', '20150930', '0', '0', 'P13A402', 'JEU DE DONNEES', 'OUI', '0', 'OUI', '0', 'O', '0', 'OUI', '0', '5', '10', '5', '10', 'BRR', 'L', 'N', 'DIREC', '0', 'user', '9'),
('000941800010002', '20150701', '20150930', '0', '0', 'P13A402', 'JEU DE DONNEES', 'OUI', '0', 'OUI', '0', 'O', '0', 'OUI', '0', '5', '10', '5', '10', 'BRR', 'L', 'N', 'DIREC', '0', 'user', '10'),
('001585700434002', '20150701', '20150930', '0', '0', 'P13A402', 'JEU DE DONNEES', 'OUI', '0', 'OUI', '0', 'O', '0', 'OUI', '0', '5', '10', '5', '10', 'BRR', 'L', 'N', 'DIREC', '0', 'user', '11'),
('001630400293000', '20150701', '20150930', '20150701', '0', 'P13A402', 'JEU DE DONNEES', 'OUI', '0', 'OUI', '0', 'O', '0', 'OUI', '0', '5', '10', '5', '10', 'BRR', 'L', 'N', 'DIREC', '0', 'user', '12'),
('001630400299999', '20150701', '20150930', '0', '0', 'P13A402', 'JEU DE DONNEES', 'OUI', '0', 'OUI', '0', 'O', '0', 'OUI', '0', '5', '10', '5', '10', 'BRR', 'L', 'N', 'DIREC', '0', 'user', '13');

-- INSERTION tables FLUX 1
INSERT INTO `CLIENTS` (`NOCLI`,`TYCLI`,`LRSO`,`LBAT`,`LRUE`,`LCMN`,`COCP`,`CBD`,`COPAY`,`COPROF`,`NOSIREN`,`NOSIRET`,`NOTEL`,`NOTLC`,`COETAT`,`DTETAT`,`NUPART`,`NUMAI`,`COCCN`,`COGRP`,`COTNS`,`COAUTOENT`,`DT_DERN_MODIF`,`TMP_BATCH`,`USER_CREATION`,`DT_CREATION`,`USER_MISE_A_JOUR`,`DT_MISE_A_JOUR`) 
VALUES 
(202423,3,'SARL PROMOPLAS','ZI NORD','','BP 33','01101','OYONNAX CEDEX','FRA','2229B','326588993','00013','','','0',0,0,'','','','N','N',20110609,0,'RR100','2015-11-24 12:03:53',NULL,NULL),
(204694,3,'ENTREPRISE MIROUX SA','','3 R L ABBE JERZY POPIELUSKO','','62300','LENS','FRA','4399C','366200269','00020','','','0',0,0,'','1597','','N','N',20140124,0,'RR100','2015-11-24 12:03:53',NULL,NULL),
(219103,3,'SOCIETE SCDE','ZI DE PENAYE','','','01300','CHAZEY BONS','FRA','2712Z','339896003','00011','','','0',0,0,'','','','N','N',20110609,0,'RR100','2015-11-24 12:03:53',NULL,NULL),
(220294,3,'CERAMIQUES TECHNIQUES INDUST.','LA RESCLAUSE','382 AVENUE DU MOULINAS','','30340','SALINDRES','FRA','2344Z','377554506','00032','','','0',0,0,'','','','N','N',20110609,0,'RR100','2015-11-24 12:03:53',NULL,NULL),
(233996,3,'SARL PRESSEPORT','','23 RUE NOLLET','','75017','PARIS','FRA','8299Z','397891201','00014','','','0',0,0,'','','','N','N',20110609,0,'RR100','2015-11-24 12:03:53',NULL,NULL),
(236496,3,'PROMEX INTERNATIONAL','','33 RUE DE LA BOURSE','','69002','LYON','FRA','4618Z','391625407','00021','','','0',0,0,'','','','N','N',20110609,0,'RR100','2015-11-24 12:03:53',NULL,NULL),
(338634,3,'40 MILLIONS D''AUTOMOBILISTE','TECHNOPARC','','','72019','LE MANS CEDEX 2','FRA','9499Z','999999999','99999','','','0',0,0,'','','','N','N',20110609,0,'RR100','2015-11-24 12:03:53',NULL,NULL),
(362761,3,'DELTA TECHNOLOGIE','','14 RUE JEAN JAURES','','21120','IS SUR TILLE','FR','','325455335','00050','','','0',0,0,'326691','1885','','N','N',20130828,0,'RR100','2015-11-24 12:03:53',NULL,NULL),
(387786,3,'EIRL DEMEE CONSEILS','MONSIEUR PHILIPPE DEMEE','24 RUE DE SAINT PRIX','','95680','MONTLIGNON','FR','7022Z','448096586','00038','','','0',0,0,'','','','N','N',20120921,0,'RR100','2015-11-24 12:03:53',NULL,NULL),
(412244,3,'CDM OPTIQUE','','1 RUE DU CAPITAINE DREYFUS','','68510','SIERENTZ','FR','','538483678','00016','','','0',0,0,'','','','N','N',0,0,'RR100','2015-11-24 12:03:53',NULL,NULL);

INSERT INTO CONTRATS(NMPDT,NCPROD,NOCLI,NOCO,DTEFFCO,TYSOUS,NMSOUS,COETACO,ELIGDSN,COMOQUIT,TYCO,TYEMI,COFRQUIT,TXAPPCOT,NMGRPGES,NMGRPPRO,NMGRPSIN,NMGRPCOM,NCENC,DTCREA,DTCREACO,NOFAM,DT_DEBUT_SIT,DT_DERN_MODIF,NCSIN,NORIB,COANI,CATOBJ,CDLP,DTDEBDLP,DTFINDLP,NUCLIDLP,NBEFF,DT_FIN_SIT,TMP_BATCH,USER_CREATION)
VALUES
('PREVOYANSP', 'P01885', '204694', '000514800000000', '19930101', '3', 'ENTREPRISE MIROUX SA', '1', 'SRT', '3', '2', 'E', 'T', '10000.00', 'O', '7', 'K', '', 'R17528', '19951231', '19930312', '53', '20110601', '20110628', 'R17528', '', 'M', '000', 'N', '0', '0', NULL, '146', '20150831', '0', 'RR100'),
('PREVOYANSP', 'P01885', '204694', '000514800000000', '19930101', '3', 'ENTREPRISE MIROUX SA', '1', 'SRT', '3', '2', 'E', 'T', '10000.00', 'B', '7', 'K', '', 'R17528', '19951231', '19930312', '53', '20150901', '20150827', 'R17528', '', 'M', '000', 'N', '0', '0', NULL, '146', NULL, '0', 'RR100'),
('MDMRET83ST', '001200', '219103', '000520200143000', '19940101', '3', 'SOCIETE SCDE', '3', 'SRT', '3', '1', 'E', 'S', '10000.00', 'R', '1', 'I', '', 'R19136', '20131031', '19941230', '59', '20140701', '20140716', '001200', '', 'N', '924', 'N', '0', '0', NULL, '2', NULL, '0', 'RR100'),
('MDMRET83ST', '034760', '220294', '000520200173000', '19940101', '3', 'CERAMIQUES TECHNIQUES INDUST.', '1', 'SRN', '3', '1', 'E', 'A', '10000.00', 'R', '1', 'I', '', 'R19136', '0', '19950228', '59', '20131201', '20131121', 'R19136', '', 'N', '000', 'N', '0', '0', NULL, '4', '20140831', '0', 'RR100'),
('MDMRET83ST', '034760', '220294', '000520200173000', '19940101', '3', 'CERAMIQUES TECHNIQUES INDUST.', '1', 'SRN', '3', '1', 'E', 'A', '10000.00', 'R', '1', 'I', '', 'R19136', '0', '19950228', '59', '20140901', '20140908', 'R19136', '', 'N', '925', 'N', '0', '0', NULL, '4', NULL, '0', 'RR100'),
('MDMRET83ST', 'P02715', '233996', '000520201072001', '20020101', '3', 'SARL PRESSEPORT', '1', 'SRT', '3', '1', 'E', 'T', '10000.00', 'R', '1', 'I', '', 'R19133', '20020101', '20020128', '59', '20091211', '20091211', 'R19133', '', 'N', '000', 'N', '0', '0', NULL, '1', NULL, '0', 'RR100'),
('MDMRET83ST', '069760', '236496', '000520201313000', '19970301', '3', 'PROMEX INTERNATIONAL', '1', 'SRN', '3', '1', 'E', 'M', '10000.00', 'R', '1', 'I', '', 'R19136', '19970301', '19970228', '59', '20131201', '20131121', 'R19136', '', 'N', '000', 'N', '0', '0', NULL, '1', NULL, '0', 'RR100'),
('PREVOYANSP', '001090', '202423', '000893600220000', '19950101', '3', 'SARL PROMOPLAS', '1', 'NON', '3', '1', 'A', 'T', '10000.00', 'B', '7', 'K', '', 'R18701', '20130918', '19950609', '56', '20140301', '20140326', '001090', '', 'M', '922', 'N', '0', '0', NULL, '3', '20141231', '0', 'RR100'),
('PREVOYANSP', '001090', '202423', '000893600220000', '19950101', '3', 'SARL PROMOPLAS', '1', 'SRN', '3', '1', 'A', 'T', '10000.00', 'B', '7', 'K', '', 'R18701', '20130918', '19950609', '56', '20150101', '20141016', '001090', '', 'M', '922', 'N', '0', '0', NULL, '3', '20150324', '0', 'RR100'),
('PREVOYANSP', '001090', '202423', '000893600220000', '19950101', '3', 'SARL PROMOPLAS', '1', 'SRN', '3', '1', 'A', 'T', '10000.00', 'B', '7', 'K', '', 'R18701', '20150325', '19950609', '56', '20150325', '20150220', '001090', '', 'M', '922', 'N', '0', '0', NULL, '3', '20150630', '0', 'RR100'),
('PREVOYANSP', '001090', '202423', '000893600220000', '19950101', '3', 'SARL PROMOPLAS', '1', 'SRN', '3', '1', 'E', 'T', '10000.00', 'B', '7', 'K', '', 'R18701', '20150325', '19950609', '56', '20150701', '20150902', '001090', '', 'M', '922', 'N', '0', '0', NULL, '3', '20150826', '0', 'RR100'),
('PREVOYANSP', '001090', '202423', '000893600220000', '19950101', '3', 'SARL PROMOPLAS', '1', 'SRN', '3', '1', 'E', 'T', '10000.00', 'B', '7', 'K', '', 'R18701', '20150827', '19950609', '56', '20150827', '20150727', '001090', '', 'M', '922', 'N', '0', '0', NULL, '3', '20150831', '0', 'RR100'),
('PREVOYANSP', '001090', '202423', '000893600220000', '19950101', '3', 'SARL PROMOPLAS', '1', 'SRN', '3', '1', 'E', 'T', '10000.00', 'O', '7', 'K', '', 'R18701', '20150901', '19950609', '56', '20150901', '20150827', '001090', '', 'M', '922', 'N', '0', '0', NULL, '3', NULL, '0', 'RR100'),
('PREVOYANSP', '072140', '338634', '000893600491002', '20060401', '3', '40 MILLIONS D''AUTOMOBILISTE', '1', 'NON', '3', '1', 'E', 'T', '10000.00', 'B', '7', 'K', '', 'R18772', '0', '20060522', '56', '20140101', '20140102', '072140', '', 'M', '920', 'N', '0', '0', NULL, '1', '20141231', '0', 'RR100'),
('PREVOYANSP', '072140', '338634', '000893600491002', '20060401', '3', '40 MILLIONS D''AUTOMOBILISTE', '1', 'SRN', '3', '1', 'E', 'T', '10000.00', 'B', '7', 'K', '', 'R18772', '0', '20060522', '56', '20150101', '20141016', '072140', '', 'M', '920', 'N', '0', '0', NULL, '1', NULL, '0', 'RR100'),
('EXTAN2PRST', '021620', '362761', '001585700434002', '20081001', '3', 'DELTA TECHNOLOGIE', '1', 'NON', '3', '2', 'E', 'T', '10000.00', 'E', 'Q', 'C', '', 'R18721', '20110912', '20081208', '56', '20140601', '20140623', 'R17990', '', 'M', '922', 'N', '0', '0', NULL, '4', '20141231', '0', 'RR100'),
('EXTAN2PRST', '021620', '362761', '001585700434002', '20081001', '3', 'DELTA TECHNOLOGIE', '3', 'SRN', '3', '2', 'E', 'T', '10000.00', 'E', 'Q', 'C', '', 'R18721', '20150101', '20081208', '56', '20150101', '20141016', 'R17990', '', 'M', '922', 'N', '0', '0', NULL, '4', '20150121', '0', 'RR100'),
('EXTAN2PRST', '021620', '362761', '001585700434002', '20081001', '3', 'DELTA TECHNOLOGIE', '1', 'SRN', '3', '2', 'E', 'T', '10000.00', 'E', 'Q', 'C', '', 'R18721', '20150122', '20081208', '56', '20150122', '20150212', 'R17990', '', 'M', '922', 'N', '0', '0', NULL, '4', '20150522', '0', 'RR100'),
('EXTAN2PRST', '021620', '362761', '001585700434002', '20081001', '3', 'DELTA TECHNOLOGIE', '1', 'SRN', '3', '2', 'E', 'T', '10000.00', 'E', 'Q', 'C', '', 'R18721', '20150523', '20081208', '56', '20150523', '20150423', 'R17990', '', 'M', '922', 'N', '0', '0', NULL, '4', '20150829', '0', 'RR100'),
('EXTAN2PRST', '021620', '362761', '001585700434002', '20081001', '3', 'DELTA TECHNOLOGIE', '3', 'SRN', '3', '2', 'E', 'T', '10000.00', 'E', 'Q', 'C', '', 'R18721', '20150830', '20081208', '56', '20150830', '20150730', 'R17990', '', 'M', '922', 'N', '0', '0', NULL, '4', '20151104', '0', 'RR100'),
('EXTAN2PRST', '021620', '362761', '001585700434002', '20081001', '3', 'DELTA TECHNOLOGIE', '1', 'SRN', '3', '2', 'E', 'T', '10000.00', 'E', 'Q', 'C', '', 'R18721', '20151105', '20081208', '56', '20151105', '20151006', 'R17990', '', 'M', '922', 'N', '0', '0', NULL, '4', NULL, '0', 'RR100'),
('EXTAN2PRST', '068610', '412244', '001585700744002', '20120601', '3', 'CDM OPTIQUE', '1', 'NON', '3', '2', 'E', 'T', '8000.00', 'E', 'Q', 'C', '', 'R18768', '20140529', '20120614', '56', '20140529', '20140515', 'R17990', '', 'M', '924', 'N', '0', '0', NULL, '1', '20141231', '0', 'RR100'),
('EXTAN2PRST', '068610', '412244', '001585700744002', '20120601', '3', 'CDM OPTIQUE', '3', 'SRN', '3', '2', 'E', 'T', '8000.00', 'E', 'Q', 'C', '', 'R18768', '20150101', '20120614', '56', '20150101', '20141016', 'R17990', '', 'M', '924', 'N', '0', '0', NULL, '1', '20150121', '0', 'RR100'),
('EXTAN2PRST', '068610', '412244', '001585700744002', '20120601', '3', 'CDM OPTIQUE', '1', 'SRN', '3', '2', 'E', 'T', '8000.00', 'E', 'Q', 'C', '', 'R18768', '20150122', '20120614', '56', '20150122', '20150306', 'R17990', '', 'M', '924', 'N', '0', '0', NULL, '1', '20150808', '0', 'RR100'),
('EXTAN2PRST', '068610', '412244', '001585700744002', '20120601', '3', 'CDM OPTIQUE', '3', 'SRN', '3', '2', 'E', 'T', '8000.00', 'E', 'Q', 'C', '', 'R18768', '20150809', '20120614', '56', '20150809', '20150709', 'R17990', '', 'M', '924', 'N', '0', '0', NULL, '1', '20150818', '0', 'RR100'),
('EXTAN2PRST', '068610', '412244', '001585700744002', '20120601', '3', 'CDM OPTIQUE', '1', 'SRN', '3', '2', 'E', 'T', '8000.00', 'E', 'Q', 'C', '', 'R18768', '20150819', '20120614', '56', '20150819', '20150901', 'R17990', '', 'M', '924', 'N', '0', '0', NULL, '1', '20151120', '0', 'RR100'),
('EXTAN2PRST', '068610', '412244', '001585700744002', '20120601', '3', 'CDM OPTIQUE', '3', 'SRN', '3', '2', 'E', 'T', '8000.00', 'E', 'Q', 'C', '', 'R18768', '20151121', '20120614', '56', '20151121', '20151020', 'R17990', '', 'M', '924', 'N', '0', '0', NULL, '1', NULL, '0', 'RR100'),
('QM-313  SP', 'D03504', '387786', '001630400293000', '20120801', '3', 'EIRL DEMEE CONSEILS', '1', 'NON', '3', '2', 'A', 'T', '10000.00', 'O', '4', 'K', '', 'D03504', '20140623', '20120918', '53', '20140623', '20140903', 'R14702', '', 'N', '', 'N', '0', '0', NULL, '1', '20140928', '0', 'RR100'),
('QM-313  SP', 'D03504', '387786', '001630400293000', '20120801', '3', 'EIRL DEMEE CONSEILS', '1', 'NON', '3', '2', 'A', 'T', '10000.00', 'O', '4', 'K', '', 'D03504', '20140929', '20120918', '53', '20140929', '20140904', 'R14702', '', 'N', '', 'N', '0', '0', NULL, '1', '20141214', '0', 'RR100'),
('QM-313  SP', 'D03504', '387786', '001630400293000', '20120801', '3', 'EIRL DEMEE CONSEILS', '1', 'NON', '3', '2', 'A', 'T', '10000.00', 'O', '4', 'K', '', 'D03504', '20141215', '20120918', '53', '20141215', '20141124', 'R14702', '', 'N', '', 'N', '0', '0', NULL, '1', '20141231', '0', 'RR100'),
('QM-313  SP', 'D03504', '387786', '001630400293000', '20120801', '3', 'EIRL DEMEE CONSEILS', '1', 'SRN', '3', '2', 'A', 'T', '10000.00', 'O', '4', 'K', '', 'D03504', '20150101', '20120918', '53', '20150101', '20141016', 'R14702', '', 'N', '000', 'N', '0', '0', NULL, '1', '20150409', '0', 'RR100'),
('QM-313  SP', 'D03504', '387786', '001630400293000', '20120801', '3', 'EIRL DEMEE CONSEILS', '1', 'SRN', '3', '2', 'A', 'T', '10000.00', 'O', '4', 'K', '', 'D03504', '20150410', '20120918', '53', '20150410', '20150318', 'R14702', '', 'N', '000', 'N', '0', '0', NULL, '1', '20150611', '0', 'RR100'),
('QM-313  SP', 'D03504', '387786', '001630400293000', '20120801', '3', 'EIRL DEMEE CONSEILS', '1', 'SRN', '3', '2', 'A', 'T', '10000.00', 'O', '4', 'K', '', 'D03504', '20150612', '20120918', '53', '20150612', '20150520', 'R14702', '', 'N', '000', 'N', '0', '0', NULL, '1', '20150831', '0', 'RR100'),
('QM-313  SP', 'D03504', '387786', '001630400293000', '20120801', '3', 'EIRL DEMEE CONSEILS', '1', 'SRN', '3', '2', 'A', 'T', '10000.00', 'P', '4', 'K', '', 'D03504', '20150901', '20120918', '53', '20150901', '20150827', 'R14702', '', 'N', '000', 'N', '0', '0', NULL, '1', '20150924', '0', 'RR100'),
('QM-313  SP', 'D03504', '387786', '001630400293000', '20120801', '3', 'EIRL DEMEE CONSEILS', '3', 'SRN', '3', '2', 'A', 'T', '10000.00', 'P', '4', 'K', '', 'D03504', '20150925', '20120918', '53', '20150925', '20150831', 'R14702', '', 'N', '000', 'N', '0', '0', NULL, '1', NULL, '0', 'RR100'); 


INSERT INTO TARIFS(NOCO,COETACO,DTMAJQUI,MOCALCOT,NATURE_CONTRAT,MOCALCCU,CONATPLA,NOCAT,LICAT,TXCALCU,MTCUNCU,CONATTAU,TXBASE1,TXBASE2,TXBASE3,TXBASE4,CONBCOT,DT_DEBUT_SIT,DT_FIN_SIT,TMP_BATCH,USER_CREATION)
VALUES
('000514800000000', '1', '20110415', '1','1', '1', '1', '010', 'ASSURES', '3700', '0', '1', '0', '0', '0', '0', '0', '20110101', '20141231', '0', 'RR100'),
('000514800000000', '1', '20141027', '1','1', '1', '1', '010', 'ASSURES', '3900', '0', '1', '0', '0', '0', '0', '0', '20150101', NULL, '0', 'RR100'),
('000520200143000', '1', '19941230', '2','2', '0', '0', '010', 'ASSURES', '0', '0', '2', '40000', '40000', '0', '0', '7', '19940101', NULL, '0', 'RR100'),
('000520200143000', '1', '20140716', '2','2', '0', '0', '924', 'ART4', '0', '0', '2', '40000', '40000', '0', '0', '7', '20140701', NULL, '0', 'RR100'),
('000520200173000', '1', '20101109', '2','2', '0', '0', '040', 'CADRES', '0', '0', '2', '35000', '50000', '0', '0', '7', '20100101', NULL, '0', 'RR100'),
('000520200173000', '1', '20140908', '2','2', '0', '0', '925', 'ART4&4B', '0', '0', '2', '35000', '50000', '0', '0', '7', '20140901', NULL, '0', 'RR100'),
('000520201072001', '1', '20020925', '2','2', '0', '0', '102', 'ENS. CADRE', '0', '0', '2', '30000', '30000', '30000', '0', '8', '20020701', NULL, '0', 'RR100'),
('000520201313000', '1', '20040130', '2','2', '0', '0', '102', 'ENS. CADRE', '0', '0', '2', '80000', '80000', '0', '0', '7', '20040101', NULL, '0', 'RR100'),
('000893600220000', '1', '20121219', '2','2', '0', '0', '040', 'CADRES', '0', '0', '1', '45100', '53600', '0', '0', '7', '20130101', '20141231', '0', 'RR100'),
('000893600220000', '1', '20141027', '2','2', '0', '0', '040', 'CADRES', '0', '0', '1', '47800', '56800', '0', '0', '7', '20150101', NULL, '0', 'RR100'),
('000893600491002', '1', '20130506', '2','2', '0', '0', '212', 'PERSONNEL', '0', '0', '1', '33600', '47900', '47900', '0', '8', '20130101', '20141231', '0', 'RR100'),
('000893600491002', '1', '20141027', '2','2', '0', '0', '212', 'ENS PERS', '0', '0', '1', '35600', '50800', '50800', '0', '8', '20150101', NULL, '0', 'RR100'),
('001585700434002', '1', '20130304', '2','2', '0', '0', '040', 'CADRES', '0', '0', '1', '20000', '33000', '0', '0', '7', '20130101', '20141231', '0', 'RR100'),
('001585700434002', '1', '20141027', '2','2', '0', '0', '040', '4&4B& 36', '0', '0', '1', '21200', '35000', '0', '0', '7', '20150101', NULL, '0', 'RR100'),
('001585700744002', '3', '20130304', '2','2', '0', '0', '043', 'ARTICLE4', '0', '0', '1', '23600', '35700', '0', '0', '7', '20130101', '20141231', '0', 'RR100'),
('001585700744002', '3', '20141027', '2','2', '0', '0', '043', 'ART4', '0', '0', '1', '25000', '37800', '0', '0', '7', '20150101', NULL, '0', 'RR100'),
('001630400293000', '3', '20120918', '1','1', '1', '1', '221', 'GERANT', '32000', '0', '1', '0', '0', '0', '0', '0', '20120801', NULL, '0', 'RR100'); 


-- INSERTION tables FLUX 10

INSERT INTO PARAM_ETAT_CONTRAT (COETACO,ACTIF,tmp_batch, user_creation) VALUES('01','O',false, 'TU');
INSERT INTO PARAM_ETAT_CONTRAT (COETACO,ACTIF,tmp_batch, user_creation) VALUES('02','N',false, 'TU');
INSERT INTO PARAM_ETAT_CONTRAT (COETACO,ACTIF,tmp_batch, user_creation) VALUES('03','O',false, 'TU');

INSERT INTO PARAM_FAMILLE_MODE_CALCUL_CONTRAT (NOFAM,MOCALCOT,CTL_TYPE_BASE_ASSUJ, tmp_batch, USER_CREATION) VALUES ('53',1,'BRB', false, 'TU');
INSERT INTO PARAM_FAMILLE_MODE_CALCUL_CONTRAT (NOFAM,MOCALCOT,CTL_TYPE_BASE_ASSUJ, tmp_batch, USER_CREATION) VALUES ('54',1,'BRB', false, 'TU');
INSERT INTO PARAM_FAMILLE_MODE_CALCUL_CONTRAT (NOFAM,MOCALCOT,CTL_TYPE_BASE_ASSUJ, tmp_batch, USER_CREATION) VALUES ('56',1,'BRB', false, 'TU');
INSERT INTO PARAM_FAMILLE_MODE_CALCUL_CONTRAT (NOFAM,MOCALCOT,CTL_TYPE_BASE_ASSUJ, tmp_batch, USER_CREATION) VALUES ('59',1,'RED', false, 'TU');
INSERT INTO PARAM_FAMILLE_MODE_CALCUL_CONTRAT (NOFAM,MOCALCOT,CTL_TYPE_BASE_ASSUJ, tmp_batch, USER_CREATION) VALUES ('60',1,'RED', false, 'TU');
INSERT INTO PARAM_FAMILLE_MODE_CALCUL_CONTRAT (NOFAM,MOCALCOT,CTL_TYPE_BASE_ASSUJ, tmp_batch, USER_CREATION) VALUES ('61',1,'RED', false, 'TU');
INSERT INTO PARAM_FAMILLE_MODE_CALCUL_CONTRAT (NOFAM,MOCALCOT,CTL_TYPE_BASE_ASSUJ, tmp_batch, USER_CREATION) VALUES ('53',2,'BRB', false, 'TU');
INSERT INTO PARAM_FAMILLE_MODE_CALCUL_CONTRAT (NOFAM,MOCALCOT,CTL_TYPE_BASE_ASSUJ, tmp_batch, USER_CREATION) VALUES ('54',2,'BRB', false, 'TU');
INSERT INTO PARAM_FAMILLE_MODE_CALCUL_CONTRAT (NOFAM,MOCALCOT,CTL_TYPE_BASE_ASSUJ, tmp_batch, USER_CREATION) VALUES ('56',2,'BRB', false, 'TU');
INSERT INTO PARAM_FAMILLE_MODE_CALCUL_CONTRAT (NOFAM,MOCALCOT,CTL_TYPE_BASE_ASSUJ, tmp_batch, USER_CREATION) VALUES ('59',2,'RED', false, 'TU');
INSERT INTO PARAM_FAMILLE_MODE_CALCUL_CONTRAT (NOFAM,MOCALCOT,CTL_TYPE_BASE_ASSUJ, tmp_batch, USER_CREATION) VALUES ('60',2,'RED', false, 'TU');
INSERT INTO PARAM_FAMILLE_MODE_CALCUL_CONTRAT (NOFAM,MOCALCOT,CTL_TYPE_BASE_ASSUJ, tmp_batch, USER_CREATION) VALUES ('61',2,'RED', false, 'TU');

INSERT INTO PARAM_CONTACT (CODE_MAJ,CONTACT,DEBUT,FIN,TYPE_ENREG,ENTREPRISE,ETABLISSEMENT,ROLE_GEST,ROLE_TECH,NOM_CONTACT,TELEPHONE,COMPL_TEL,FAX,EMAIL,TMP_BATCH,USER_CREATION)  VALUES ('R' ,'DSN', '20150101',null, 'G', '','','','','Service Client', '0 811 744 444', '', '', 'dsn@quatrem.fr', false,'TU');
INSERT INTO PARAM_CONTACT (CODE_MAJ,CONTACT,DEBUT,FIN,TYPE_ENREG,ENTREPRISE,ETABLISSEMENT,ROLE_GEST,ROLE_TECH,NOM_CONTACT,TELEPHONE,COMPL_TEL,FAX,EMAIL,TMP_BATCH,USER_CREATION)  VALUES ('R' ,'JPO', '20150101', null, 'G', '','','','','Service Client', '0 811 744 445', '', '', 'dsn@quatrem.fr', false,'TU');
INSERT INTO PARAM_CONTACT (CODE_MAJ,CONTACT,DEBUT,FIN,TYPE_ENREG,ENTREPRISE,ETABLISSEMENT,ROLE_GEST,ROLE_TECH,NOM_CONTACT,TELEPHONE,COMPL_TEL,FAX,EMAIL,TMP_BATCH,USER_CREATION)  VALUES ('R' ,'FDJ', '20150101',null, 'G', '','','','','Service Client', '0 811 744 446', '', '', 'dsn@quatrem.fr', false,'TU');
INSERT INTO PARAM_CONTACT (CODE_MAJ,CONTACT,DEBUT,FIN,TYPE_ENREG,ENTREPRISE,ETABLISSEMENT,ROLE_GEST,ROLE_TECH,NOM_CONTACT,TELEPHONE,COMPL_TEL,FAX,EMAIL,TMP_BATCH,USER_CREATION)  VALUES ('R' ,'ANO', '20150101',null, 'G', '','','','','Service Client', '0 811 744 447', '', '', 'dsn@quatrem.fr', false,'TU');
INSERT INTO PARAM_CONTACT (CODE_MAJ,CONTACT,DEBUT,FIN,TYPE_ENREG,ENTREPRISE,ETABLISSEMENT,ROLE_GEST,ROLE_TECH,NOM_CONTACT,TELEPHONE,COMPL_TEL,FAX,EMAIL,TMP_BATCH,USER_CREATION)  VALUES ('R' ,'ACO', '20150101', null, 'G', '','','','','Service Client', '0 811 744 448', '', '', 'dsn@quatrem.fr', false,'TU');

INSERT INTO PARAM_NATURE_BASE (CONBCOT,TXCALCU_REMPLI,NUM_TRANCHE,LIB_TRANCHE,TAUX_UTILISE,MT_UTILISE,CPLT_DESIGN,USER_CREATION) VALUES('0','O','0','','TXCALCU','','forfait en % PMSS','TU');
INSERT INTO PARAM_NATURE_BASE (CONBCOT,TXCALCU_REMPLI,NUM_TRANCHE,LIB_TRANCHE,TAUX_UTILISE,MT_UTILISE,CPLT_DESIGN,USER_CREATION) VALUES('0','N','0','','','MTCUNCU','forfait mensuel','TU');
INSERT INTO PARAM_NATURE_BASE (CONBCOT,TXCALCU_REMPLI,NUM_TRANCHE,LIB_TRANCHE,TAUX_UTILISE,MT_UTILISE,CPLT_DESIGN,USER_CREATION) VALUES('1','N','1','TA','TXBASE1','','','TU');
INSERT INTO PARAM_NATURE_BASE (CONBCOT,TXCALCU_REMPLI,NUM_TRANCHE,LIB_TRANCHE,TAUX_UTILISE,MT_UTILISE,CPLT_DESIGN,USER_CREATION) VALUES('2','N','2','TB','TXBASE2','','','TU');

INSERT INTO PARAM_NATURE_BASE_COMPOSANTS (CONBCOT,TXCALCU_REMPLI,NUM_TRANCHE,NUM_TCBA,MODE_CONSO,USER_CREATION) VALUES('0','O','0','18','S','TU');
INSERT INTO PARAM_NATURE_BASE_COMPOSANTS (CONBCOT,TXCALCU_REMPLI,NUM_TRANCHE,NUM_TCBA,MODE_CONSO,USER_CREATION) VALUES('0','N','0','20','S','TU');
INSERT INTO PARAM_NATURE_BASE_COMPOSANTS (CONBCOT,TXCALCU_REMPLI,NUM_TRANCHE,NUM_TCBA,MODE_CONSO,USER_CREATION) VALUES('1','N','1','11','S','TU');
INSERT INTO PARAM_NATURE_BASE_COMPOSANTS (CONBCOT,TXCALCU_REMPLI,NUM_TRANCHE,NUM_TCBA,MODE_CONSO,USER_CREATION) VALUES('2','N','2','13','S','TU');

INSERT INTO PARAM_FAMILLE_CONTRAT VALUES 
(53,'Prev','','EGER','ASSU_TU','TOUS','OUI',0,'RR000',NULL,NULL,NULL),
(54,'Prévoyance','','GERD','ASSU_TU','TOUS','OUI',0,'RR000',NULL,NULL,NULL),
(56,'Prévoyance','','WQUI','ASSU_TU','TOUS','OUI',0,'RR000',NULL,NULL,NULL),
(59,'Retraite','','GERD','ASSU_TU','INDIV','OUI',0,'RR000',NULL,NULL,NULL),
(60,'Retraite ART. 39','','GERD','ASSU_TU','INDIV','OUI',0,'RR000',NULL,NULL,NULL),
(61,'Retraite ART. 82','','GERD','ASSU_TU','INDIV','OUI',0,'RR000',NULL,NULL,NULL);
